id_transaccion,fecha_hora,comercio,categoria_comercio,ciudad_comercio,terminal,cliente,correo_cliente,tarjeta_ultimos4,marca_tarjeta,monto,moneda,estatus,metodo_captura,contracargo
TRX0000001,2026-03-19 11:30:13,Boutique  Iris,ropa,Ciudad de Mexico,TPV01-CIU,Lucia Gonzalez,lucia.gonzalez36@correo.mx,8401,AMEX,3358.53,MXN,RECHAZADA,MANUAL,N
TRX0000002,2026-01-26 13:09:01,GASOLINERA KM 12,combustible,Puebla,TPV03-PUE,Luis Ramirez,luis.ramirez58@correo.mx,8936,MASTERCARD,1052.23,MXN,APROBADA,BANDA,N
TRX0000003,2026-02-26 16:21:20,Super Norteno,supermercado,Monterrey,TPV01-MON,Jorge Gonzalez,jorge.gonzalez138@correo.mx,4950,AMEX,678.66,MXN,APROBADA,CHIP,N
TRX0000004,2026-06-03 09:22:53,SUPER NORTENO,supermercado,Monterrey,TPV01-MON,Sofia Nunez,sofia.nunez56@correo.mx,5954,AMEX,484.61,MXN,APROBADA,MANUAL,N
TRX0000005,2026-05-17 06:02:45,Farmacia del Sol,FARM,Ciudad de Mexico,TPV01-CIU,Teresa Salazar,teresa.salazar118@correo.mx,4699,VISA,325.49,MXN,APROBADA,CHIP,N
TRX0000006,2026-04-08 09:25:45,Boutique  Iris,ropa,Ciudad de Mexico,TPV01-CIU,Carmen Rivas,carmen.rivas139@correo.mx,4822,AMEX,5940.01,MXN,APROBADA,CHIP,N
TRX0000007,2026-05-26 06:28:23,Super Nortenio,Supermercado,Monterrey,TPV04-MON,Ivan Trejo,ivan.trejo180@correo.mx,8045,MASTERCARD,2729.5,MXN,APROBADA,BANDA,N
TRX0000008,2026-03-04 21:40:11,Farmacia del Sol ,FARM,Ciudad de Mexico,TPV04-CIU,Patricia Nunez,patricia.nunez52@correo.mx,8415,VISA,323.88,MXN,APROBADA,MANUAL,N
TRX0000009,2026-06-19 19:40:10,Boutique Iris,VESTIMENTA,Ciudad de Mexico,TPV01-CIU,Rocio Herrera,rocio.herrera165@correo.mx,6020,VISA,5121.94,MXN,APROBADA,CHIP,N
TRX0000010,2026-02-08 10:43:35,Boutique  Iris,VESTIMENTA,Ciudad de Mexico,TPV02-CIU,Patricia Gonzalez,patricia.gonzalez127@correo.mx,4793,VISA,3553.02,MXN,APROBADA,QR,N
TRX0000011,2026-03-31 07:42:09,BOUTIQUE IRIS,VESTIMENTA,Ciudad de Mexico,TPV03-CIU,Miguel Nunez,miguel.nunez174@correo.mx,2390,MASTERCARD,4860.72,MXN,RECHAZADA,CONTACTLESS,N
TRX0000012,2026-06-28 07:35:25,Viajes Altamar,viajes,Cancun,TPV01-CAN,Ana Cortes,ana.cortes53@correo.mx,3646,VISA,35613.27,MXN,RECHAZADA,CHIP,N
TRX0000013,2026-01-18 10:34:43,GASOLINERA KM 12,Combustible,Puebla,TPV03-PUE,Elena Rivas,elena.rivas20@correo.mx,9752,AMEX,671.51,MXN,APROBADA,CHIP,N
TRX0000014,2026-02-12 19:56:28,SUPER NORTENO,supermercado,Monterrey,TPV02-MON,Luis Salazar,luis.salazar77@correo.mx,1058,AMEX,1148.39,MXN,REVERSADA,CHIP,N
TRX0000015,2026-04-20 14:34:28,SUPER NORTENO,Supermercado,Monterrey,TPV04-MON,Lucia Vargas,lucia.vargas7@correo.mx,3320,MASTERCARD,2674.18,MXN,APROBADA,MANUAL,N
TRX0000016,2026-06-08 20:11:10,Farmacia del Sol ,FARM,Ciudad de Mexico,TPV04-CIU,Teresa Mendoza,teresa.mendoza55@correo.mx,6130,MASTERCARD,251.52,MXN,APROBADA,MANUAL,N
TRX0000017,2026-04-15 07:18:29,Viajes Altamar,Viajes,Cancun,TPV02-CAN,Sofia Rivas,sofia.rivas81@correo.mx,4001,VISA,26416.04,MXN,APROBADA,BANDA,N
TRX0000018,2026-05-24 12:55:56,CAFE AURORA,Restaurante,Guadalajara,TPV03-GUA,Hector Trejo,hector.trejo101@correo.mx,6533,MASTERCARD,410.63,MXN,APROBADA,BANDA,N
TRX0000019,2026-06-25 11:13:07,FARMACIA DEL SOL,Farmacia,Ciudad de Mexico,TPV02-CIU,Hector Delgado,hector.delgado137@correo.mx,3321,AMEX,702.17,MXN,REVERSADA,CONTACTLESS,N
TRX0000020,2026-04-15 16:20:29,Farmacia del Sol ,FARM,Ciudad de Mexico,TPV01-CIU,Elena Ramirez,elena.ramirez8@correo.mx,3648,MASTERCARD,190.46,MXN,APROBADA,CHIP,N
TRX0000021,2026-03-16 16:32:14,Cafe Aurora,Restaurante,Guadalajara,TPV01-GUA,Lucia Zamora,lucia.zamora108@correo.mx,3262,MASTERCARD,431.16,MXN,APROBADA,QR,N
TRX0000022,2026-01-04 17:38:34,CAFE AURORA,Restaurante,Guadalajara,TPV04-GUA,Lucia Trejo,lucia.trejo32@correo.mx,8092,VISA,386.25,MXN,APROBADA,MANUAL,N
TRX0000023,2026-05-13 19:13:11,SUPER NORTENO,supermercado,Monterrey,TPV04-MON,Raul Cortes,raul.cortes116@correo.mx,1792,MASTERCARD,1755.14,MXN,APROBADA,CHIP,N
TRX0000024,2026-02-28 21:12:02,Farmacia del Sol,Farmacia,Ciudad de Mexico,TPV02-CIU,Fernando Mendoza,fernando.mendoza57@correo.mx,8388,AMEX,776.82,MXN,APROBADA,CHIP,N
TRX0000025,2026-01-07 09:20:49,ELECTRO MAYA,electronica,Merida,TPV04-MER,Fernando Herrera,fernando.herrera177@correo.mx,7418,VISA,8328.27,MXN,REVERSADA,CONTACTLESS,N
TRX0000026,2026-02-12 11:55:36,Farmacia del Sol ,Farmacia,Ciudad de Mexico,TPV04-CIU,Sofia Delgado,sofia.delgado119@correo.mx,1778,AMEX,170.62,MXN,APROBADA,QR,N
TRX0000027,2026-06-19 15:17:27,GASOLINERA KM 12,Combustible,Puebla,TPV04-PUE,Elena Vargas,elena.vargas148@correo.mx,9840,AMEX,606.22,MXN,APROBADA,CONTACTLESS,N
TRX0000028,2026-05-24 18:41:31,SUPER NORTENO,supermercado,Monterrey,TPV02-MON,Raul Delgado,raul.delgado105@correo.mx,8772,MASTERCARD,1974.7,MXN,RECHAZADA,CONTACTLESS,N
TRX0000029,2026-04-16 18:57:45,VIAJES ALTAMAR,viajes,Cancun,TPV03-CAN,Jorge Vargas,jorge.vargas86@correo.mx,5040,MASTERCARD,7311.56,MXN,RECHAZADA,CONTACTLESS,N
TRX0000030,2026-06-08 10:43:22,Super Nortenio,Supermercado,Monterrey,TPV02-MON,Miguel Trejo,miguel.trejo115@correo.mx,2634,VISA,1007.24,MXN,REVERSADA,QR,N
TRX0000031,2026-02-13 14:43:36,FARMACIA DEL SOL,FARM,Ciudad de Mexico,TPV01-CIU,Raul Delgado,raul.delgado105@correo.mx,6357,VISA,253.91,MXN,APROBADA,BANDA,N
TRX0000032,2026-04-09 17:24:34,Farmacia del Sol,FARM,Ciudad de Mexico,TPV01-CIU,Sofia Trejo,sofia.trejo80@correo.mx,8498,MASTERCARD,638.82,MXN,APROBADA,CHIP,N
TRX0000033,2026-06-24 06:18:37,BOUTIQUE IRIS,VESTIMENTA,Ciudad de Mexico,TPV03-CIU,Lucia Delgado,lucia.delgado120@correo.mx,1162,AMEX,1705.8,MXN,APROBADA,QR,N
TRX0000034,2026-05-06 13:36:34,Super Nortenio,SUPER,Monterrey,TPV02-MON,Hector Nunez,hector.nunez38@correo.mx,3109,AMEX,1127.84,MXN,APROBADA,QR,S
TRX0000035,2026-02-07 10:45:13,CAFE AURORA,restaurante,Guadalajara,TPV01-GUA,Lucia Ramirez,lucia.ramirez43@correo.mx,2509,VISA,472.34,MXN,APROBADA,CONTACTLESS,N
TRX0000036,2026-03-09 21:00:18,Boutique  Iris,Ropa,Ciudad de Mexico,TPV03-CIU,Patricia Vargas,patricia.vargas26@correo.mx,4933,VISA,1552.82,MXN,RECHAZADA,QR,N
TRX0000037,2026-04-30 08:28:55,Super Nortenio,Supermercado,Monterrey,TPV01-MON,Fernando Vargas,fernando.vargas65@correo.mx,7747,MASTERCARD,744.32,MXN,APROBADA,CHIP,N
TRX0000038,2026-01-16 07:38:15,Super Nortenio,supermercado,Monterrey,TPV02-MON,Jorge Mendoza,jorge.mendoza47@correo.mx,7512,AMEX,2558.1,MXN,APROBADA,BANDA,N
TRX0000039,2026-03-29 18:58:31,GASOLINERA KM 12,combustible,Puebla,TPV01-PUE,Fernando Herrera,fernando.herrera168@correo.mx,8810,VISA,587.47,MXN,APROBADA,CONTACTLESS,N
TRX0000040,2026-03-31 10:23:45,Cafe Aurora,Restaurante,Guadalajara,TPV01-GUA,Raul Nunez,raul.nunez70@correo.mx,5287,AMEX,426.8,MXN,APROBADA,BANDA,N
TRX0000041,2026-06-28 12:54:46,Super Nortenio,SUPER,Monterrey,TPV04-MON,Patricia Herrera,patricia.herrera3@correo.mx,4061,VISA,1495.78,MXN,APROBADA,QR,N
TRX0000042,2026-01-16 08:25:26,CAFE AURORA,Restaurante,Guadalajara,TPV01-GUA,Ivan Delgado,ivan.delgado59@correo.mx,3851,AMEX,90.89,MXN,APROBADA,CONTACTLESS,N
TRX0000043,2026-05-16 11:49:21,Super Norteno,Supermercado,Monterrey,TPV03-MON,Hector Delgado,hector.delgado137@correo.mx,3321,AMEX,1130.33,MXN,APROBADA,QR,N
TRX0000044,2026-01-26 10:02:52,FARMACIA DEL SOL,Farmacia,Ciudad de Mexico,TPV01-CIU,Luis Gonzalez,luis.gonzalez18@correo.mx,5494,VISA,156.55,MXN,APROBADA,CONTACTLESS,N
TRX0000045,2026-01-25 10:23:11,Super Nortenio,SUPER,Monterrey,TPV04-MON,Ana Nunez,ana.nunez17@correo.mx,9063,VISA,2023.61,MXN,APROBADA,BANDA,N
TRX0000046,2026-01-15 06:55:13,CAFE AURORA,restaurante,Guadalajara,TPV02-GUA,Ivan Trejo,ivan.trejo180@correo.mx,8045,MASTERCARD,354.29,MXN,APROBADA,MANUAL,N
TRX0000047,2026-04-21 17:17:45,ELECTRO MAYA,electronica,Merida,TPV04-MER,Elena Gonzalez,elena.gonzalez143@correo.mx,1660,MASTERCARD,9955.64,MXN,APROBADA,QR,N
TRX0000048,2026-05-12 13:51:12,CAFE AURORA,Restaurante,Guadalajara,TPV04-GUA,Teresa Rivas,teresa.rivas6@correo.mx,1505,MASTERCARD,277.2,MXN,APROBADA,MANUAL,N
TRX0000049,2026-05-16 14:42:43,Cafe Aurora,restaurante,Guadalajara,TPV04-GUA,Elena Delgado,elena.delgado149@correo.mx,9248,MASTERCARD,126.4,MXN,APROBADA,CONTACTLESS,N
TRX0000050,2026-05-08 07:45:08,BOUTIQUE IRIS,VESTIMENTA,Ciudad de Mexico,TPV02-CIU,Luis Herrera,luis.herrera5@correo.mx,3036,MASTERCARD,1183.65,MXN,APROBADA,QR,N
TRX0000051,2026-06-06 18:25:30,Super Nortenio,SUPER,Monterrey,TPV03-MON,Hector Nunez,hector.nunez38@correo.mx,3109,AMEX,3015.9,MXN,APROBADA,CHIP,N
TRX0000052,2026-03-21 18:26:35,Super Nortenio,Supermercado,Monterrey,TPV04-MON,Ana Mendoza,ana.mendoza27@correo.mx,5764,VISA,3415.12,MXN,APROBADA,MANUAL,N
TRX0000053,2026-03-07 06:14:36,Cafe Aurora,restaurante,Guadalajara,TPV02-GUA,Teresa Rivas,teresa.rivas6@correo.mx,1505,MASTERCARD,471.4,MXN,APROBADA,QR,N
TRX0000054,2026-06-07 21:58:36,Farmacia del Sol,farmacia,Ciudad de Mexico,TPV04-CIU,Patricia Nunez,patricia.nunez52@correo.mx,8415,VISA,748.59,MXN,APROBADA,BANDA,N
TRX0000055,2026-03-11 15:31:50,FARMACIA DEL SOL,FARM,Ciudad de Mexico,TPV02-CIU,Patricia Cortes,patricia.cortes160@correo.mx,9021,MASTERCARD,888.72,MXN,APROBADA,MANUAL,N
TRX0000056,2026-05-23 13:43:15,FARMACIA DEL SOL,farmacia,Ciudad de Mexico,TPV02-CIU,Sofia Trejo,sofia.trejo80@correo.mx,8498,MASTERCARD,175.58,MXN,APROBADA,MANUAL,N
TRX0000057,2026-01-06 11:43:41,FARMACIA DEL SOL,FARM,Ciudad de Mexico,TPV01-CIU,Jorge Herrera,jorge.herrera112@correo.mx,5612,MASTERCARD,424.04,MXN,APROBADA,CHIP,N
TRX0000058,2026-04-11 08:00:35,SUPER NORTENO,supermercado,Monterrey,TPV02-MON,Raul Delgado,raul.delgado169@correo.mx,7678,VISA,435.06,MXN,APROBADA,CHIP,N
TRX0000059,2026-01-15 16:08:52,Farmacia del Sol ,farmacia,Ciudad de Mexico,TPV04-CIU,Ivan Ramirez,ivan.ramirez45@correo.mx,8146,AMEX,437.72,MXN,APROBADA,BANDA,N
TRX0000060,2026-02-05 21:39:52,Farmacia del Sol ,FARM,Ciudad de Mexico,TPV04-CIU,Rocio Rivas,rocio.rivas87@correo.mx,7400,AMEX,684.85,MXN,APROBADA,CHIP,N
TRX0000061,2026-03-21 14:41:35,FARMACIA DEL SOL,FARM,Ciudad de Mexico,TPV01-CIU,Teresa Rivas,teresa.rivas25@correo.mx,6114,AMEX,465.29,MXN,APROBADA,CHIP,N
TRX0000062,2026-02-03 12:52:42,SUPER NORTENO,Supermercado,Monterrey,TPV02-MON,Patricia Vargas,patricia.vargas26@correo.mx,4933,VISA,1843.19,MXN,APROBADA,QR,N
TRX0000063,2026-02-28 16:54:26,Super Norteno,SUPER,Monterrey,TPV04-MON,Lucia Trejo,lucia.trejo92@correo.mx,3905,MASTERCARD,1346.43,MXN,RECHAZADA,QR,N
TRX0000064,2026-04-02 11:34:00,Super Norteno,supermercado,Monterrey,TPV01-MON,Patricia Cortes,patricia.cortes160@correo.mx,4485,VISA,1964.72,MXN,APROBADA,CHIP,S
TRX0000065,2026-05-07 08:12:57,Farmacia del Sol,FARM,Ciudad de Mexico,TPV04-CIU,Rocio Herrera,rocio.herrera165@correo.mx,6020,VISA,813.06,MXN,APROBADA,MANUAL,N
TRX0000066,2026-01-12 11:47:22,Farmacia del Sol,farmacia,Ciudad de Mexico,TPV02-CIU,Hector Trejo,hector.trejo101@correo.mx,6533,MASTERCARD,453.39,MXN,APROBADA,MANUAL,N
TRX0000067,2026-01-12 15:31:45,BOUTIQUE IRIS,VESTIMENTA,Ciudad de Mexico,TPV03-CIU,Rocio Rivas,rocio.rivas87@correo.mx,7957,VISA,3026.34,MXN,APROBADA,BANDA,N
TRX0000068,2026-04-03 17:22:31,Gasolinera Km 12,Combustible,Puebla,TPV03-PUE,Lucia Delgado,lucia.delgado120@correo.mx,1162,AMEX,624.75,MXN,APROBADA,CONTACTLESS,N
TRX0000069,2026-01-22 20:53:01,BOUTIQUE IRIS,ropa,Ciudad de Mexico,TPV02-CIU,Ana Delgado,ana.delgado171@correo.mx,1786,AMEX,3279.3,MXN,APROBADA,CHIP,N
TRX0000070,2026-01-02 11:00:10,Farmacia del Sol,Farmacia,Ciudad de Mexico,TPV03-CIU,Jorge Rivas,jorge.rivas147@correo.mx,5919,MASTERCARD,868.81,MXN,APROBADA,QR,N
TRX0000071,2026-02-04 13:24:35,Viajes Altamar,viajes,Cancun,TPV01-CAN,Lucia Trejo,lucia.trejo32@correo.mx,8092,VISA,31034.21,MXN,REVERSADA,QR,N
TRX0000072,2026-04-26 07:51:31,CAFE AURORA,restaurante,Guadalajara,TPV02-GUA,Miguel Nunez,miguel.nunez174@correo.mx,2390,MASTERCARD,479.67,MXN,REVERSADA,CHIP,N
TRX0000073,2026-05-26 06:22:18,Cafe Aurora,Restaurante,Guadalajara,TPV01-GUA,Raul Zamora,raul.zamora124@correo.mx,6787,AMEX,402.73,MXN,APROBADA,CHIP,N
TRX0000074,2026-03-11 12:12:08,Boutique  Iris,VESTIMENTA,Ciudad de Mexico,TPV03-CIU,Lucia Gonzalez,lucia.gonzalez96@correo.mx,7074,VISA,1771.16,MXN,APROBADA,CHIP,N
TRX0000075,2026-03-08 14:34:43,Farmacia del Sol,Farmacia,Ciudad de Mexico,TPV01-CIU,Jorge Vargas,jorge.vargas40@correo.mx,7531,MASTERCARD,154.81,MXN,APROBADA,BANDA,N
TRX0000076,2026-04-19 13:12:12,Super Nortenio,SUPER,Monterrey,TPV03-MON,Sofia Nunez,sofia.nunez134@correo.mx,8835,VISA,2662.78,MXN,APROBADA,CONTACTLESS,N
TRX0000077,2026-05-25 09:51:14,Super Norteno,supermercado,Monterrey,TPV03-MON,Hector Mendoza,hector.mendoza10@correo.mx,6846,VISA,228.71,MXN,APROBADA,CONTACTLESS,N
TRX0000078,2026-03-16 06:13:03,Cafe Aurora,restaurante,Guadalajara,TPV02-GUA,Fernando Ramirez,fernando.ramirez126@correo.mx,7487,AMEX,322.05,MXN,APROBADA,CONTACTLESS,N
TRX0000079,2026-06-05 17:17:36,CAFE AURORA,restaurante,Guadalajara,TPV02-GUA,Fernando Mendoza,fernando.mendoza109@correo.mx,1447,AMEX,328.74,MXN,REVERSADA,CHIP,N
TRX0000080,2026-05-29 07:42:27,SUPER NORTENO,Supermercado,Monterrey,TPV02-MON,Elena Ramirez,elena.ramirez61@correo.mx,8246,AMEX,1921.03,MXN,APROBADA,BANDA,N
TRX0000081,2026-01-09 13:53:50,Boutique  Iris,VESTIMENTA,Ciudad de Mexico,TPV02-CIU,Elena Ramirez,elena.ramirez175@correo.mx,9442,MASTERCARD,2144.2,MXN,APROBADA,BANDA,N
TRX0000082,2026-03-06 18:24:01,Super Nortenio,Supermercado,Monterrey,TPV01-MON,Raul Gonzalez,raul.gonzalez74@correo.mx,9447,VISA,2689.54,MXN,APROBADA,BANDA,N
TRX0000083,2026-04-08 10:50:37,Cafe Aurora,Restaurante,Guadalajara,TPV03-GUA,Fernando Nunez,fernando.nunez145@correo.mx,5858,AMEX,405.85,MXN,APROBADA,QR,N
TRX0000084,2026-06-22 11:56:50,SUPER NORTENO,SUPER,Monterrey,TPV02-MON,Fernando Rivas,fernando.rivas133@correo.mx,6714,MASTERCARD,2722.35,MXN,APROBADA,BANDA,N
TRX0000085,2026-01-17 21:11:52,GASOLINERA KM 12,combustible,Puebla,TPV03-PUE,Sofia Rivas,sofia.rivas81@correo.mx,4001,VISA,926.33,MXN,APROBADA,QR,N
TRX0000086,2026-04-04 13:55:02,SUPER NORTENO,SUPER,Monterrey,TPV02-MON,Ana Zamora,ana.zamora72@correo.mx,8476,VISA,2262.29,MXN,APROBADA,QR,N
TRX0000087,2026-02-28 11:21:24,SUPER NORTENO,supermercado,Monterrey,TPV04-MON,Jorge Rivas,jorge.rivas78@correo.mx,8391,AMEX,986.99,MXN,APROBADA,MANUAL,N
TRX0000088,2026-01-25 17:39:55,Cafe Aurora,restaurante,Guadalajara,TPV02-GUA,Elena Ramirez,elena.ramirez8@correo.mx,3648,MASTERCARD,356.16,MXN,APROBADA,BANDA,N
TRX0000089,2026-04-05 15:36:05,Boutique Iris,ropa,Ciudad de Mexico,TPV04-CIU,Teresa Salazar,teresa.salazar118@correo.mx,4699,VISA,3204.95,MXN,APROBADA,BANDA,N
TRX0000090,2026-04-04 11:39:19,Cafe Aurora,Restaurante,Guadalajara,TPV03-GUA,Raul Vargas,raul.vargas135@correo.mx,8290,AMEX,474.16,MXN,APROBADA,CONTACTLESS,N
TRX0000091,2026-01-31 06:21:59,CAFE AURORA,Restaurante,Guadalajara,TPV04-GUA,Fernando Mendoza,fernando.mendoza109@correo.mx,1447,AMEX,170.58,MXN,APROBADA,BANDA,N
TRX0000092,2026-06-16 08:01:02,Farmacia del Sol ,farmacia,Ciudad de Mexico,TPV04-CIU,Carmen Mendoza,carmen.mendoza95@correo.mx,6566,AMEX,632.29,MXN,APROBADA,MANUAL,N
TRX0000093,2026-01-07 09:34:18,SUPER NORTENO,Supermercado,Monterrey,TPV02-MON,Ivan Trejo,ivan.trejo180@correo.mx,8045,MASTERCARD,2064.28,MXN,APROBADA,BANDA,N
TRX0000094,2026-04-09 17:56:40,GASOLINERA KM 12,Combustible,Puebla,TPV02-PUE,Carmen Rivas,carmen.rivas139@correo.mx,4822,AMEX,1096.76,MXN,APROBADA,CHIP,N
TRX0000095,2026-04-20 10:35:03,Super Norteno,SUPER,Monterrey,TPV02-MON,Carmen Mendoza,carmen.mendoza95@correo.mx,6566,AMEX,2478.08,MXN,APROBADA,BANDA,N
TRX0000096,2026-01-31 20:10:00,Super Norteno,Supermercado,Monterrey,TPV02-MON,Fernando Herrera,fernando.herrera168@correo.mx,8810,VISA,2195.45,MXN,APROBADA,QR,S
TRX0000097,2026-01-27 06:47:37,Gasolinera Km 12,combustible,Puebla,TPV01-PUE,Miguel Nunez,miguel.nunez174@correo.mx,2390,MASTERCARD,1229.5,MXN,APROBADA,CHIP,N
TRX0000098,2026-03-09 10:26:40,Gasolinera Km 12,Combustible,Puebla,TPV03-PUE,Raul Nunez,raul.nunez70@correo.mx,2085,VISA,1112.91,MXN,APROBADA,CONTACTLESS,N
TRX0000099,2026-06-16 20:14:49,Farmacia del Sol ,FARM,Ciudad de Mexico,TPV04-CIU,Patricia Delgado,patricia.delgado67@correo.mx,9262,AMEX,153.33,MXN,APROBADA,MANUAL,N
TRX0000100,2026-02-22 06:12:10,Super Norteno,Supermercado,Monterrey,TPV02-MON,Ana Ramirez,ana.ramirez100@correo.mx,7540,MASTERCARD,974.25,MXN,APROBADA,QR,N
TRX0000101,2026-04-21 11:06:51,Gasolinera Km 12,Combustible,Puebla,TPV04-PUE,Patricia Gonzalez,patricia.gonzalez127@correo.mx,8628,VISA,1537.86,MXN,APROBADA,CHIP,N
TRX0000102,2026-04-28 17:41:35,Electro Maya,Electronica,Merida,TPV01-MER,Ana Zamora,ana.zamora72@correo.mx,8476,VISA,1877.74,MXN,REVERSADA,CONTACTLESS,N
TRX0000103,2026-05-31 06:10:58,Super Norteno,supermercado,Monterrey,TPV01-MON,Patricia Mendoza,patricia.mendoza140@correo.mx,5378,VISA,1776.2,MXN,APROBADA,CONTACTLESS,N
TRX0000104,2026-05-07 16:40:06,FARMACIA DEL SOL,farmacia,Ciudad de Mexico,TPV04-CIU,Raul Vargas,raul.vargas37@correo.mx,5573,AMEX,540.46,MXN,APROBADA,CHIP,N
TRX0000105,2026-05-20 06:16:22,BOUTIQUE IRIS,VESTIMENTA,Ciudad de Mexico,TPV03-CIU,Elena Trejo,elena.trejo73@correo.mx,9973,AMEX,3836.42,MXN,APROBADA,QR,N
TRX0000106,2026-04-08 11:25:01,SUPER NORTENO,supermercado,Monterrey,TPV02-MON,Raul Vargas,raul.vargas106@correo.mx,1214,AMEX,774.32,MXN,APROBADA,BANDA,N
TRX0000107,2026-05-10 17:39:12,Cafe Aurora,Restaurante,Guadalajara,TPV04-GUA,Luis Trejo,luis.trejo1@correo.mx,7154,MASTERCARD,122.07,MXN,APROBADA,CHIP,N
TRX0000108,2026-03-22 15:39:41,GASOLINERA KM 12,Combustible,Puebla,TPV03-PUE,Sofia Rivas,sofia.rivas81@correo.mx,4001,VISA,1433.43,MXN,APROBADA,CONTACTLESS,N
TRX0000109,2026-03-30 11:59:27,SUPER NORTENO,supermercado,Monterrey,TPV04-MON,Jorge Rivas,jorge.rivas147@correo.mx,5919,MASTERCARD,295.84,MXN,APROBADA,CHIP,N
TRX0000110,2026-01-31 08:32:46,Gasolinera Km 12,Combustible,Puebla,TPV03-PUE,Hector Mendoza,hector.mendoza71@correo.mx,6093,VISA,1179.64,MXN,APROBADA,CONTACTLESS,N
TRX0000111,2026-01-07 18:43:07,Farmacia del Sol ,farmacia,Ciudad de Mexico,TPV04-CIU,Teresa Mendoza,teresa.mendoza55@correo.mx,6130,MASTERCARD,856.5,MXN,APROBADA,CHIP,N
TRX0000112,2026-03-28 17:06:56,Farmacia del Sol,Farmacia,Ciudad de Mexico,TPV04-CIU,Raul Gonzalez,raul.gonzalez74@correo.mx,9447,VISA,227.85,MXN,APROBADA,MANUAL,N
TRX0000113,2026-03-03 21:52:54,CAFE AURORA,Restaurante,Guadalajara,TPV04-GUA,Patricia Herrera,patricia.herrera13@correo.mx,1324,VISA,177.33,MXN,APROBADA,CONTACTLESS,N
TRX0000114,2026-01-26 16:38:57,CAFE AURORA,Restaurante,Guadalajara,TPV01-GUA,Hector Mendoza,hector.mendoza10@correo.mx,6846,VISA,182.28,MXN,APROBADA,CONTACTLESS,N
TRX0000115,2026-06-08 19:53:02,Super Nortenio,SUPER,Monterrey,TPV03-MON,Hector Mendoza,hector.mendoza10@correo.mx,6846,VISA,546.82,MXN,APROBADA,CONTACTLESS,N
TRX0000116,2026-01-30 14:38:50,Electro Maya,Electronica,Merida,TPV03-MER,Patricia Cortes,patricia.cortes160@correo.mx,4485,VISA,2867.0,MXN,RECHAZADA,MANUAL,N
TRX0000117,2026-06-02 14:03:31,BOUTIQUE IRIS,VESTIMENTA,Ciudad de Mexico,TPV02-CIU,Rocio Vargas,rocio.vargas62@correo.mx,4939,MASTERCARD,4163.81,MXN,APROBADA,BANDA,N
TRX0000118,2026-06-16 10:21:58,GASOLINERA KM 12,Combustible,Puebla,TPV02-PUE,Patricia Ramirez,patricia.ramirez130@correo.mx,8241,AMEX,1332.31,MXN,APROBADA,QR,N
TRX0000119,2026-06-17 06:53:40,Boutique  Iris,Ropa,Ciudad de Mexico,TPV02-CIU,Raul Vargas,raul.vargas106@correo.mx,1214,AMEX,4671.74,MXN,APROBADA,MANUAL,N
TRX0000120,2026-06-09 09:59:50,Cafe Aurora,Restaurante,Guadalajara,TPV01-GUA,Raul Rivas,raul.rivas114@correo.mx,9720,MASTERCARD,291.19,MXN,APROBADA,CHIP,N
TRX0000121,2026-04-07 07:30:02,SUPER NORTENO,Supermercado,Monterrey,TPV02-MON,Sofia Cortes,sofia.cortes153@correo.mx,1495,AMEX,2624.41,MXN,RECHAZADA,CONTACTLESS,N
TRX0000122,2026-06-28 08:55:54,CAFE AURORA,restaurante,Guadalajara,TPV04-GUA,Carmen Vargas,carmen.vargas161@correo.mx,3446,MASTERCARD,226.17,MXN,APROBADA,CHIP,N
TRX0000123,2026-06-09 13:10:47,SUPER NORTENO,Supermercado,Monterrey,TPV03-MON,Ivan Gonzalez,ivan.gonzalez41@correo.mx,2888,AMEX,2142.53,MXN,APROBADA,MANUAL,N
TRX0000124,2026-01-29 17:21:03,Gasolinera Km 12,Combustible,Puebla,TPV03-PUE,Ana Vargas,ana.vargas60@correo.mx,5862,AMEX,606.77,MXN,RECHAZADA,CHIP,N
TRX0000125,2026-04-03 17:56:41,Cafe Aurora,restaurante,Guadalajara,TPV03-GUA,Luis Rivas,luis.rivas99@correo.mx,1585,MASTERCARD,85.84,MXN,APROBADA,MANUAL,N
TRX0000126,2026-02-01 17:35:07,CAFE AURORA,restaurante,Guadalajara,TPV02-GUA,Miguel Cortes,miguel.cortes97@correo.mx,9422,MASTERCARD,301.19,MXN,REVERSADA,CONTACTLESS,N
TRX0000127,2026-04-11 17:42:08,Viajes Altamar,viajes,Cancun,TPV02-CAN,Sofia Nunez,sofia.nunez56@correo.mx,5954,AMEX,34561.94,MXN,APROBADA,CHIP,N
TRX0000128,2026-06-18 08:49:15,Super Norteno,SUPER,Monterrey,TPV04-MON,Hector Rivas,hector.rivas50@correo.mx,8897,MASTERCARD,3171.72,MXN,APROBADA,CHIP,N
TRX0000129,2026-06-14 19:13:46,Farmacia del Sol ,FARM,Ciudad de Mexico,TPV02-CIU,Ana Cortes,ana.cortes91@correo.mx,8806,AMEX,508.31,MXN,APROBADA,MANUAL,N
TRX0000130,2026-06-25 14:25:41,Super Nortenio,SUPER,Monterrey,TPV02-MON,Ivan Nunez,ivan.nunez88@correo.mx,1309,MASTERCARD,1814.77,MXN,APROBADA,CHIP,N
TRX0000131,2026-02-23 19:19:04,Cafe Aurora,restaurante,Guadalajara,TPV01-GUA,Miguel Ramirez,miguel.ramirez132@correo.mx,5849,MASTERCARD,72.94,MXN,APROBADA,CONTACTLESS,N
TRX0000132,2026-04-23 15:49:44,Cafe Aurora,Restaurante,Guadalajara,TPV02-GUA,Patricia Cortes,patricia.cortes160@correo.mx,4485,VISA,268.78,MXN,REVERSADA,CHIP,N
TRX0000133,2026-03-21 18:59:41,CAFE AURORA,restaurante,Guadalajara,TPV01-GUA,Elena Vargas,elena.vargas148@correo.mx,9840,AMEX,279.84,MXN,APROBADA,MANUAL,N
TRX0000134,2026-05-26 07:10:48,VIAJES ALTAMAR,viajes,Cancun,TPV04-CAN,Rocio Salazar,rocio.salazar15@correo.mx,4224,MASTERCARD,7462.66,MXN,APROBADA,CHIP,N
TRX0000135,2026-02-05 21:25:10,Farmacia del Sol,farmacia,Ciudad de Mexico,TPV02-CIU,Lucia Gonzalez,lucia.gonzalez54@correo.mx,2892,AMEX,811.78,MXN,RECHAZADA,BANDA,N
TRX0000136,2026-02-02 11:23:58,Super Nortenio,SUPER,Monterrey,TPV04-MON,Ivan Delgado,ivan.delgado59@correo.mx,3851,AMEX,2649.54,MXN,APROBADA,MANUAL,N
TRX0000137,2026-01-17 11:24:39,Super Nortenio,supermercado,Monterrey,TPV02-MON,Luis Zamora,luis.zamora9@correo.mx,1462,AMEX,327.65,MXN,APROBADA,CONTACTLESS,N
TRX0000138,2026-02-23 21:59:01,Super Norteno,SUPER,Monterrey,TPV02-MON,Rocio Cortes,rocio.cortes103@correo.mx,8270,VISA,3003.42,MXN,RECHAZADA,CONTACTLESS,N
TRX0000139,2026-05-07 17:18:26,Super Nortenio,supermercado,Monterrey,TPV03-MON,Rocio Ramirez,rocio.ramirez94@correo.mx,3489,VISA,3495.77,MXN,APROBADA,CHIP,N
TRX0000140,2026-02-05 19:47:25,SUPER NORTENO,Supermercado,Monterrey,TPV02-MON,Fernando Mendoza,fernando.mendoza57@correo.mx,8388,AMEX,1745.61,MXN,APROBADA,CONTACTLESS,N
TRX0000141,2026-06-07 17:13:37,Super Nortenio,supermercado,Monterrey,TPV02-MON,Hector Delgado,hector.delgado49@correo.mx,4702,VISA,2919.25,MXN,APROBADA,CONTACTLESS,N
TRX0000142,2026-01-29 20:29:08,CAFE AURORA,Restaurante,Guadalajara,TPV03-GUA,Rocio Salazar,rocio.salazar15@correo.mx,4224,MASTERCARD,478.73,MXN,APROBADA,MANUAL,N
TRX0000143,2026-02-28 13:26:23,Super Norteno,Supermercado,Monterrey,TPV04-MON,Elena Zamora,elena.zamora16@correo.mx,2698,VISA,2741.87,MXN,APROBADA,CHIP,N
TRX0000144,2026-01-25 21:22:44,Super Nortenio,SUPER,Monterrey,TPV03-MON,Raul Trejo,raul.trejo125@correo.mx,4936,VISA,693.49,MXN,APROBADA,MANUAL,N
TRX0000145,2026-06-15 20:23:17,FARMACIA DEL SOL,farmacia,Ciudad de Mexico,TPV01-CIU,Ana Trejo,ana.trejo51@correo.mx,9690,MASTERCARD,597.68,MXN,APROBADA,BANDA,N
TRX0000146,2026-04-24 15:48:39,Super Nortenio,supermercado,Monterrey,TPV02-MON,Raul Mendoza,raul.mendoza90@correo.mx,1177,AMEX,1742.28,MXN,APROBADA,MANUAL,N
TRX0000147,2026-06-15 14:26:52,Super Nortenio,supermercado,Monterrey,TPV04-MON,Lucia Delgado,lucia.delgado120@correo.mx,1162,AMEX,2645.68,MXN,APROBADA,CONTACTLESS,N
TRX0000148,2026-02-24 07:15:25,CAFE AURORA,restaurante,Guadalajara,TPV01-GUA,Hector Trejo,hector.trejo101@correo.mx,6533,MASTERCARD,476.03,MXN,RECHAZADA,BANDA,N
TRX0000149,2026-04-10 21:42:52,Cafe Aurora,restaurante,Guadalajara,TPV04-GUA,Luis Delgado,luis.delgado150@correo.mx,7838,VISA,311.12,MXN,REVERSADA,BANDA,N
TRX0000150,2026-02-27 10:38:08,GASOLINERA KM 12,combustible,Puebla,TPV02-PUE,Rocio Salazar,rocio.salazar98@correo.mx,9662,VISA,526.67,MXN,APROBADA,CHIP,N
TRX0000151,2026-04-05 09:42:25,Boutique  Iris,Ropa,Ciudad de Mexico,TPV02-CIU,Lucia Vargas,lucia.vargas131@correo.mx,3615,MASTERCARD,1756.1,MXN,REVERSADA,CONTACTLESS,N
TRX0000152,2026-05-25 09:08:12,SUPER NORTENO,Supermercado,Monterrey,TPV01-MON,Patricia Ramirez,patricia.ramirez130@correo.mx,8241,AMEX,1772.62,MXN,APROBADA,CONTACTLESS,N
TRX0000153,2026-02-17 09:24:24,Boutique  Iris,Ropa,Ciudad de Mexico,TPV04-CIU,Hector Rivas,hector.rivas50@correo.mx,8897,MASTERCARD,5073.83,MXN,APROBADA,CHIP,N
TRX0000154,2026-06-19 20:14:09,GASOLINERA KM 12,combustible,Puebla,TPV04-PUE,Luis Delgado,luis.delgado150@correo.mx,7838,VISA,1574.42,MXN,APROBADA,QR,N
TRX0000155,2026-04-20 18:59:29,Super Norteno,supermercado,Monterrey,TPV01-MON,Luis Herrera,luis.herrera5@correo.mx,7395,MASTERCARD,1812.91,MXN,APROBADA,BANDA,S
TRX0000156,2026-05-05 15:46:05,Super Norteno,SUPER,Monterrey,TPV01-MON,Rocio Vargas,rocio.vargas62@correo.mx,4939,MASTERCARD,2775.28,MXN,APROBADA,CHIP,N
TRX0000157,2026-05-24 21:48:17,Super Nortenio,Supermercado,Monterrey,TPV04-MON,Hector Delgado,hector.delgado137@correo.mx,3321,AMEX,2178.13,MXN,APROBADA,QR,N
TRX0000158,2026-01-22 09:41:22,SUPER NORTENO,supermercado,Monterrey,TPV01-MON,Raul Gonzalez,raul.gonzalez74@correo.mx,9447,VISA,2930.36,MXN,APROBADA,CONTACTLESS,N
TRX0000159,2026-05-30 19:02:53,VIAJES ALTAMAR,viajes,Cancun,TPV04-CAN,Sofia Salazar,sofia.salazar146@correo.mx,4742,VISA,25988.01,MXN,RECHAZADA,QR,N
TRX0000160,2026-02-15 21:56:23,Farmacia del Sol ,farmacia,Ciudad de Mexico,TPV01-CIU,Raul Gonzalez,raul.gonzalez179@correo.mx,8333,MASTERCARD,224.53,MXN,REVERSADA,CONTACTLESS,N
TRX0000161,2026-05-21 06:22:03,CAFE AURORA,Restaurante,Guadalajara,TPV04-GUA,Luis Delgado,luis.delgado150@correo.mx,7838,VISA,116.04,MXN,APROBADA,CHIP,N
TRX0000162,2026-05-27 16:29:25,Farmacia del Sol,FARM,Ciudad de Mexico,TPV03-CIU,Elena Vargas,elena.vargas89@correo.mx,5689,VISA,512.83,MXN,APROBADA,CONTACTLESS,N
TRX0000163,2026-05-24 11:07:26,Electro Maya,ELECTRO,Merida,TPV03-MER,Ana Mendoza,ana.mendoza27@correo.mx,6032,AMEX,18226.74,MXN,APROBADA,CONTACTLESS,N
TRX0000164,2026-01-23 09:47:16,ELECTRO MAYA,ELECTRO,Merida,TPV01-MER,Elena Delgado,elena.delgado149@correo.mx,9248,MASTERCARD,5344.54,MXN,APROBADA,CONTACTLESS,N
TRX0000165,2026-01-05 14:56:45,Super Norteno,SUPER,Monterrey,TPV04-MON,Patricia Mendoza,patricia.mendoza140@correo.mx,5378,VISA,3081.5,MXN,APROBADA,MANUAL,N
TRX0000166,2026-02-16 08:08:41,Boutique Iris,Ropa,Ciudad de Mexico,TPV03-CIU,Ana Cortes,ana.cortes53@correo.mx,3646,VISA,2321.73,MXN,APROBADA,BANDA,N
TRX0000167,2026-03-16 21:28:38,GASOLINERA KM 12,Combustible,Puebla,TPV01-PUE,Elena Zamora,elena.zamora16@correo.mx,2698,VISA,466.64,MXN,REVERSADA,MANUAL,N
TRX0000168,2026-02-10 10:54:53,SUPER NORTENO,SUPER,Monterrey,TPV04-MON,Luis Zamora,luis.zamora9@correo.mx,1462,AMEX,1744.51,MXN,APROBADA,CHIP,N
TRX0000169,2026-05-02 21:09:29,Super Norteno,Supermercado,Monterrey,TPV03-MON,Patricia Herrera,patricia.herrera13@correo.mx,1324,VISA,3136.52,MXN,APROBADA,CONTACTLESS,N
TRX0000170,2026-06-10 15:55:30,Cafe Aurora,restaurante,Guadalajara,TPV02-GUA,Jorge Gonzalez,jorge.gonzalez2@correo.mx,4837,AMEX,304.88,MXN,RECHAZADA,CONTACTLESS,N
TRX0000171,2026-05-01 13:15:55,Farmacia del Sol,farmacia,Ciudad de Mexico,TPV04-CIU,Ivan Delgado,ivan.delgado162@correo.mx,2492,AMEX,579.89,MXN,APROBADA,QR,N
TRX0000172,2026-02-14 17:22:06,FARMACIA DEL SOL,farmacia,Ciudad de Mexico,TPV03-CIU,Elena Gonzalez,elena.gonzalez143@correo.mx,1660,MASTERCARD,260.49,MXN,APROBADA,CONTACTLESS,N
TRX0000173,2026-05-30 16:10:45,Viajes Altamar,Viajes,Cancun,TPV02-CAN,Ana Salazar,ana.salazar102@correo.mx,3316,AMEX,16936.9,MXN,APROBADA,BANDA,N
TRX0000174,2026-03-24 09:28:26,CAFE AURORA,restaurante,Guadalajara,TPV03-GUA,Sofia Nunez,sofia.nunez134@correo.mx,8835,VISA,64.23,MXN,APROBADA,CHIP,N
TRX0000175,2026-06-29 19:21:10,Super Nortenio,Supermercado,Monterrey,TPV02-MON,Raul Vargas,raul.vargas135@correo.mx,8290,AMEX,969.24,MXN,APROBADA,CONTACTLESS,N
TRX0000176,2026-06-19 17:03:52,CAFE AURORA,restaurante,Guadalajara,TPV01-GUA,Patricia Vargas,patricia.vargas26@correo.mx,4933,VISA,362.93,MXN,APROBADA,CHIP,N
TRX0000177,2026-05-27 06:27:09,Cafe Aurora,restaurante,Guadalajara,TPV01-GUA,Elena Trejo,elena.trejo113@correo.mx,4568,MASTERCARD,461.84,MXN,APROBADA,BANDA,N
TRX0000178,2026-06-17 16:01:13,Farmacia del Sol ,Farmacia,Ciudad de Mexico,TPV02-CIU,Lucia Ramirez,lucia.ramirez48@correo.mx,2913,VISA,531.25,MXN,REVERSADA,QR,N
TRX0000179,2026-02-04 20:01:19,BOUTIQUE IRIS,ropa,Ciudad de Mexico,TPV01-CIU,Lucia Herrera,lucia.herrera155@correo.mx,9599,MASTERCARD,1311.57,MXN,REVERSADA,QR,N
TRX0000180,2026-01-12 09:14:06,Electro Maya,electronica,Merida,TPV03-MER,Raul Zamora,raul.zamora124@correo.mx,6787,AMEX,22810.41,MXN,REVERSADA,CONTACTLESS,N
TRX0000181,2026-01-09 16:11:38,Viajes Altamar,Viajes,Cancun,TPV03-CAN,Elena Cortes,elena.cortes68@correo.mx,5599,AMEX,31201.35,MXN,APROBADA,QR,N
TRX0000182,2026-01-04 13:51:19,Super Norteno,supermercado,Monterrey,TPV03-MON,Lucia Vargas,lucia.vargas131@correo.mx,3615,MASTERCARD,1005.97,MXN,REVERSADA,MANUAL,N
TRX0000183,2026-06-04 17:54:16,Electro Maya,ELECTRO,Merida,TPV04-MER,Elena Ramirez,elena.ramirez144@correo.mx,3433,VISA,9218.74,MXN,APROBADA,CONTACTLESS,N
TRX0000184,2026-04-08 08:50:30,Farmacia del Sol ,farmacia,Ciudad de Mexico,TPV04-CIU,Sofia Nunez,sofia.nunez134@correo.mx,9193,AMEX,472.42,MXN,APROBADA,BANDA,N
TRX0000185,2026-04-14 06:18:33,SUPER NORTENO,SUPER,Monterrey,TPV03-MON,Carmen Herrera,carmen.herrera176@correo.mx,1605,VISA,3074.01,MXN,APROBADA,QR,N
TRX0000186,2026-05-22 19:09:33,FARMACIA DEL SOL,Farmacia,Ciudad de Mexico,TPV03-CIU,Lucia Gonzalez,lucia.gonzalez36@correo.mx,8401,AMEX,549.77,MXN,APROBADA,CONTACTLESS,N
TRX0000187,2026-06-28 10:37:48,Super Nortenio,Supermercado,Monterrey,TPV04-MON,Lucia Vargas,lucia.vargas7@correo.mx,3320,MASTERCARD,3007.26,MXN,APROBADA,MANUAL,N
TRX0000188,2026-04-17 07:56:39,Super Nortenio,Supermercado,Monterrey,TPV03-MON,Carmen Rivas,carmen.rivas139@correo.mx,4822,AMEX,215.03,MXN,APROBADA,CHIP,N
TRX0000189,2026-02-22 09:19:13,GASOLINERA KM 12,Combustible,Puebla,TPV03-PUE,Elena Zamora,elena.zamora16@correo.mx,2698,VISA,1320.75,MXN,APROBADA,MANUAL,N
TRX0000190,2026-01-15 10:35:49,Super Nortenio,Supermercado,Monterrey,TPV03-MON,Teresa Salazar,teresa.salazar118@correo.mx,4699,VISA,2355.34,MXN,APROBADA,CONTACTLESS,N
TRX0000191,2026-03-03 09:16:56,Viajes Altamar,viajes,Cancun,TPV03-CAN,Ana Delgado,ana.delgado171@correo.mx,1786,AMEX,12488.04,MXN,APROBADA,CHIP,N
TRX0000192,2026-04-26 16:28:21,SUPER NORTENO,Supermercado,Monterrey,TPV01-MON,Patricia Delgado,patricia.delgado167@correo.mx,8972,VISA,2319.12,MXN,APROBADA,MANUAL,N
TRX0000193,2026-01-11 21:33:10,Electro Maya,ELECTRO,Merida,TPV04-MER,Fernando Herrera,fernando.herrera168@correo.mx,8810,VISA,8800.55,MXN,RECHAZADA,CONTACTLESS,N
TRX0000194,2026-05-31 19:21:21,Farmacia del Sol ,Farmacia,Ciudad de Mexico,TPV03-CIU,Rocio Nunez,rocio.nunez173@correo.mx,4285,MASTERCARD,801.6,MXN,APROBADA,CONTACTLESS,N
TRX0000195,2026-05-16 12:18:22,Farmacia del Sol,farmacia,Ciudad de Mexico,TPV04-CIU,Hector Delgado,hector.delgado49@correo.mx,4702,VISA,199.2,MXN,APROBADA,QR,N
TRX0000196,2026-05-07 06:29:07,FARMACIA DEL SOL,FARM,Ciudad de Mexico,TPV02-CIU,Raul Delgado,raul.delgado142@correo.mx,4207,AMEX,273.43,MXN,APROBADA,CONTACTLESS,N
TRX0000197,2026-02-28 14:10:13,SUPER NORTENO,Supermercado,Monterrey,TPV01-MON,Jorge Rivas,jorge.rivas147@correo.mx,5919,MASTERCARD,1026.83,MXN,APROBADA,CONTACTLESS,N
TRX0000198,2026-04-03 16:26:11,Viajes Altamar,Viajes,Cancun,TPV03-CAN,Carmen Rivas,carmen.rivas139@correo.mx,4822,AMEX,43877.41,MXN,RECHAZADA,QR,N
TRX0000199,2026-01-31 07:31:31,VIAJES ALTAMAR,viajes,Cancun,TPV01-CAN,Miguel Gonzalez,miguel.gonzalez172@correo.mx,9785,AMEX,5335.83,MXN,APROBADA,QR,N
TRX0000200,2026-01-05 06:10:58,GASOLINERA KM 12,Combustible,Puebla,TPV02-PUE,Ana Delgado,ana.delgado171@correo.mx,1786,AMEX,1425.36,MXN,APROBADA,BANDA,N
TRX0000201,2026-01-14 10:45:34,BOUTIQUE IRIS,ropa,Ciudad de Mexico,TPV03-CIU,Hector Delgado,hector.delgado49@correo.mx,4702,VISA,2715.89,MXN,APROBADA,CONTACTLESS,N
TRX0000202,2026-05-22 09:52:42,CAFE AURORA,restaurante,Guadalajara,TPV01-GUA,Jorge Mendoza,jorge.mendoza47@correo.mx,6756,AMEX,288.14,MXN,APROBADA,CONTACTLESS,N
TRX0000203,2026-05-17 06:12:59,CAFE AURORA,Restaurante,Guadalajara,TPV02-GUA,Raul Vargas,raul.vargas22@correo.mx,8824,AMEX,463.71,MXN,APROBADA,QR,N
TRX0000204,2026-04-13 20:37:25,CAFE AURORA,Restaurante,Guadalajara,TPV03-GUA,Raul Delgado,raul.delgado142@correo.mx,4207,AMEX,174.09,MXN,APROBADA,CHIP,N
TRX0000205,2026-06-14 16:25:34,Cafe Aurora,restaurante,Guadalajara,TPV04-GUA,Ivan Ramirez,ivan.ramirez45@correo.mx,8146,AMEX,213.98,MXN,RECHAZADA,CONTACTLESS,N
TRX0000206,2026-01-24 07:11:34,Cafe Aurora,Restaurante,Guadalajara,TPV02-GUA,Hector Trejo,hector.trejo101@correo.mx,6533,MASTERCARD,228.24,MXN,APROBADA,CONTACTLESS,N
TRX0000207,2026-03-26 10:36:20,Super Nortenio,Supermercado,Monterrey,TPV04-MON,Sofia Trejo,sofia.trejo80@correo.mx,8498,MASTERCARD,3311.2,MXN,APROBADA,CHIP,N
TRX0000208,2026-04-04 19:31:05,Super Nortenio,Supermercado,Monterrey,TPV01-MON,Sofia Cortes,sofia.cortes153@correo.mx,1495,AMEX,3030.38,MXN,APROBADA,MANUAL,N
TRX0000209,2026-02-18 12:05:31,Farmacia del Sol ,farmacia,Ciudad de Mexico,TPV03-CIU,Luis Gonzalez,luis.gonzalez18@correo.mx,8351,VISA,225.76,MXN,APROBADA,BANDA,N
TRX0000210,2026-04-15 10:34:09,FARMACIA DEL SOL,Farmacia,Ciudad de Mexico,TPV02-CIU,Ana Salazar,ana.salazar158@correo.mx,2274,MASTERCARD,788.35,MXN,APROBADA,BANDA,N
TRX0000211,2026-06-12 12:10:20,Cafe Aurora,Restaurante,Guadalajara,TPV02-GUA,Jorge Gonzalez,jorge.gonzalez138@correo.mx,4950,AMEX,65.8,MXN,APROBADA,BANDA,N
TRX0000212,2026-05-29 10:25:59,Cafe Aurora,Restaurante,Guadalajara,TPV03-GUA,Patricia Mendoza,patricia.mendoza107@correo.mx,8089,MASTERCARD,247.92,MXN,APROBADA,CHIP,N
TRX0000213,2026-02-18 11:13:21,Cafe Aurora,Restaurante,Guadalajara,TPV02-GUA,Miguel Gonzalez,miguel.gonzalez154@correo.mx,8784,AMEX,394.18,MXN,APROBADA,CHIP,N
TRX0000214,2026-05-30 18:34:56,Super Norteno,SUPER,Monterrey,TPV03-MON,Sofia Cortes,sofia.cortes153@correo.mx,1495,AMEX,1801.1,MXN,APROBADA,MANUAL,N
TRX0000215,2026-03-31 19:45:51,Gasolinera Km 12,Combustible,Puebla,TPV03-PUE,Ana Delgado,ana.delgado171@correo.mx,1786,AMEX,1223.87,MXN,RECHAZADA,BANDA,N
TRX0000216,2026-01-10 11:45:30,Cafe Aurora,Restaurante,Guadalajara,TPV03-GUA,Hector Mendoza,hector.mendoza71@correo.mx,6093,VISA,415.38,MXN,REVERSADA,CHIP,N
TRX0000217,2026-05-21 12:34:23,Farmacia del Sol ,FARM,Ciudad de Mexico,TPV02-CIU,Raul Mendoza,raul.mendoza30@correo.mx,7314,MASTERCARD,755.96,MXN,APROBADA,MANUAL,N
TRX0000218,2026-06-24 13:11:49,ELECTRO MAYA,electronica,Merida,TPV04-MER,Luis Salazar,luis.salazar75@correo.mx,4376,MASTERCARD,12475.24,MXN,APROBADA,BANDA,N
TRX0000219,2026-04-13 07:48:36,FARMACIA DEL SOL,Farmacia,Ciudad de Mexico,TPV04-CIU,Luis Rivas,luis.rivas99@correo.mx,1585,MASTERCARD,212.57,MXN,APROBADA,CHIP,N
TRX0000220,2026-03-16 14:24:23,Electro Maya,electronica,Merida,TPV04-MER,Lucia Gonzalez,lucia.gonzalez36@correo.mx,8401,AMEX,11378.93,MXN,APROBADA,MANUAL,N
TRX0000221,2026-05-30 06:38:54,Boutique  Iris,VESTIMENTA,Ciudad de Mexico,TPV01-CIU,Lucia Gonzalez,lucia.gonzalez96@correo.mx,7074,VISA,4130.53,MXN,APROBADA,QR,N
TRX0000222,2026-01-22 15:55:09,SUPER NORTENO,Supermercado,Monterrey,TPV04-MON,Lucia Ramirez,lucia.ramirez48@correo.mx,2913,VISA,2482.48,MXN,APROBADA,QR,S
TRX0000223,2026-05-01 12:47:51,Farmacia del Sol ,Farmacia,Ciudad de Mexico,TPV01-CIU,Ana Zamora,ana.zamora72@correo.mx,8476,VISA,611.46,MXN,REVERSADA,MANUAL,N
TRX0000224,2026-04-07 08:09:58,GASOLINERA KM 12,combustible,Puebla,TPV03-PUE,Elena Ramirez,elena.ramirez4@correo.mx,8580,VISA,524.07,MXN,APROBADA,CONTACTLESS,N
TRX0000225,2026-03-24 08:26:03,FARMACIA DEL SOL,farmacia,Ciudad de Mexico,TPV02-CIU,Lucia Ramirez,lucia.ramirez152@correo.mx,6278,MASTERCARD,706.28,MXN,APROBADA,CONTACTLESS,N
TRX0000226,2026-03-13 16:32:02,SUPER NORTENO,SUPER,Monterrey,TPV01-MON,Lucia Gonzalez,lucia.gonzalez96@correo.mx,7074,VISA,3215.04,MXN,APROBADA,MANUAL,N
TRX0000227,2026-05-07 06:31:42,FARMACIA DEL SOL,FARM,Ciudad de Mexico,TPV02-CIU,Luis Salazar,luis.salazar75@correo.mx,4376,MASTERCARD,565.66,MXN,APROBADA,CONTACTLESS,S
TRX0000228,2026-06-13 11:51:16,FARMACIA DEL SOL,FARM,Ciudad de Mexico,TPV01-CIU,Raul Nunez,raul.nunez70@correo.mx,2085,VISA,303.29,MXN,APROBADA,MANUAL,N
TRX0000229,2026-02-15 06:45:19,GASOLINERA KM 12,combustible,Puebla,TPV01-PUE,Raul Delgado,raul.delgado169@correo.mx,7678,VISA,1141.28,MXN,APROBADA,BANDA,N
TRX0000230,2026-04-02 08:35:13,SUPER NORTENO,Supermercado,Monterrey,TPV02-MON,Ivan Nunez,ivan.nunez88@correo.mx,1309,MASTERCARD,267.15,MXN,APROBADA,QR,N
TRX0000231,2026-04-13 20:13:34,Super Norteno,Supermercado,Monterrey,TPV03-MON,Elena Ramirez,elena.ramirez4@correo.mx,8580,VISA,2676.95,MXN,APROBADA,CONTACTLESS,N
TRX0000232,2026-04-10 18:06:34,SUPER NORTENO,supermercado,Monterrey,TPV01-MON,Jorge Herrera,jorge.herrera46@correo.mx,2925,AMEX,2029.96,MXN,APROBADA,CONTACTLESS,N
TRX0000233,2026-04-02 18:28:12,Gasolinera Km 12,combustible,Puebla,TPV01-PUE,Patricia Salazar,patricia.salazar69@correo.mx,4268,MASTERCARD,1549.79,MXN,APROBADA,CHIP,N
TRX0000234,2026-01-11 20:15:59,FARMACIA DEL SOL,FARM,Ciudad de Mexico,TPV01-CIU,Lucia Delgado,lucia.delgado141@correo.mx,6423,VISA,525.68,MXN,APROBADA,CONTACTLESS,N
TRX0000235,2026-01-26 08:28:44,BOUTIQUE IRIS,Ropa,Ciudad de Mexico,TPV01-CIU,Raul Nunez,raul.nunez70@correo.mx,2085,VISA,5604.84,MXN,APROBADA,CHIP,N
TRX0000236,2026-06-02 19:40:35,GASOLINERA KM 12,combustible,Puebla,TPV04-PUE,Elena Gonzalez,elena.gonzalez143@correo.mx,1660,MASTERCARD,1028.45,MXN,APROBADA,BANDA,N
TRX0000237,2026-06-05 18:41:58,Boutique  Iris,VESTIMENTA,Ciudad de Mexico,TPV04-CIU,Carmen Rivas,carmen.rivas139@correo.mx,4822,AMEX,1795.46,MXN,APROBADA,MANUAL,N
TRX0000238,2026-05-21 16:18:59,SUPER NORTENO,SUPER,Monterrey,TPV02-MON,Lucia Vargas,lucia.vargas131@correo.mx,3615,MASTERCARD,693.7,MXN,APROBADA,QR,N
TRX0000239,2026-06-18 11:50:30,Boutique Iris,ropa,Ciudad de Mexico,TPV01-CIU,Ana Salazar,ana.salazar102@correo.mx,3316,AMEX,4069.0,MXN,APROBADA,CHIP,N
TRX0000240,2026-05-24 11:48:13,FARMACIA DEL SOL,FARM,Ciudad de Mexico,TPV02-CIU,Patricia Mendoza,patricia.mendoza140@correo.mx,5378,VISA,377.88,MXN,RECHAZADA,BANDA,N
TRX0000241,2026-06-09 20:48:31,Boutique Iris,ropa,Ciudad de Mexico,TPV01-CIU,Elena Zamora,elena.zamora151@correo.mx,7344,AMEX,2061.03,MXN,APROBADA,QR,N
TRX0000242,2026-04-10 18:28:29,VIAJES ALTAMAR,viajes,Cancun,TPV02-CAN,Miguel Nunez,miguel.nunez82@correo.mx,8132,AMEX,35702.39,MXN,APROBADA,CHIP,N
TRX0000243,2026-02-24 06:50:19,CAFE AURORA,restaurante,Guadalajara,TPV04-GUA,Raul Delgado,raul.delgado122@correo.mx,1413,VISA,360.84,MXN,APROBADA,QR,N
TRX0000244,2026-05-09 06:19:02,SUPER NORTENO,supermercado,Monterrey,TPV03-MON,Carmen Gonzalez,carmen.gonzalez129@correo.mx,1346,MASTERCARD,2597.03,MXN,APROBADA,MANUAL,N
TRX0000245,2026-04-30 21:13:12,Cafe Aurora,Restaurante,Guadalajara,TPV03-GUA,Teresa Rivas,teresa.rivas6@correo.mx,1505,MASTERCARD,297.79,MXN,APROBADA,CHIP,N
TRX0000246,2026-03-06 15:36:18,GASOLINERA KM 12,combustible,Puebla,TPV02-PUE,Patricia Gonzalez,patricia.gonzalez127@correo.mx,8628,VISA,774.76,MXN,RECHAZADA,QR,N
TRX0000247,2026-04-22 18:32:04,VIAJES ALTAMAR,Viajes,Cancun,TPV04-CAN,Raul Delgado,raul.delgado122@correo.mx,1413,VISA,8584.25,MXN,APROBADA,BANDA,N
TRX0000248,2026-05-10 19:03:51,Super Norteno,supermercado,Monterrey,TPV04-MON,Ivan Gonzalez,ivan.gonzalez163@correo.mx,9280,MASTERCARD,1401.68,MXN,APROBADA,BANDA,N
TRX0000249,2026-04-30 11:59:16,Super Nortenio,supermercado,Monterrey,TPV03-MON,Elena Ramirez,elena.ramirez8@correo.mx,3648,MASTERCARD,361.54,MXN,APROBADA,BANDA,N
TRX0000250,2026-04-16 17:47:12,Farmacia del Sol ,farmacia,Ciudad de Mexico,TPV01-CIU,Fernando Mendoza,fernando.mendoza57@correo.mx,8388,AMEX,703.61,MXN,APROBADA,CONTACTLESS,N
TRX0000251,2026-02-12 21:26:44,Super Nortenio,Supermercado,Monterrey,TPV01-MON,Ana Nunez,ana.nunez17@correo.mx,9063,VISA,2295.65,MXN,APROBADA,BANDA,N
TRX0000252,2026-04-11 13:43:14,Cafe Aurora,Restaurante,Guadalajara,TPV01-GUA,Ana Cortes,ana.cortes91@correo.mx,8806,AMEX,273.93,MXN,APROBADA,CHIP,N
TRX0000253,2026-01-07 18:48:12,VIAJES ALTAMAR,viajes,Cancun,TPV04-CAN,Ana Zamora,ana.zamora72@correo.mx,8476,VISA,26145.71,MXN,APROBADA,CHIP,N
TRX0000254,2026-01-24 08:36:01,CAFE AURORA,Restaurante,Guadalajara,TPV03-GUA,Luis Herrera,luis.herrera5@correo.mx,7395,MASTERCARD,432.72,MXN,APROBADA,CHIP,N
TRX0000255,2026-03-21 14:14:57,Boutique Iris,Ropa,Ciudad de Mexico,TPV04-CIU,Hector Rivas,hector.rivas50@correo.mx,8897,MASTERCARD,2542.33,MXN,APROBADA,MANUAL,N
TRX0000256,2026-02-05 10:35:39,Super Norteno,SUPER,Monterrey,TPV01-MON,Raul Nunez,raul.nunez70@correo.mx,5287,AMEX,2699.54,MXN,APROBADA,MANUAL,N
TRX0000257,2026-03-22 11:54:47,GASOLINERA KM 12,combustible,Puebla,TPV04-PUE,Patricia Herrera,patricia.herrera13@correo.mx,1324,VISA,932.28,MXN,APROBADA,MANUAL,N
TRX0000258,2026-03-05 06:47:43,FARMACIA DEL SOL,farmacia,Ciudad de Mexico,TPV04-CIU,Carmen Herrera,carmen.herrera176@correo.mx,1605,VISA,804.43,MXN,REVERSADA,BANDA,N
TRX0000259,2026-04-27 17:24:20,ELECTRO MAYA,ELECTRO,Merida,TPV04-MER,Jorge Nunez,jorge.nunez121@correo.mx,1683,AMEX,5572.91,MXN,APROBADA,QR,N
TRX0000260,2026-03-17 14:11:55,Super Norteno,supermercado,Monterrey,TPV02-MON,Raul Gonzalez,raul.gonzalez179@correo.mx,8333,MASTERCARD,2853.15,MXN,APROBADA,MANUAL,N
TRX0000261,2026-01-02 21:25:15,BOUTIQUE IRIS,Ropa,Ciudad de Mexico,TPV03-CIU,Hector Delgado,hector.delgado137@correo.mx,3321,AMEX,1708.07,MXN,APROBADA,BANDA,N
TRX0000262,2026-04-13 14:29:39,Super Norteno,Supermercado,Monterrey,TPV02-MON,Hector Mendoza,hector.mendoza10@correo.mx,6846,VISA,2614.82,MXN,APROBADA,BANDA,N
TRX0000263,2026-02-28 15:54:56,Farmacia del Sol ,Farmacia,Ciudad de Mexico,TPV02-CIU,Lucia Delgado,lucia.delgado141@correo.mx,6423,VISA,167.68,MXN,APROBADA,CHIP,N
TRX0000264,2026-05-12 16:45:36,Boutique  Iris,VESTIMENTA,Ciudad de Mexico,TPV03-CIU,Carmen Gonzalez,carmen.gonzalez129@correo.mx,1346,MASTERCARD,1024.3,MXN,APROBADA,BANDA,N
TRX0000265,2026-06-23 11:50:00,Farmacia del Sol,FARM,Ciudad de Mexico,TPV04-CIU,Elena Vargas,elena.vargas89@correo.mx,5689,VISA,877.79,MXN,APROBADA,BANDA,N
TRX0000266,2026-01-20 10:37:43,Viajes Altamar,viajes,Cancun,TPV04-CAN,Miguel Gonzalez,miguel.gonzalez172@correo.mx,8638,MASTERCARD,37793.34,MXN,APROBADA,QR,N
TRX0000267,2026-06-21 15:34:22,Electro Maya,Electronica,Merida,TPV03-MER,Rocio Rivas,rocio.rivas87@correo.mx,7957,VISA,5343.97,MXN,APROBADA,MANUAL,N
TRX0000268,2026-05-28 18:37:53,Electro Maya,electronica,Merida,TPV02-MER,Miguel Ramirez,miguel.ramirez132@correo.mx,5849,MASTERCARD,14736.02,MXN,APROBADA,CONTACTLESS,N
TRX0000269,2026-02-11 09:05:09,Farmacia del Sol,Farmacia,Ciudad de Mexico,TPV02-CIU,Elena Ramirez,elena.ramirez175@correo.mx,9442,MASTERCARD,480.83,MXN,REVERSADA,QR,N
TRX0000270,2026-02-22 07:57:12,FARMACIA DEL SOL,FARM,Ciudad de Mexico,TPV03-CIU,Ana Zamora,ana.zamora72@correo.mx,8476,VISA,650.67,MXN,RECHAZADA,MANUAL,N
TRX0000271,2026-01-27 13:57:29,Boutique  Iris,Ropa,Ciudad de Mexico,TPV02-CIU,Teresa Herrera,teresa.herrera35@correo.mx,4201,VISA,1437.69,MXN,APROBADA,CHIP,N
TRX0000272,2026-05-11 16:47:59,Super Nortenio,supermercado,Monterrey,TPV04-MON,Jorge Rivas,jorge.rivas147@correo.mx,5919,MASTERCARD,1177.18,MXN,REVERSADA,MANUAL,N
TRX0000273,2026-05-01 10:40:37,SUPER NORTENO,SUPER,Monterrey,TPV04-MON,Luis Zamora,luis.zamora9@correo.mx,1462,AMEX,434.38,MXN,REVERSADA,QR,N
TRX0000274,2026-01-17 09:36:50,Farmacia del Sol ,Farmacia,Ciudad de Mexico,TPV03-CIU,Raul Cortes,raul.cortes116@correo.mx,1792,MASTERCARD,445.45,MXN,APROBADA,CONTACTLESS,N
TRX0000275,2026-02-05 19:47:55,Cafe Aurora,Restaurante,Guadalajara,TPV01-GUA,Elena Cortes,elena.cortes68@correo.mx,5599,AMEX,180.43,MXN,APROBADA,BANDA,N
TRX0000276,2026-06-08 12:14:18,FARMACIA DEL SOL,FARM,Ciudad de Mexico,TPV02-CIU,Raul Rivas,raul.rivas114@correo.mx,9720,MASTERCARD,899.97,MXN,APROBADA,BANDA,N
TRX0000277,2026-02-04 12:39:59,SUPER NORTENO,supermercado,Monterrey,TPV01-MON,Rocio Herrera,rocio.herrera165@correo.mx,6020,VISA,2737.35,MXN,APROBADA,BANDA,N
TRX0000278,2026-02-19 10:10:08,ELECTRO MAYA,electronica,Merida,TPV01-MER,Miguel Cortes,miguel.cortes97@correo.mx,9422,MASTERCARD,13012.02,MXN,APROBADA,CHIP,N
TRX0000279,2026-04-03 19:11:28,Farmacia del Sol ,FARM,Ciudad de Mexico,TPV02-CIU,Raul Gonzalez,raul.gonzalez179@correo.mx,8333,MASTERCARD,505.65,MXN,APROBADA,CONTACTLESS,N
TRX0000280,2026-01-01 18:16:37,Viajes Altamar,Viajes,Cancun,TPV03-CAN,Sofia Rivas,sofia.rivas93@correo.mx,4177,VISA,27167.63,MXN,APROBADA,MANUAL,N
TRX0000281,2026-03-27 09:18:37,Farmacia del Sol,FARM,Ciudad de Mexico,TPV01-CIU,Patricia Nunez,patricia.nunez52@correo.mx,8415,VISA,690.7,MXN,APROBADA,CONTACTLESS,N
TRX0000282,2026-01-17 15:38:51,Farmacia del Sol,FARM,Ciudad de Mexico,TPV04-CIU,Raul Trejo,raul.trejo125@correo.mx,4936,VISA,751.05,MXN,APROBADA,MANUAL,N
TRX0000283,2026-01-22 10:08:42,Gasolinera Km 12,Combustible,Puebla,TPV02-PUE,Ana Vargas,ana.vargas60@correo.mx,5862,AMEX,1643.03,MXN,APROBADA,QR,N
TRX0000284,2026-05-17 18:35:34,Farmacia del Sol,Farmacia,Ciudad de Mexico,TPV03-CIU,Teresa Gonzalez,teresa.gonzalez24@correo.mx,8230,VISA,645.06,MXN,APROBADA,CHIP,N
TRX0000285,2026-02-12 11:40:24,ELECTRO MAYA,electronica,Merida,TPV03-MER,Teresa Herrera,teresa.herrera35@correo.mx,4201,VISA,17181.46,MXN,REVERSADA,CHIP,N
TRX0000286,2026-01-13 20:47:31,Farmacia del Sol,FARM,Ciudad de Mexico,TPV01-CIU,Lucia Vargas,lucia.vargas7@correo.mx,4691,AMEX,184.5,MXN,APROBADA,CHIP,N
TRX0000287,2026-05-17 15:48:54,Farmacia del Sol,Farmacia,Ciudad de Mexico,TPV01-CIU,Miguel Gonzalez,miguel.gonzalez172@correo.mx,8638,MASTERCARD,599.27,MXN,APROBADA,MANUAL,N
TRX0000288,2026-06-04 19:51:54,Boutique Iris,ropa,Ciudad de Mexico,TPV02-CIU,Hector Delgado,hector.delgado49@correo.mx,4702,VISA,3195.21,MXN,APROBADA,BANDA,N
TRX0000289,2026-05-09 11:28:26,GASOLINERA KM 12,Combustible,Puebla,TPV04-PUE,Patricia Herrera,patricia.herrera13@correo.mx,1324,VISA,1429.1,MXN,REVERSADA,MANUAL,N
TRX0000290,2026-04-19 11:39:13,Boutique Iris,Ropa,Ciudad de Mexico,TPV01-CIU,Sofia Vargas,sofia.vargas19@correo.mx,1099,MASTERCARD,3758.41,MXN,APROBADA,BANDA,N
TRX0000291,2026-02-18 07:27:00,Super Norteno,SUPER,Monterrey,TPV04-MON,Lucia Vargas,lucia.vargas64@correo.mx,5333,VISA,3286.09,MXN,REVERSADA,QR,N
TRX0000292,2026-01-03 11:42:28,Farmacia del Sol ,FARM,Ciudad de Mexico,TPV04-CIU,Patricia Salazar,patricia.salazar69@correo.mx,4268,MASTERCARD,385.08,MXN,APROBADA,CONTACTLESS,N
TRX0000293,2026-06-16 14:59:50,Electro Maya,electronica,Merida,TPV04-MER,Carmen Mendoza,carmen.mendoza95@correo.mx,6566,AMEX,10961.03,MXN,APROBADA,CHIP,N
TRX0000294,2026-02-26 14:31:10,Super Nortenio,supermercado,Monterrey,TPV04-MON,Raul Rivas,raul.rivas114@correo.mx,9720,MASTERCARD,1529.18,MXN,APROBADA,BANDA,N
TRX0000295,2026-01-10 10:55:36,GASOLINERA KM 12,Combustible,Puebla,TPV04-PUE,Lucia Vargas,lucia.vargas7@correo.mx,3320,MASTERCARD,1449.76,MXN,APROBADA,QR,N
TRX0000296,2026-04-17 07:20:49,CAFE AURORA,Restaurante,Guadalajara,TPV01-GUA,Fernando Nunez,fernando.nunez145@correo.mx,8489,AMEX,207.31,MXN,APROBADA,MANUAL,N
TRX0000297,2026-06-17 13:59:46,Super Norteno,Supermercado,Monterrey,TPV03-MON,Raul Zamora,raul.zamora124@correo.mx,6787,AMEX,3413.76,MXN,RECHAZADA,BANDA,N
TRX0000298,2026-01-02 14:53:56,Super Nortenio,Supermercado,Monterrey,TPV04-MON,Rocio Zamora,rocio.zamora104@correo.mx,6783,MASTERCARD,979.55,MXN,APROBADA,CHIP,N
TRX0000299,2026-05-30 11:17:01,Super Norteno,supermercado,Monterrey,TPV03-MON,Raul Rivas,raul.rivas123@correo.mx,5837,MASTERCARD,1227.48,MXN,APROBADA,CONTACTLESS,N
TRX0000300,2026-02-15 08:39:22,Boutique  Iris,ropa,Ciudad de Mexico,TPV02-CIU,Ana Vargas,ana.vargas60@correo.mx,5862,AMEX,2544.96,MXN,APROBADA,QR,N
TRX0000301,2026-01-08 07:26:37,Farmacia del Sol,Farmacia,Ciudad de Mexico,TPV04-CIU,Lucia Vargas,lucia.vargas7@correo.mx,4691,AMEX,850.6,MXN,APROBADA,CONTACTLESS,N
TRX0000302,2026-03-07 07:05:31,SUPER NORTENO,Supermercado,Monterrey,TPV03-MON,Ana Delgado,ana.delgado171@correo.mx,1786,AMEX,362.89,MXN,APROBADA,CONTACTLESS,N
TRX0000303,2026-06-15 10:40:37,FARMACIA DEL SOL,farmacia,Ciudad de Mexico,TPV03-CIU,Luis Trejo,luis.trejo1@correo.mx,4572,AMEX,545.37,MXN,RECHAZADA,CHIP,N
TRX0000304,2026-03-02 17:44:11,BOUTIQUE IRIS,Ropa,Ciudad de Mexico,TPV03-CIU,Luis Ramirez,luis.ramirez39@correo.mx,8712,VISA,1445.89,MXN,APROBADA,QR,N
TRX0000305,2026-01-05 06:19:06,Super Nortenio,Supermercado,Monterrey,TPV04-MON,Carmen Nunez,carmen.nunez31@correo.mx,6697,VISA,1410.29,MXN,REVERSADA,CONTACTLESS,N
TRX0000306,2026-05-02 19:39:31,Super Norteno,Supermercado,Monterrey,TPV04-MON,Fernando Mendoza,fernando.mendoza109@correo.mx,1447,AMEX,3250.73,MXN,APROBADA,BANDA,N
TRX0000307,2026-06-08 12:15:10,Electro Maya,ELECTRO,Merida,TPV01-MER,Fernando Nunez,fernando.nunez145@correo.mx,5858,AMEX,10911.73,MXN,APROBADA,CONTACTLESS,S
TRX0000308,2026-04-08 08:12:10,Super Nortenio,SUPER,Monterrey,TPV02-MON,Rocio Rivas,rocio.rivas87@correo.mx,7400,AMEX,1423.09,MXN,APROBADA,CONTACTLESS,N
TRX0000309,2026-02-02 17:35:38,Boutique Iris,VESTIMENTA,Ciudad de Mexico,TPV03-CIU,Elena Rivas,elena.rivas20@correo.mx,9752,AMEX,5673.22,MXN,APROBADA,BANDA,N
TRX0000310,2026-05-23 08:50:31,CAFE AURORA,restaurante,Guadalajara,TPV01-GUA,Patricia Delgado,patricia.delgado67@correo.mx,2557,MASTERCARD,125.28,MXN,APROBADA,CONTACTLESS,N
TRX0000311,2026-03-25 15:22:20,Cafe Aurora,Restaurante,Guadalajara,TPV04-GUA,Ana Trejo,ana.trejo51@correo.mx,9690,MASTERCARD,348.46,MXN,APROBADA,CHIP,N
TRX0000312,2026-05-31 17:02:30,CAFE AURORA,restaurante,Guadalajara,TPV02-GUA,Jorge Herrera,jorge.herrera46@correo.mx,2925,AMEX,178.52,MXN,APROBADA,MANUAL,N
TRX0000313,2026-01-21 14:37:37,Super Nortenio,Supermercado,Monterrey,TPV04-MON,Fernando Ramirez,fernando.ramirez126@correo.mx,7487,AMEX,2009.79,MXN,APROBADA,CHIP,N
TRX0000314,2026-06-09 20:59:07,Super Norteno,SUPER,Monterrey,TPV03-MON,Raul Gonzalez,raul.gonzalez179@correo.mx,8333,MASTERCARD,2053.43,MXN,APROBADA,MANUAL,N
TRX0000315,2026-01-17 13:40:41,Farmacia del Sol ,Farmacia,Ciudad de Mexico,TPV03-CIU,Fernando Nunez,fernando.nunez145@correo.mx,5858,AMEX,769.68,MXN,APROBADA,BANDA,N
TRX0000316,2026-02-05 12:10:28,Electro Maya,Electronica,Merida,TPV02-MER,Raul Rivas,raul.rivas114@correo.mx,9720,MASTERCARD,7607.81,MXN,APROBADA,QR,N
TRX0000317,2026-02-24 14:37:23,Cafe Aurora,Restaurante,Guadalajara,TPV03-GUA,Fernando Gonzalez,fernando.gonzalez14@correo.mx,4950,MASTERCARD,284.24,MXN,APROBADA,MANUAL,N
TRX0000318,2026-03-12 07:02:57,CAFE AURORA,restaurante,Guadalajara,TPV04-GUA,Sofia Cortes,sofia.cortes153@correo.mx,1495,AMEX,198.06,MXN,APROBADA,BANDA,N
TRX0000319,2026-04-01 06:39:06,SUPER NORTENO,Supermercado,Monterrey,TPV01-MON,Lucia Herrera,lucia.herrera11@correo.mx,1104,VISA,2404.93,MXN,APROBADA,QR,N
TRX0000320,2026-03-27 06:41:39,Farmacia del Sol,Farmacia,Ciudad de Mexico,TPV02-CIU,Raul Delgado,raul.delgado142@correo.mx,4207,AMEX,203.64,MXN,APROBADA,CONTACTLESS,N
TRX0000321,2026-03-03 14:05:19,CAFE AURORA,Restaurante,Guadalajara,TPV01-GUA,Raul Delgado,raul.delgado169@correo.mx,7678,VISA,207.96,MXN,APROBADA,CHIP,N
TRX0000322,2026-01-31 10:12:21,Super Norteno,supermercado,Monterrey,TPV04-MON,Luis Ramirez,luis.ramirez58@correo.mx,8936,MASTERCARD,1940.03,MXN,APROBADA,QR,N
TRX0000323,2026-06-10 12:21:15,VIAJES ALTAMAR,Viajes,Cancun,TPV04-CAN,Ana Rivas,ana.rivas117@correo.mx,2975,MASTERCARD,18708.63,MXN,RECHAZADA,BANDA,N
TRX0000324,2026-06-02 19:08:13,CAFE AURORA,Restaurante,Guadalajara,TPV04-GUA,Luis Salazar,luis.salazar77@correo.mx,1058,AMEX,402.73,MXN,RECHAZADA,BANDA,N
TRX0000325,2026-06-22 14:38:46,SUPER NORTENO,Supermercado,Monterrey,TPV03-MON,Fernando Herrera,fernando.herrera177@correo.mx,7418,VISA,1103.15,MXN,APROBADA,MANUAL,N
TRX0000326,2026-05-21 09:58:17,ELECTRO MAYA,Electronica,Merida,TPV02-MER,Fernando Gonzalez,fernando.gonzalez14@correo.mx,4950,MASTERCARD,17061.83,MXN,APROBADA,CONTACTLESS,N
TRX0000327,2026-02-05 20:00:52,Super Norteno,supermercado,Monterrey,TPV04-MON,Jorge Vargas,jorge.vargas86@correo.mx,5040,MASTERCARD,3103.59,MXN,APROBADA,CHIP,N
TRX0000328,2026-06-17 17:05:11,BOUTIQUE IRIS,ropa,Ciudad de Mexico,TPV01-CIU,Elena Delgado,elena.delgado149@correo.mx,9248,MASTERCARD,3673.48,MXN,APROBADA,QR,N
TRX0000329,2026-06-25 17:18:04,ELECTRO MAYA,electronica,Merida,TPV01-MER,Ana Ramirez,ana.ramirez100@correo.mx,7772,VISA,3108.69,MXN,APROBADA,CHIP,N
TRX0000330,2026-04-18 21:53:04,FARMACIA DEL SOL,FARM,Ciudad de Mexico,TPV04-CIU,Elena Gonzalez,elena.gonzalez143@correo.mx,1660,MASTERCARD,437.81,MXN,APROBADA,MANUAL,N
TRX0000331,2026-01-16 06:03:21,GASOLINERA KM 12,combustible,Puebla,TPV02-PUE,Teresa Mendoza,teresa.mendoza159@correo.mx,6739,VISA,1601.86,MXN,APROBADA,QR,N
TRX0000332,2026-06-15 10:42:23,Super Nortenio,supermercado,Monterrey,TPV03-MON,Ana Trejo,ana.trejo51@correo.mx,9690,MASTERCARD,1693.97,MXN,APROBADA,QR,N
TRX0000333,2026-01-16 07:09:14,Super Norteno,supermercado,Monterrey,TPV01-MON,Teresa Mendoza,teresa.mendoza159@correo.mx,6739,VISA,2800.43,MXN,APROBADA,CONTACTLESS,N
TRX0000334,2026-04-12 19:05:53,Electro Maya,electronica,Merida,TPV04-MER,Ivan Trejo,ivan.trejo180@correo.mx,8045,MASTERCARD,2547.08,MXN,APROBADA,CHIP,N
TRX0000335,2026-06-02 11:09:06,Farmacia del Sol ,Farmacia,Ciudad de Mexico,TPV02-CIU,Fernando Herrera,fernando.herrera177@correo.mx,7418,VISA,888.62,MXN,APROBADA,MANUAL,N
TRX0000336,2026-06-11 16:58:30,Boutique  Iris,Ropa,Ciudad de Mexico,TPV01-CIU,Rocio Zamora,rocio.zamora85@correo.mx,2544,AMEX,1086.36,MXN,APROBADA,QR,N
TRX0000337,2026-01-28 16:09:08,FARMACIA DEL SOL,Farmacia,Ciudad de Mexico,TPV02-CIU,Jorge Vargas,jorge.vargas40@correo.mx,7531,MASTERCARD,426.66,MXN,APROBADA,CHIP,N
TRX0000338,2026-06-05 12:52:49,Boutique  Iris,Ropa,Ciudad de Mexico,TPV04-CIU,Hector Mendoza,hector.mendoza71@correo.mx,6093,VISA,5331.06,MXN,RECHAZADA,CONTACTLESS,N
TRX0000339,2026-03-20 11:15:46,Cafe Aurora,restaurante,Guadalajara,TPV04-GUA,Ana Delgado,ana.delgado171@correo.mx,8676,MASTERCARD,245.05,MXN,APROBADA,QR,N
TRX0000340,2026-05-06 11:50:28,FARMACIA DEL SOL,Farmacia,Ciudad de Mexico,TPV03-CIU,Patricia Cortes,patricia.cortes160@correo.mx,4485,VISA,784.28,MXN,APROBADA,QR,N
TRX0000341,2026-02-17 11:02:47,GASOLINERA KM 12,combustible,Puebla,TPV01-PUE,Luis Salazar,luis.salazar77@correo.mx,1058,AMEX,451.27,MXN,REVERSADA,BANDA,N
TRX0000342,2026-06-17 16:12:35,Farmacia del Sol ,FARM,Ciudad de Mexico,TPV03-CIU,Miguel Nunez,miguel.nunez174@correo.mx,2390,MASTERCARD,668.62,MXN,APROBADA,BANDA,N
TRX0000343,2026-03-21 10:19:47,Cafe Aurora,restaurante,Guadalajara,TPV04-GUA,Teresa Gonzalez,teresa.gonzalez24@correo.mx,8230,VISA,369.58,MXN,RECHAZADA,CONTACTLESS,N
TRX0000344,2026-01-21 12:34:36,Farmacia del Sol ,Farmacia,Ciudad de Mexico,TPV04-CIU,Elena Ramirez,elena.ramirez4@correo.mx,8580,VISA,599.17,MXN,REVERSADA,QR,N
TRX0000345,2026-03-12 13:47:31,Electro Maya,Electronica,Merida,TPV03-MER,Elena Zamora,elena.zamora16@correo.mx,2698,VISA,14770.53,MXN,RECHAZADA,QR,N
TRX0000346,2026-03-31 12:23:23,Super Nortenio,supermercado,Monterrey,TPV04-MON,Lucia Herrera,lucia.herrera155@correo.mx,9599,MASTERCARD,2059.26,MXN,APROBADA,MANUAL,N
TRX0000347,2026-04-15 12:14:10,Boutique Iris,VESTIMENTA,Ciudad de Mexico,TPV01-CIU,Miguel Gonzalez,miguel.gonzalez154@correo.mx,1692,MASTERCARD,3842.47,MXN,APROBADA,MANUAL,N
TRX0000348,2026-06-29 12:18:16,Electro Maya,Electronica,Merida,TPV01-MER,Lucia Zamora,lucia.zamora108@correo.mx,3262,MASTERCARD,23766.99,MXN,APROBADA,BANDA,N
TRX0000349,2026-03-25 20:01:19,Farmacia del Sol,FARM,Ciudad de Mexico,TPV04-CIU,Fernando Salazar,fernando.salazar63@correo.mx,5089,MASTERCARD,530.17,MXN,APROBADA,CONTACTLESS,N
TRX0000350,2026-01-05 14:45:32,Gasolinera Km 12,Combustible,Puebla,TPV01-PUE,Sofia Salazar,sofia.salazar146@correo.mx,4742,VISA,1584.43,MXN,APROBADA,CONTACTLESS,N
TRX0000351,2026-03-25 07:24:52,BOUTIQUE IRIS,Ropa,Ciudad de Mexico,TPV01-CIU,Luis Gonzalez,luis.gonzalez18@correo.mx,8351,VISA,4506.55,MXN,APROBADA,CHIP,N
TRX0000352,2026-04-07 09:18:50,CAFE AURORA,Restaurante,Guadalajara,TPV01-GUA,Elena Trejo,elena.trejo113@correo.mx,4568,MASTERCARD,209.31,MXN,APROBADA,CONTACTLESS,N
TRX0000353,2026-06-14 09:18:37,Cafe Aurora,restaurante,Guadalajara,TPV02-GUA,Teresa Rivas,teresa.rivas6@correo.mx,1505,MASTERCARD,101.68,MXN,APROBADA,BANDA,N
TRX0000354,2026-03-03 11:53:14,CAFE AURORA,Restaurante,Guadalajara,TPV03-GUA,Miguel Herrera,miguel.herrera166@correo.mx,4697,AMEX,439.41,MXN,APROBADA,BANDA,N
TRX0000355,2026-04-28 08:24:28,Cafe Aurora,restaurante,Guadalajara,TPV01-GUA,Fernando Rivas,fernando.rivas133@correo.mx,6714,MASTERCARD,442.75,MXN,REVERSADA,BANDA,N
TRX0000356,2026-01-27 20:49:36,Boutique Iris,VESTIMENTA,Ciudad de Mexico,TPV02-CIU,Miguel Gonzalez,miguel.gonzalez28@correo.mx,8632,VISA,4521.8,MXN,APROBADA,QR,N
TRX0000357,2026-05-19 13:25:21,Boutique Iris,VESTIMENTA,Ciudad de Mexico,TPV04-CIU,Ana Delgado,ana.delgado171@correo.mx,8676,MASTERCARD,1981.93,MXN,APROBADA,CHIP,N
TRX0000358,2026-02-27 17:07:05,Electro Maya,Electronica,Merida,TPV03-MER,Elena Gonzalez,elena.gonzalez143@correo.mx,1660,MASTERCARD,21470.93,MXN,REVERSADA,MANUAL,N
TRX0000359,2026-04-20 16:50:51,Gasolinera Km 12,combustible,Puebla,TPV03-PUE,Teresa Rivas,teresa.rivas25@correo.mx,6114,AMEX,772.0,MXN,APROBADA,MANUAL,N
TRX0000360,2026-06-19 14:10:08,Farmacia del Sol ,FARM,Ciudad de Mexico,TPV04-CIU,Elena Ramirez,elena.ramirez144@correo.mx,3433,VISA,533.35,MXN,APROBADA,CHIP,N
TRX0000361,2026-06-17 11:25:11,SUPER NORTENO,SUPER,Monterrey,TPV01-MON,Ana Zamora,ana.zamora72@correo.mx,8476,VISA,1655.39,MXN,APROBADA,CONTACTLESS,N
TRX0000362,2026-02-26 12:40:24,Cafe Aurora,restaurante,Guadalajara,TPV04-GUA,Fernando Vargas,fernando.vargas65@correo.mx,7747,MASTERCARD,256.66,MXN,APROBADA,CHIP,N
TRX0000363,2026-02-19 14:29:56,CAFE AURORA,restaurante,Guadalajara,TPV03-GUA,Carmen Ramirez,carmen.ramirez111@correo.mx,1829,VISA,434.63,MXN,REVERSADA,BANDA,N
TRX0000364,2026-04-15 13:32:38,Super Nortenio,SUPER,Monterrey,TPV03-MON,Miguel Gonzalez,miguel.gonzalez172@correo.mx,9785,AMEX,1162.12,MXN,APROBADA,BANDA,N
TRX0000365,2026-04-30 09:37:00,SUPER NORTENO,Supermercado,Monterrey,TPV04-MON,Ana Nunez,ana.nunez17@correo.mx,9063,VISA,478.82,MXN,APROBADA,QR,N
TRX0000366,2026-02-07 08:07:25,FARMACIA DEL SOL,farmacia,Ciudad de Mexico,TPV03-CIU,Rocio Salazar,rocio.salazar98@correo.mx,9662,VISA,398.3,MXN,APROBADA,CHIP,N
TRX0000367,2026-03-20 11:41:04,Boutique Iris,Ropa,Ciudad de Mexico,TPV02-CIU,Carmen Nunez,carmen.nunez31@correo.mx,2556,AMEX,4848.66,MXN,APROBADA,MANUAL,N
TRX0000368,2026-06-17 08:03:24,Farmacia del Sol,FARM,Ciudad de Mexico,TPV03-CIU,Elena Vargas,elena.vargas148@correo.mx,9840,AMEX,183.51,MXN,APROBADA,CONTACTLESS,N
TRX0000369,2026-03-10 19:59:07,CAFE AURORA,Restaurante,Guadalajara,TPV03-GUA,Raul Mendoza,raul.mendoza30@correo.mx,7314,MASTERCARD,287.9,MXN,APROBADA,BANDA,N
TRX0000370,2026-03-21 08:55:05,Farmacia del Sol ,farmacia,Ciudad de Mexico,TPV01-CIU,Fernando Zamora,fernando.zamora156@correo.mx,3541,MASTERCARD,193.24,MXN,APROBADA,QR,N
TRX0000371,2026-03-29 19:04:50,Super Norteno,Supermercado,Monterrey,TPV02-MON,Raul Herrera,raul.herrera110@correo.mx,7010,VISA,1121.23,MXN,APROBADA,CONTACTLESS,N
TRX0000372,2026-05-19 20:40:37,Boutique Iris,VESTIMENTA,Ciudad de Mexico,TPV04-CIU,Jorge Rivas,jorge.rivas147@correo.mx,5919,MASTERCARD,4072.02,MXN,APROBADA,CONTACTLESS,N
TRX0000373,2026-04-18 14:03:03,ELECTRO MAYA,electronica,Merida,TPV04-MER,Jorge Herrera,jorge.herrera46@correo.mx,2925,AMEX,3285.71,MXN,APROBADA,QR,N
TRX0000374,2026-05-19 08:11:28,Super Norteno,supermercado,Monterrey,TPV03-MON,Raul Herrera,raul.herrera110@correo.mx,7010,VISA,2717.22,MXN,APROBADA,BANDA,N
TRX0000375,2026-02-17 15:03:18,FARMACIA DEL SOL,FARM,Ciudad de Mexico,TPV04-CIU,Hector Herrera,hector.herrera34@correo.mx,8787,VISA,589.65,MXN,RECHAZADA,QR,N
TRX0000376,2026-05-01 10:02:35,GASOLINERA KM 12,combustible,Puebla,TPV02-PUE,Lucia Vargas,lucia.vargas64@correo.mx,5333,VISA,1446.61,MXN,APROBADA,CONTACTLESS,N
TRX0000377,2026-03-28 16:21:16,Farmacia del Sol ,FARM,Ciudad de Mexico,TPV02-CIU,Lucia Trejo,lucia.trejo92@correo.mx,3905,MASTERCARD,859.67,MXN,APROBADA,MANUAL,N
TRX0000378,2026-05-23 17:17:56,FARMACIA DEL SOL,FARM,Ciudad de Mexico,TPV03-CIU,Jorge Gonzalez,jorge.gonzalez2@correo.mx,4837,AMEX,227.09,MXN,APROBADA,MANUAL,N
TRX0000379,2026-04-11 19:36:51,Super Nortenio,Supermercado,Monterrey,TPV02-MON,Raul Mendoza,raul.mendoza30@correo.mx,7314,MASTERCARD,2741.74,MXN,APROBADA,CONTACTLESS,N
TRX0000380,2026-06-28 19:18:57,FARMACIA DEL SOL,farmacia,Ciudad de Mexico,TPV01-CIU,Hector Ramirez,hector.ramirez164@correo.mx,7290,MASTERCARD,660.46,MXN,APROBADA,MANUAL,N
TRX0000381,2026-01-28 11:02:56,SUPER NORTENO,SUPER,Monterrey,TPV01-MON,Raul Cortes,raul.cortes116@correo.mx,1792,MASTERCARD,3454.51,MXN,APROBADA,BANDA,N
TRX0000382,2026-01-08 18:09:17,ELECTRO MAYA,Electronica,Merida,TPV04-MER,Jorge Mendoza,jorge.mendoza47@correo.mx,7512,AMEX,9457.18,MXN,APROBADA,MANUAL,N
TRX0000383,2026-01-04 19:47:49,Viajes Altamar,Viajes,Cancun,TPV04-CAN,Patricia Gonzalez,patricia.gonzalez127@correo.mx,4793,VISA,36193.82,MXN,APROBADA,QR,N
TRX0000384,2026-01-21 10:19:13,Cafe Aurora,restaurante,Guadalajara,TPV04-GUA,Raul Vargas,raul.vargas22@correo.mx,8824,AMEX,464.51,MXN,APROBADA,BANDA,N
TRX0000385,2026-05-31 19:23:40,SUPER NORTENO,SUPER,Monterrey,TPV03-MON,Miguel Nunez,miguel.nunez82@correo.mx,8132,AMEX,747.32,MXN,APROBADA,CONTACTLESS,N
TRX0000386,2026-05-31 19:23:35,CAFE AURORA,Restaurante,Guadalajara,TPV01-GUA,Raul Mendoza,raul.mendoza90@correo.mx,1177,AMEX,434.14,MXN,APROBADA,MANUAL,N
TRX0000387,2026-03-02 09:29:56,FARMACIA DEL SOL,Farmacia,Ciudad de Mexico,TPV01-CIU,Elena Vargas,elena.vargas89@correo.mx,5689,VISA,864.91,MXN,APROBADA,CHIP,N
TRX0000388,2026-06-25 18:54:53,Super Nortenio,supermercado,Monterrey,TPV01-MON,Raul Delgado,raul.delgado142@correo.mx,4207,AMEX,904.58,MXN,APROBADA,CHIP,N
TRX0000389,2026-03-10 18:37:24,Viajes Altamar,viajes,Cancun,TPV02-CAN,Elena Vargas,elena.vargas89@correo.mx,5689,VISA,14196.49,MXN,APROBADA,QR,N
TRX0000390,2026-05-31 10:59:27,GASOLINERA KM 12,Combustible,Puebla,TPV02-PUE,Ana Cortes,ana.cortes53@correo.mx,9845,MASTERCARD,677.44,MXN,RECHAZADA,QR,N
TRX0000391,2026-04-19 06:14:32,FARMACIA DEL SOL,Farmacia,Ciudad de Mexico,TPV02-CIU,Raul Nunez,raul.nunez70@correo.mx,5287,AMEX,133.8,MXN,APROBADA,QR,N
TRX0000392,2026-02-28 13:19:46,FARMACIA DEL SOL,farmacia,Ciudad de Mexico,TPV04-CIU,Jorge Mendoza,jorge.mendoza47@correo.mx,7512,AMEX,855.61,MXN,APROBADA,CONTACTLESS,N
TRX0000393,2026-01-24 14:38:12,CAFE AURORA,restaurante,Guadalajara,TPV02-GUA,Sofia Nunez,sofia.nunez134@correo.mx,8835,VISA,326.24,MXN,APROBADA,CHIP,N
TRX0000394,2026-04-17 08:08:32,Electro Maya,ELECTRO,Merida,TPV03-MER,Ana Zamora,ana.zamora72@correo.mx,8476,VISA,16343.85,MXN,APROBADA,CONTACTLESS,N
TRX0000395,2026-02-19 07:55:19,BOUTIQUE IRIS,Ropa,Ciudad de Mexico,TPV04-CIU,Hector Mendoza,hector.mendoza71@correo.mx,6093,VISA,1283.03,MXN,RECHAZADA,QR,N
TRX0000396,2026-05-12 10:40:42,Super Norteno,supermercado,Monterrey,TPV03-MON,Elena Ramirez,elena.ramirez61@correo.mx,8246,AMEX,2980.6,MXN,APROBADA,MANUAL,N
TRX0000397,2026-06-14 14:35:59,Farmacia del Sol ,Farmacia,Ciudad de Mexico,TPV04-CIU,Raul Gonzalez,raul.gonzalez74@correo.mx,9447,VISA,741.14,MXN,APROBADA,BANDA,N
TRX0000398,2026-05-26 17:00:28,Cafe Aurora,restaurante,Guadalajara,TPV04-GUA,Ivan Ramirez,ivan.ramirez45@correo.mx,8146,AMEX,208.1,MXN,APROBADA,CHIP,N
TRX0000399,2026-02-18 15:33:42,FARMACIA DEL SOL,Farmacia,Ciudad de Mexico,TPV04-CIU,Rocio Ramirez,rocio.ramirez12@correo.mx,2195,MASTERCARD,529.07,MXN,APROBADA,BANDA,N
TRX0000400,2026-02-14 16:38:02,Farmacia del Sol ,Farmacia,Ciudad de Mexico,TPV01-CIU,Elena Zamora,elena.zamora178@correo.mx,7623,AMEX,398.01,MXN,RECHAZADA,QR,N
TRX0000401,2026-01-22 06:13:14,Super Nortenio,supermercado,Monterrey,TPV01-MON,Hector Trejo,hector.trejo101@correo.mx,6533,MASTERCARD,2044.05,MXN,APROBADA,CONTACTLESS,N
TRX0000402,2026-05-08 11:29:12,SUPER NORTENO,supermercado,Monterrey,TPV02-MON,Hector Rivas,hector.rivas50@correo.mx,8897,MASTERCARD,2433.78,MXN,REVERSADA,BANDA,N
TRX0000403,2026-04-06 17:26:05,Super Nortenio,supermercado,Monterrey,TPV02-MON,Ana Zamora,ana.zamora72@correo.mx,8476,VISA,731.73,MXN,REVERSADA,MANUAL,N
TRX0000404,2026-02-16 13:06:44,SUPER NORTENO,supermercado,Monterrey,TPV03-MON,Ana Delgado,ana.delgado171@correo.mx,1786,AMEX,3483.3,MXN,APROBADA,CHIP,N
TRX0000405,2026-05-12 16:17:57,SUPER NORTENO,Supermercado,Monterrey,TPV03-MON,Luis Rivas,luis.rivas99@correo.mx,1585,MASTERCARD,3487.85,MXN,APROBADA,CHIP,N
TRX0000406,2026-01-16 09:23:13,CAFE AURORA,Restaurante,Guadalajara,TPV03-GUA,Raul Nunez,raul.nunez70@correo.mx,5287,AMEX,359.6,MXN,APROBADA,CHIP,N
TRX0000407,2026-02-01 15:47:37,SUPER NORTENO,Supermercado,Monterrey,TPV04-MON,Elena Vargas,elena.vargas148@correo.mx,9840,AMEX,1285.1,MXN,APROBADA,CHIP,N
TRX0000408,2026-02-20 14:48:34,Super Norteno,SUPER,Monterrey,TPV04-MON,Lucia Zamora,lucia.zamora108@correo.mx,3262,MASTERCARD,3434.3,MXN,APROBADA,CONTACTLESS,N
TRX0000409,2026-05-21 10:06:08,Super Norteno,supermercado,Monterrey,TPV04-MON,Sofia Salazar,sofia.salazar146@correo.mx,4742,VISA,445.37,MXN,REVERSADA,MANUAL,N
TRX0000410,2026-05-17 12:10:33,SUPER NORTENO,Supermercado,Monterrey,TPV01-MON,Rocio Rivas,rocio.rivas87@correo.mx,7957,VISA,3028.98,MXN,RECHAZADA,BANDA,N
TRX0000411,2026-02-16 06:09:57,CAFE AURORA,Restaurante,Guadalajara,TPV01-GUA,Miguel Gonzalez,miguel.gonzalez154@correo.mx,8784,AMEX,162.21,MXN,APROBADA,BANDA,N
TRX0000412,2026-06-11 17:13:55,Cafe Aurora,Restaurante,Guadalajara,TPV02-GUA,Raul Vargas,raul.vargas106@correo.mx,1214,AMEX,98.48,MXN,APROBADA,QR,N
TRX0000413,2026-02-19 15:48:50,Gasolinera Km 12,Combustible,Puebla,TPV01-PUE,Raul Delgado,raul.delgado122@correo.mx,1413,VISA,1445.5,MXN,APROBADA,CHIP,N
TRX0000414,2026-02-13 17:11:26,Electro Maya,electronica,Merida,TPV01-MER,Patricia Delgado,patricia.delgado67@correo.mx,2557,MASTERCARD,18176.68,MXN,APROBADA,BANDA,N
TRX0000415,2026-04-29 11:10:13,SUPER NORTENO,supermercado,Monterrey,TPV03-MON,Luis Salazar,luis.salazar77@correo.mx,1058,AMEX,2872.44,MXN,APROBADA,QR,N
TRX0000416,2026-03-06 21:12:17,Boutique Iris,VESTIMENTA,Ciudad de Mexico,TPV02-CIU,Patricia Delgado,patricia.delgado67@correo.mx,9262,AMEX,5440.41,MXN,REVERSADA,BANDA,N
TRX0000417,2026-02-19 18:19:54,Boutique Iris,VESTIMENTA,Ciudad de Mexico,TPV03-CIU,Miguel Trejo,miguel.trejo115@correo.mx,2634,VISA,4132.49,MXN,RECHAZADA,QR,N
TRX0000418,2026-01-27 19:15:45,Cafe Aurora,Restaurante,Guadalajara,TPV01-GUA,Elena Ramirez,elena.ramirez175@correo.mx,9442,MASTERCARD,411.64,MXN,APROBADA,QR,N
TRX0000419,2026-02-07 09:40:26,Gasolinera Km 12,combustible,Puebla,TPV03-PUE,Ivan Ramirez,ivan.ramirez45@correo.mx,8146,AMEX,1371.21,MXN,RECHAZADA,BANDA,N
TRX0000420,2026-02-23 19:23:13,GASOLINERA KM 12,combustible,Puebla,TPV02-PUE,Miguel Gonzalez,miguel.gonzalez28@correo.mx,8632,VISA,727.72,MXN,RECHAZADA,QR,N
TRX0000421,2026-03-13 14:18:21,GASOLINERA KM 12,combustible,Puebla,TPV02-PUE,Ana Cortes,ana.cortes53@correo.mx,3646,VISA,1644.22,MXN,APROBADA,BANDA,N
TRX0000422,2026-06-08 07:53:23,Super Norteno,SUPER,Monterrey,TPV04-MON,Lucia Trejo,lucia.trejo92@correo.mx,3905,MASTERCARD,243.46,MXN,APROBADA,MANUAL,N
TRX0000423,2026-01-10 15:00:04,Boutique Iris,ropa,Ciudad de Mexico,TPV03-CIU,Ivan Gonzalez,ivan.gonzalez163@correo.mx,9280,MASTERCARD,3273.41,MXN,APROBADA,CONTACTLESS,N
TRX0000424,2026-01-06 13:30:48,FARMACIA DEL SOL,Farmacia,Ciudad de Mexico,TPV01-CIU,Raul Gonzalez,raul.gonzalez179@correo.mx,8333,MASTERCARD,842.92,MXN,APROBADA,QR,N
TRX0000425,2026-01-26 18:39:17,FARMACIA DEL SOL,FARM,Ciudad de Mexico,TPV03-CIU,Raul Mendoza,raul.mendoza90@correo.mx,1177,AMEX,281.07,MXN,APROBADA,CONTACTLESS,N
TRX0000426,2026-03-10 18:47:40,SUPER NORTENO,SUPER,Monterrey,TPV04-MON,Hector Rivas,hector.rivas50@correo.mx,8897,MASTERCARD,2472.53,MXN,APROBADA,CHIP,N
TRX0000427,2026-03-06 16:59:45,CAFE AURORA,restaurante,Guadalajara,TPV04-GUA,Carmen Gonzalez,carmen.gonzalez129@correo.mx,1346,MASTERCARD,391.89,MXN,REVERSADA,BANDA,N
TRX0000428,2026-03-23 09:31:33,FARMACIA DEL SOL,farmacia,Ciudad de Mexico,TPV03-CIU,Patricia Gonzalez,patricia.gonzalez127@correo.mx,4793,VISA,460.92,MXN,APROBADA,CHIP,N
TRX0000429,2026-02-21 13:41:05,Viajes Altamar,viajes,Cancun,TPV02-CAN,Patricia Gonzalez,patricia.gonzalez127@correo.mx,8628,VISA,13014.56,MXN,APROBADA,MANUAL,N
TRX0000430,2026-01-04 21:40:32,SUPER NORTENO,Supermercado,Monterrey,TPV04-MON,Ana Cortes,ana.cortes53@correo.mx,9845,MASTERCARD,3069.45,MXN,APROBADA,MANUAL,N
TRX0000431,2026-01-26 06:10:41,SUPER NORTENO,Supermercado,Monterrey,TPV03-MON,Rocio Zamora,rocio.zamora85@correo.mx,2544,AMEX,375.88,MXN,APROBADA,QR,N
TRX0000432,2026-04-20 21:05:35,SUPER NORTENO,supermercado,Monterrey,TPV01-MON,Sofia Cortes,sofia.cortes153@correo.mx,1495,AMEX,1135.01,MXN,REVERSADA,CHIP,N
TRX0000433,2026-02-11 21:56:02,BOUTIQUE IRIS,VESTIMENTA,Ciudad de Mexico,TPV02-CIU,Carmen Ramirez,carmen.ramirez111@correo.mx,1829,VISA,1931.79,MXN,APROBADA,CHIP,N
TRX0000434,2026-05-01 13:28:13,Super Nortenio,Supermercado,Monterrey,TPV01-MON,Miguel Ramirez,miguel.ramirez132@correo.mx,5849,MASTERCARD,1120.5,MXN,REVERSADA,QR,N
TRX0000435,2026-06-24 10:58:23,BOUTIQUE IRIS,Ropa,Ciudad de Mexico,TPV02-CIU,Elena Ramirez,elena.ramirez4@correo.mx,8580,VISA,2624.22,MXN,REVERSADA,CHIP,N
TRX0000436,2026-03-22 06:35:11,Super Nortenio,SUPER,Monterrey,TPV02-MON,Teresa Rivas,teresa.rivas25@correo.mx,6114,AMEX,2314.41,MXN,APROBADA,CHIP,N
TRX0000437,2026-02-19 11:51:37,Super Nortenio,supermercado,Monterrey,TPV04-MON,Fernando Zamora,fernando.zamora156@correo.mx,3541,MASTERCARD,760.26,MXN,APROBADA,CONTACTLESS,N
TRX0000438,2026-04-16 15:09:19,Super Nortenio,SUPER,Monterrey,TPV02-MON,Patricia Ramirez,patricia.ramirez130@correo.mx,8241,AMEX,2993.25,MXN,APROBADA,QR,N
TRX0000439,2026-05-14 17:32:26,FARMACIA DEL SOL,Farmacia,Ciudad de Mexico,TPV04-CIU,Fernando Gonzalez,fernando.gonzalez14@correo.mx,4950,MASTERCARD,889.53,MXN,APROBADA,CONTACTLESS,N
TRX0000440,2026-01-31 15:20:47,SUPER NORTENO,supermercado,Monterrey,TPV02-MON,Rocio Rivas,rocio.rivas87@correo.mx,7400,AMEX,1946.33,MXN,APROBADA,CHIP,N
TRX0000441,2026-01-18 16:07:09,Super Nortenio,supermercado,Monterrey,TPV02-MON,Carmen Ramirez,carmen.ramirez111@correo.mx,1829,VISA,2691.85,MXN,APROBADA,CONTACTLESS,N
TRX0000442,2026-06-23 18:11:03,Boutique  Iris,ropa,Ciudad de Mexico,TPV04-CIU,Sofia Rivas,sofia.rivas81@correo.mx,4001,VISA,5919.37,MXN,APROBADA,BANDA,N
TRX0000443,2026-04-20 21:16:46,BOUTIQUE IRIS,VESTIMENTA,Ciudad de Mexico,TPV02-CIU,Ana Cortes,ana.cortes91@correo.mx,8806,AMEX,3707.54,MXN,APROBADA,QR,N
TRX0000444,2026-06-04 17:48:53,Farmacia del Sol ,Farmacia,Ciudad de Mexico,TPV02-CIU,Jorge Rivas,jorge.rivas147@correo.mx,5919,MASTERCARD,312.85,MXN,APROBADA,MANUAL,N
TRX0000445,2026-05-19 12:52:10,Super Norteno,supermercado,Monterrey,TPV03-MON,Lucia Ramirez,lucia.ramirez152@correo.mx,6278,MASTERCARD,960.0,MXN,REVERSADA,MANUAL,N
TRX0000446,2026-03-25 07:50:09,ELECTRO MAYA,ELECTRO,Merida,TPV01-MER,Elena Cortes,elena.cortes68@correo.mx,5599,AMEX,941.13,MXN,APROBADA,MANUAL,N
TRX0000447,2026-04-08 09:05:00,Super Nortenio,Supermercado,Monterrey,TPV03-MON,Fernando Salazar,fernando.salazar63@correo.mx,5089,MASTERCARD,2611.73,MXN,APROBADA,MANUAL,N
TRX0000448,2026-02-24 18:47:45,Super Nortenio,SUPER,Monterrey,TPV02-MON,Ivan Delgado,ivan.delgado59@correo.mx,3851,AMEX,1700.69,MXN,APROBADA,QR,N
TRX0000449,2026-06-01 08:44:18,Gasolinera Km 12,Combustible,Puebla,TPV04-PUE,Lucia Gonzalez,lucia.gonzalez54@correo.mx,2892,AMEX,564.81,MXN,APROBADA,CHIP,N
TRX0000450,2026-06-26 21:27:31,Cafe Aurora,Restaurante,Guadalajara,TPV04-GUA,Elena Delgado,elena.delgado149@correo.mx,9248,MASTERCARD,226.83,MXN,REVERSADA,CONTACTLESS,N
TRX0000451,2026-04-16 21:01:35,Gasolinera Km 12,combustible,Puebla,TPV03-PUE,Hector Herrera,hector.herrera34@correo.mx,8787,VISA,1749.53,MXN,REVERSADA,QR,N
TRX0000452,2026-03-01 19:07:40,Super Norteno,SUPER,Monterrey,TPV04-MON,Rocio Nunez,rocio.nunez173@correo.mx,4285,MASTERCARD,2037.56,MXN,RECHAZADA,BANDA,N
TRX0000453,2026-02-24 12:06:45,BOUTIQUE IRIS,ropa,Ciudad de Mexico,TPV01-CIU,Raul Vargas,raul.vargas135@correo.mx,8290,AMEX,2955.99,MXN,APROBADA,CHIP,N
TRX0000454,2026-06-09 09:46:48,CAFE AURORA,Restaurante,Guadalajara,TPV03-GUA,Lucia Delgado,lucia.delgado141@correo.mx,6423,VISA,372.59,MXN,APROBADA,CHIP,N
TRX0000455,2026-06-21 14:52:00,Farmacia del Sol,FARM,Ciudad de Mexico,TPV02-CIU,Luis Ramirez,luis.ramirez39@correo.mx,8712,VISA,456.55,MXN,APROBADA,MANUAL,N
TRX0000456,2026-02-27 21:32:57,FARMACIA DEL SOL,FARM,Ciudad de Mexico,TPV02-CIU,Elena Trejo,elena.trejo73@correo.mx,9973,AMEX,406.12,MXN,APROBADA,QR,N
TRX0000457,2026-03-21 09:25:11,Boutique  Iris,Ropa,Ciudad de Mexico,TPV02-CIU,Sofia Trejo,sofia.trejo80@correo.mx,8498,MASTERCARD,2431.07,MXN,REVERSADA,CHIP,N
TRX0000458,2026-05-19 13:15:23,Farmacia del Sol,Farmacia,Ciudad de Mexico,TPV03-CIU,Jorge Vargas,jorge.vargas40@correo.mx,7531,MASTERCARD,861.52,MXN,APROBADA,CONTACTLESS,N
TRX0000459,2026-06-18 15:58:44,Farmacia del Sol,FARM,Ciudad de Mexico,TPV02-CIU,Jorge Herrera,jorge.herrera112@correo.mx,5612,MASTERCARD,527.54,MXN,APROBADA,QR,N
TRX0000460,2026-02-16 14:29:22,Cafe Aurora,restaurante,Guadalajara,TPV01-GUA,Raul Delgado,raul.delgado105@correo.mx,8772,MASTERCARD,93.08,MXN,RECHAZADA,CONTACTLESS,N
TRX0000461,2026-05-27 07:52:39,Boutique  Iris,Ropa,Ciudad de Mexico,TPV04-CIU,Raul Delgado,raul.delgado169@correo.mx,7678,VISA,2868.46,MXN,REVERSADA,MANUAL,N
TRX0000462,2026-01-23 11:46:27,SUPER NORTENO,Supermercado,Monterrey,TPV02-MON,Hector Trejo,hector.trejo101@correo.mx,6533,MASTERCARD,517.23,MXN,APROBADA,CONTACTLESS,N
TRX0000463,2026-03-23 08:32:59,Super Norteno,supermercado,Monterrey,TPV01-MON,Rocio Nunez,rocio.nunez173@correo.mx,4285,MASTERCARD,1262.45,MXN,APROBADA,BANDA,N
TRX0000464,2026-06-28 17:42:51,SUPER NORTENO,Supermercado,Monterrey,TPV03-MON,Elena Ramirez,elena.ramirez175@correo.mx,9442,MASTERCARD,763.15,MXN,RECHAZADA,QR,N
TRX0000465,2026-02-14 17:34:28,Gasolinera Km 12,combustible,Puebla,TPV04-PUE,Lucia Herrera,lucia.herrera11@correo.mx,1104,VISA,1336.65,MXN,APROBADA,MANUAL,N
TRX0000466,2026-01-12 15:02:04,FARMACIA DEL SOL,FARM,Ciudad de Mexico,TPV02-CIU,Raul Nunez,raul.nunez70@correo.mx,2085,VISA,287.2,MXN,APROBADA,MANUAL,N
TRX0000467,2026-02-19 16:31:33,BOUTIQUE IRIS,ropa,Ciudad de Mexico,TPV02-CIU,Teresa Rivas,teresa.rivas25@correo.mx,6114,AMEX,1441.46,MXN,APROBADA,MANUAL,N
TRX0000468,2026-04-03 16:25:41,Super Nortenio,supermercado,Monterrey,TPV03-MON,Raul Vargas,raul.vargas22@correo.mx,8824,AMEX,737.0,MXN,APROBADA,QR,N
TRX0000469,2026-05-03 16:39:00,CAFE AURORA,restaurante,Guadalajara,TPV04-GUA,Miguel Cortes,miguel.cortes97@correo.mx,9422,MASTERCARD,377.84,MXN,APROBADA,CHIP,N
TRX0000470,2026-01-09 06:05:50,Boutique Iris,ropa,Ciudad de Mexico,TPV04-CIU,Miguel Nunez,miguel.nunez82@correo.mx,8132,AMEX,4925.94,MXN,APROBADA,QR,N
TRX0000471,2026-01-19 10:59:17,Viajes Altamar,viajes,Cancun,TPV04-CAN,Ana Cortes,ana.cortes53@correo.mx,3646,VISA,34321.4,MXN,RECHAZADA,CONTACTLESS,N
TRX0000472,2026-04-23 10:32:16,ELECTRO MAYA,ELECTRO,Merida,TPV03-MER,Ana Cortes,ana.cortes91@correo.mx,8806,AMEX,18347.35,MXN,REVERSADA,MANUAL,N
TRX0000473,2026-04-19 07:26:28,Farmacia del Sol ,farmacia,Ciudad de Mexico,TPV04-CIU,Hector Rivas,hector.rivas50@correo.mx,8897,MASTERCARD,599.66,MXN,APROBADA,BANDA,S
TRX0000474,2026-06-17 18:15:41,Boutique  Iris,ropa,Ciudad de Mexico,TPV02-CIU,Jorge Rivas,jorge.rivas147@correo.mx,5919,MASTERCARD,3226.05,MXN,REVERSADA,CHIP,N
TRX0000475,2026-03-26 16:59:11,Cafe Aurora,restaurante,Guadalajara,TPV02-GUA,Miguel Cortes,miguel.cortes97@correo.mx,9422,MASTERCARD,308.38,MXN,RECHAZADA,CHIP,N
TRX0000476,2026-05-26 21:16:47,BOUTIQUE IRIS,Ropa,Ciudad de Mexico,TPV04-CIU,Jorge Herrera,jorge.herrera112@correo.mx,5612,MASTERCARD,2617.68,MXN,APROBADA,CONTACTLESS,N
TRX0000477,2026-06-12 19:48:20,GASOLINERA KM 12,combustible,Puebla,TPV02-PUE,Sofia Ramirez,sofia.ramirez84@correo.mx,8467,MASTERCARD,873.17,MXN,APROBADA,CONTACTLESS,N
TRX0000478,2026-04-01 21:30:20,Gasolinera Km 12,Combustible,Puebla,TPV01-PUE,Lucia Zamora,lucia.zamora108@correo.mx,3262,MASTERCARD,1397.82,MXN,APROBADA,MANUAL,N
TRX0000479,2026-02-08 21:26:42,Super Nortenio,supermercado,Monterrey,TPV03-MON,Teresa Mendoza,teresa.mendoza159@correo.mx,6739,VISA,2031.7,MXN,APROBADA,CONTACTLESS,N
TRX0000480,2026-01-06 10:32:26,Farmacia del Sol ,farmacia,Ciudad de Mexico,TPV01-CIU,Hector Rivas,hector.rivas50@correo.mx,8897,MASTERCARD,500.02,MXN,APROBADA,QR,N
TRX0000481,2026-05-08 11:50:04,ELECTRO MAYA,ELECTRO,Merida,TPV04-MER,Jorge Nunez,jorge.nunez29@correo.mx,5067,AMEX,14497.87,MXN,APROBADA,MANUAL,N
TRX0000482,2026-01-02 14:35:54,Gasolinera Km 12,Combustible,Puebla,TPV01-PUE,Miguel Ramirez,miguel.ramirez132@correo.mx,5849,MASTERCARD,1048.51,MXN,APROBADA,QR,N
TRX0000483,2026-01-04 09:01:36,Super Norteno,Supermercado,Monterrey,TPV02-MON,Rocio Salazar,rocio.salazar98@correo.mx,9662,VISA,2703.54,MXN,REVERSADA,QR,N
TRX0000484,2026-05-15 20:33:18,Super Nortenio,SUPER,Monterrey,TPV02-MON,Lucia Gonzalez,lucia.gonzalez96@correo.mx,7074,VISA,856.18,MXN,APROBADA,QR,N
TRX0000485,2026-06-16 14:29:06,GASOLINERA KM 12,Combustible,Puebla,TPV04-PUE,Patricia Gonzalez,patricia.gonzalez33@correo.mx,8690,AMEX,544.46,MXN,APROBADA,BANDA,N
TRX0000486,2026-05-24 15:45:11,Electro Maya,Electronica,Merida,TPV04-MER,Ivan Ramirez,ivan.ramirez45@correo.mx,8146,AMEX,17139.56,MXN,APROBADA,MANUAL,N
TRX0000487,2026-01-09 16:52:22,Cafe Aurora,Restaurante,Guadalajara,TPV01-GUA,Lucia Ramirez,lucia.ramirez152@correo.mx,6278,MASTERCARD,405.06,MXN,APROBADA,CONTACTLESS,N
TRX0000488,2026-06-17 09:14:30,CAFE AURORA,Restaurante,Guadalajara,TPV03-GUA,Fernando Salazar,fernando.salazar63@correo.mx,5089,MASTERCARD,478.54,MXN,APROBADA,QR,N
TRX0000489,2026-06-05 06:47:17,SUPER NORTENO,SUPER,Monterrey,TPV01-MON,Patricia Cortes,patricia.cortes160@correo.mx,9021,MASTERCARD,3308.83,MXN,REVERSADA,QR,N
TRX0000490,2026-04-24 11:20:45,Electro Maya,Electronica,Merida,TPV04-MER,Jorge Herrera,jorge.herrera46@correo.mx,2925,AMEX,13502.58,MXN,APROBADA,CHIP,N
TRX0000491,2026-05-26 12:15:20,Super Nortenio,Supermercado,Monterrey,TPV03-MON,Rocio Salazar,rocio.salazar15@correo.mx,4224,MASTERCARD,2794.75,MXN,REVERSADA,BANDA,N
TRX0000492,2026-05-01 13:20:49,GASOLINERA KM 12,Combustible,Puebla,TPV02-PUE,Ana Zamora,ana.zamora72@correo.mx,8476,VISA,1499.26,MXN,APROBADA,MANUAL,N
TRX0000493,2026-04-30 06:24:49,Viajes Altamar,viajes,Cancun,TPV01-CAN,Ana Vargas,ana.vargas44@correo.mx,1097,AMEX,25571.68,MXN,RECHAZADA,BANDA,N
TRX0000494,2026-03-02 09:59:37,CAFE AURORA,restaurante,Guadalajara,TPV01-GUA,Rocio Cortes,rocio.cortes103@correo.mx,8270,VISA,392.71,MXN,APROBADA,QR,N
TRX0000495,2026-06-13 21:50:13,BOUTIQUE IRIS,VESTIMENTA,Ciudad de Mexico,TPV01-CIU,Ivan Gonzalez,ivan.gonzalez163@correo.mx,9280,MASTERCARD,1675.11,MXN,RECHAZADA,CONTACTLESS,N
TRX0000496,2026-03-24 13:44:16,Boutique Iris,ropa,Ciudad de Mexico,TPV01-CIU,Ana Salazar,ana.salazar158@correo.mx,2274,MASTERCARD,5130.52,MXN,APROBADA,QR,N
TRX0000497,2026-01-25 09:30:35,Cafe Aurora,Restaurante,Guadalajara,TPV04-GUA,Ivan Delgado,ivan.delgado59@correo.mx,3851,AMEX,212.06,MXN,APROBADA,QR,N
TRX0000498,2026-04-15 21:42:32,Boutique Iris,VESTIMENTA,Ciudad de Mexico,TPV01-CIU,Ana Cortes,ana.cortes53@correo.mx,3646,VISA,1970.53,MXN,APROBADA,MANUAL,N
TRX0000499,2026-01-07 13:10:37,FARMACIA DEL SOL,farmacia,Ciudad de Mexico,TPV03-CIU,Lucia Zamora,lucia.zamora108@correo.mx,3262,MASTERCARD,221.12,MXN,APROBADA,BANDA,N
TRX0000500,2026-02-04 21:23:40,FARMACIA DEL SOL,Farmacia,Ciudad de Mexico,TPV02-CIU,Fernando Gonzalez,fernando.gonzalez14@correo.mx,4950,MASTERCARD,301.57,MXN,APROBADA,CONTACTLESS,N
TRX0000501,2026-03-17 20:51:28,SUPER NORTENO,SUPER,Monterrey,TPV04-MON,Raul Delgado,raul.delgado142@correo.mx,4207,AMEX,2166.56,MXN,REVERSADA,MANUAL,N
TRX0000502,2026-02-20 09:56:25,Cafe Aurora,restaurante,Guadalajara,TPV02-GUA,Hector Herrera,hector.herrera79@correo.mx,3159,VISA,351.6,MXN,APROBADA,CONTACTLESS,N
TRX0000503,2026-01-13 09:16:49,FARMACIA DEL SOL,FARM,Ciudad de Mexico,TPV01-CIU,Elena Vargas,elena.vargas89@correo.mx,5689,VISA,285.92,MXN,REVERSADA,MANUAL,N
TRX0000504,2026-05-19 12:10:16,SUPER NORTENO,SUPER,Monterrey,TPV01-MON,Raul Delgado,raul.delgado105@correo.mx,6357,VISA,2393.37,MXN,REVERSADA,QR,N
TRX0000505,2026-02-10 20:17:16,Boutique Iris,Ropa,Ciudad de Mexico,TPV04-CIU,Sofia Vargas,sofia.vargas19@correo.mx,1099,MASTERCARD,2496.31,MXN,APROBADA,BANDA,N
TRX0000506,2026-06-24 12:18:03,GASOLINERA KM 12,Combustible,Puebla,TPV04-PUE,Hector Ramirez,hector.ramirez164@correo.mx,4352,MASTERCARD,1422.59,MXN,REVERSADA,CHIP,N
TRX0000507,2026-04-19 07:31:39,Farmacia del Sol,farmacia,Ciudad de Mexico,TPV01-CIU,Elena Zamora,elena.zamora16@correo.mx,2698,VISA,149.75,MXN,APROBADA,CHIP,N
TRX0000508,2026-04-25 13:58:10,Cafe Aurora,restaurante,Guadalajara,TPV01-GUA,Raul Herrera,raul.herrera110@correo.mx,7010,VISA,441.23,MXN,REVERSADA,CONTACTLESS,N
TRX0000509,2026-01-07 19:26:24,Super Nortenio,SUPER,Monterrey,TPV04-MON,Jorge Rivas,jorge.rivas128@correo.mx,7387,MASTERCARD,2679.46,MXN,APROBADA,QR,N
TRX0000510,2026-03-25 09:09:09,SUPER NORTENO,Supermercado,Monterrey,TPV01-MON,Elena Vargas,elena.vargas89@correo.mx,5689,VISA,1931.65,MXN,APROBADA,QR,N
TRX0000511,2026-05-22 08:01:02,Farmacia del Sol ,FARM,Ciudad de Mexico,TPV03-CIU,Hector Delgado,hector.delgado49@correo.mx,4702,VISA,861.24,MXN,APROBADA,BANDA,N
TRX0000512,2026-03-18 16:19:19,FARMACIA DEL SOL,FARM,Ciudad de Mexico,TPV04-CIU,Rocio Herrera,rocio.herrera165@correo.mx,6020,VISA,243.97,MXN,APROBADA,CHIP,N
TRX0000513,2026-01-10 06:20:41,Farmacia del Sol,Farmacia,Ciudad de Mexico,TPV03-CIU,Elena Gonzalez,elena.gonzalez143@correo.mx,1660,MASTERCARD,133.27,MXN,APROBADA,QR,N
TRX0000514,2026-05-22 13:25:48,Boutique  Iris,ropa,Ciudad de Mexico,TPV03-CIU,Jorge Mendoza,jorge.mendoza47@correo.mx,6756,AMEX,2497.33,MXN,APROBADA,BANDA,N
TRX0000515,2026-04-10 08:41:50,Farmacia del Sol ,FARM,Ciudad de Mexico,TPV01-CIU,Ivan Mendoza,ivan.mendoza21@correo.mx,2908,MASTERCARD,882.53,MXN,APROBADA,CHIP,N
TRX0000516,2026-06-06 15:27:47,Super Norteno,supermercado,Monterrey,TPV03-MON,Carmen Nunez,carmen.nunez31@correo.mx,6697,VISA,559.52,MXN,RECHAZADA,QR,N
TRX0000517,2026-04-24 10:49:04,Super Nortenio,supermercado,Monterrey,TPV04-MON,Jorge Vargas,jorge.vargas40@correo.mx,2316,AMEX,2425.93,MXN,APROBADA,MANUAL,N
TRX0000518,2026-02-07 18:10:44,SUPER NORTENO,supermercado,Monterrey,TPV01-MON,Teresa Mendoza,teresa.mendoza159@correo.mx,6739,VISA,206.38,MXN,APROBADA,BANDA,N
TRX0000519,2026-05-03 17:54:43,SUPER NORTENO,Supermercado,Monterrey,TPV03-MON,Luis Ramirez,luis.ramirez58@correo.mx,6479,AMEX,2266.24,MXN,APROBADA,CHIP,N
TRX0000520,2026-06-14 06:24:19,SUPER NORTENO,SUPER,Monterrey,TPV01-MON,Miguel Trejo,miguel.trejo115@correo.mx,2634,VISA,896.66,MXN,APROBADA,CHIP,N
TRX0000521,2026-02-10 13:54:41,Gasolinera Km 12,combustible,Puebla,TPV01-PUE,Sofia Rivas,sofia.rivas81@correo.mx,4001,VISA,584.3,MXN,APROBADA,BANDA,N
TRX0000522,2026-06-01 17:35:39,Farmacia del Sol ,farmacia,Ciudad de Mexico,TPV03-CIU,Sofia Cortes,sofia.cortes153@correo.mx,1495,AMEX,845.83,MXN,RECHAZADA,BANDA,N
TRX0000523,2026-06-20 17:27:51,SUPER NORTENO,Supermercado,Monterrey,TPV01-MON,Elena Zamora,elena.zamora178@correo.mx,7623,AMEX,1532.13,MXN,APROBADA,MANUAL,N
TRX0000524,2026-05-23 19:37:12,Cafe Aurora,restaurante,Guadalajara,TPV03-GUA,Fernando Cortes,fernando.cortes170@correo.mx,6842,AMEX,324.14,MXN,APROBADA,BANDA,N
TRX0000525,2026-03-15 18:03:34,Super Nortenio,SUPER,Monterrey,TPV02-MON,Sofia Salazar,sofia.salazar146@correo.mx,4742,VISA,726.29,MXN,APROBADA,CHIP,N
TRX0000526,2026-05-06 08:50:37,CAFE AURORA,Restaurante,Guadalajara,TPV04-GUA,Lucia Delgado,lucia.delgado141@correo.mx,6423,VISA,320.7,MXN,RECHAZADA,MANUAL,N
TRX0000527,2026-04-24 21:39:53,Super Nortenio,SUPER,Monterrey,TPV04-MON,Ana Cortes,ana.cortes53@correo.mx,9845,MASTERCARD,2164.33,MXN,APROBADA,MANUAL,N
TRX0000528,2026-03-31 10:02:11,Boutique Iris,ropa,Ciudad de Mexico,TPV03-CIU,Jorge Herrera,jorge.herrera112@correo.mx,5612,MASTERCARD,924.31,MXN,RECHAZADA,CHIP,N
TRX0000529,2026-05-01 15:37:18,VIAJES ALTAMAR,viajes,Cancun,TPV03-CAN,Raul Gonzalez,raul.gonzalez74@correo.mx,9447,VISA,12008.94,MXN,APROBADA,MANUAL,N
TRX0000530,2026-02-07 06:34:54,Farmacia del Sol,FARM,Ciudad de Mexico,TPV01-CIU,Lucia Gonzalez,lucia.gonzalez54@correo.mx,2892,AMEX,402.57,MXN,APROBADA,QR,N
TRX0000531,2026-05-23 13:29:49,Cafe Aurora,Restaurante,Guadalajara,TPV03-GUA,Raul Trejo,raul.trejo125@correo.mx,4936,VISA,447.05,MXN,APROBADA,CHIP,N
TRX0000532,2026-01-20 15:00:31,Super Norteno,supermercado,Monterrey,TPV01-MON,Patricia Nunez,patricia.nunez52@correo.mx,8415,VISA,2114.88,MXN,APROBADA,CONTACTLESS,N
TRX0000533,2026-06-07 19:31:22,SUPER NORTENO,SUPER,Monterrey,TPV03-MON,Jorge Gonzalez,jorge.gonzalez138@correo.mx,4950,AMEX,472.34,MXN,APROBADA,CHIP,N
TRX0000534,2026-01-25 21:20:36,Super Norteno,supermercado,Monterrey,TPV01-MON,Carmen Nunez,carmen.nunez31@correo.mx,2556,AMEX,2420.3,MXN,APROBADA,BANDA,N
TRX0000535,2026-05-16 11:31:37,Farmacia del Sol,FARM,Ciudad de Mexico,TPV01-CIU,Raul Mendoza,raul.mendoza90@correo.mx,1177,AMEX,847.35,MXN,APROBADA,CHIP,N
TRX0000536,2026-02-05 08:29:49,SUPER NORTENO,supermercado,Monterrey,TPV03-MON,Sofia Rivas,sofia.rivas93@correo.mx,4177,VISA,785.82,MXN,APROBADA,QR,N
TRX0000537,2026-04-13 08:58:19,CAFE AURORA,Restaurante,Guadalajara,TPV03-GUA,Sofia Rivas,sofia.rivas81@correo.mx,4001,VISA,417.67,MXN,REVERSADA,CONTACTLESS,N
TRX0000538,2026-02-16 19:44:06,Super Nortenio,SUPER,Monterrey,TPV02-MON,Ana Mendoza,ana.mendoza27@correo.mx,5764,VISA,2142.1,MXN,APROBADA,QR,N
TRX0000539,2026-03-27 10:52:56,BOUTIQUE IRIS,VESTIMENTA,Ciudad de Mexico,TPV04-CIU,Hector Mendoza,hector.mendoza71@correo.mx,6093,VISA,3787.32,MXN,REVERSADA,CONTACTLESS,N
TRX0000540,2026-06-18 19:15:26,Gasolinera Km 12,combustible,Puebla,TPV01-PUE,Teresa Gonzalez,teresa.gonzalez24@correo.mx,8230,VISA,1224.71,MXN,APROBADA,CHIP,N
TRX0000541,2026-04-27 10:56:45,Super Norteno,Supermercado,Monterrey,TPV04-MON,Ivan Trejo,ivan.trejo180@correo.mx,8045,MASTERCARD,1738.87,MXN,APROBADA,BANDA,N
TRX0000542,2026-03-29 14:13:03,Farmacia del Sol ,FARM,Ciudad de Mexico,TPV01-CIU,Rocio Salazar,rocio.salazar98@correo.mx,9662,VISA,618.75,MXN,APROBADA,CHIP,N
TRX0000543,2026-02-16 12:50:03,FARMACIA DEL SOL,Farmacia,Ciudad de Mexico,TPV02-CIU,Fernando Herrera,fernando.herrera168@correo.mx,8810,VISA,243.13,MXN,REVERSADA,CONTACTLESS,N
TRX0000544,2026-01-25 21:18:07,Boutique Iris,VESTIMENTA,Ciudad de Mexico,TPV01-CIU,Rocio Salazar,rocio.salazar98@correo.mx,9662,VISA,4701.68,MXN,APROBADA,CONTACTLESS,N
TRX0000545,2026-03-15 19:16:33,Cafe Aurora,restaurante,Guadalajara,TPV03-GUA,Jorge Gonzalez,jorge.gonzalez138@correo.mx,4950,AMEX,170.73,MXN,APROBADA,MANUAL,N
TRX0000546,2026-05-27 15:16:02,Boutique  Iris,VESTIMENTA,Ciudad de Mexico,TPV01-CIU,Fernando Zamora,fernando.zamora156@correo.mx,3541,MASTERCARD,3337.88,MXN,APROBADA,CONTACTLESS,N
TRX0000547,2026-04-14 09:32:31,SUPER NORTENO,supermercado,Monterrey,TPV02-MON,Ana Delgado,ana.delgado171@correo.mx,8676,MASTERCARD,951.89,MXN,APROBADA,CONTACTLESS,N
TRX0000548,2026-03-22 18:37:25,GASOLINERA KM 12,Combustible,Puebla,TPV04-PUE,Patricia Rivas,patricia.rivas157@correo.mx,8006,VISA,1319.22,MXN,APROBADA,QR,N
TRX0000549,2026-02-11 08:46:35,Viajes Altamar,viajes,Cancun,TPV01-CAN,Teresa Salazar,teresa.salazar118@correo.mx,4699,VISA,35851.56,MXN,APROBADA,CONTACTLESS,N
TRX0000550,2026-05-12 12:30:39,Super Nortenio,Supermercado,Monterrey,TPV03-MON,Ana Delgado,ana.delgado171@correo.mx,8676,MASTERCARD,2555.12,MXN,REVERSADA,BANDA,N
TRX0000551,2026-02-07 21:48:08,FARMACIA DEL SOL,FARM,Ciudad de Mexico,TPV02-CIU,Raul Vargas,raul.vargas135@correo.mx,8290,AMEX,565.72,MXN,APROBADA,BANDA,N
TRX0000552,2026-04-12 13:37:41,Super Nortenio,SUPER,Monterrey,TPV04-MON,Carmen Mendoza,carmen.mendoza95@correo.mx,6566,AMEX,1099.64,MXN,APROBADA,MANUAL,N
TRX0000553,2026-05-07 16:22:53,Super Nortenio,Supermercado,Monterrey,TPV02-MON,Lucia Ramirez,lucia.ramirez43@correo.mx,2509,VISA,1449.88,MXN,APROBADA,CONTACTLESS,N
TRX0000554,2026-04-03 17:55:43,CAFE AURORA,Restaurante,Guadalajara,TPV03-GUA,Hector Delgado,hector.delgado49@correo.mx,4702,VISA,115.82,MXN,APROBADA,CONTACTLESS,N
TRX0000555,2026-03-28 14:28:05,CAFE AURORA,Restaurante,Guadalajara,TPV01-GUA,Carmen Rivas,carmen.rivas139@correo.mx,4822,AMEX,188.47,MXN,APROBADA,MANUAL,N
TRX0000556,2026-05-01 19:05:18,Super Norteno,supermercado,Monterrey,TPV03-MON,Elena Ramirez,elena.ramirez4@correo.mx,8580,VISA,1875.75,MXN,RECHAZADA,CONTACTLESS,N
TRX0000557,2026-01-18 15:43:13,SUPER NORTENO,SUPER,Monterrey,TPV01-MON,Lucia Trejo,lucia.trejo32@correo.mx,7972,AMEX,1968.92,MXN,APROBADA,MANUAL,N
TRX0000558,2026-02-21 18:23:14,Farmacia del Sol,FARM,Ciudad de Mexico,TPV04-CIU,Ana Salazar,ana.salazar158@correo.mx,2274,MASTERCARD,519.2,MXN,APROBADA,CHIP,N
TRX0000559,2026-04-18 13:24:48,Gasolinera Km 12,Combustible,Puebla,TPV04-PUE,Ivan Gonzalez,ivan.gonzalez163@correo.mx,9280,MASTERCARD,451.2,MXN,APROBADA,CONTACTLESS,N
TRX0000560,2026-05-18 07:24:49,BOUTIQUE IRIS,Ropa,Ciudad de Mexico,TPV01-CIU,Elena Gonzalez,elena.gonzalez143@correo.mx,1660,MASTERCARD,4165.1,MXN,APROBADA,MANUAL,N
TRX0000561,2026-05-09 08:27:23,Super Nortenio,SUPER,Monterrey,TPV04-MON,Raul Gonzalez,raul.gonzalez74@correo.mx,9447,VISA,3090.03,MXN,APROBADA,QR,N
TRX0000562,2026-06-16 15:50:43,Viajes Altamar,Viajes,Cancun,TPV01-CAN,Sofia Nunez,sofia.nunez134@correo.mx,8835,VISA,3298.37,MXN,APROBADA,CHIP,N
TRX0000563,2026-06-24 21:01:19,Gasolinera Km 12,combustible,Puebla,TPV04-PUE,Rocio Salazar,rocio.salazar98@correo.mx,9662,VISA,603.34,MXN,APROBADA,BANDA,N
TRX0000564,2026-03-02 14:40:42,Farmacia del Sol,FARM,Ciudad de Mexico,TPV04-CIU,Ana Salazar,ana.salazar102@correo.mx,3316,AMEX,399.99,MXN,APROBADA,MANUAL,N
TRX0000565,2026-05-25 08:58:00,Super Nortenio,supermercado,Monterrey,TPV03-MON,Teresa Rivas,teresa.rivas6@correo.mx,1505,MASTERCARD,3115.53,MXN,RECHAZADA,QR,N
TRX0000566,2026-01-02 19:55:11,Farmacia del Sol,FARM,Ciudad de Mexico,TPV03-CIU,Carmen Herrera,carmen.herrera176@correo.mx,1605,VISA,623.02,MXN,APROBADA,QR,N
TRX0000567,2026-01-06 21:18:40,FARMACIA DEL SOL,farmacia,Ciudad de Mexico,TPV02-CIU,Ivan Nunez,ivan.nunez88@correo.mx,1309,MASTERCARD,799.49,MXN,APROBADA,BANDA,N
TRX0000568,2026-03-26 18:05:13,GASOLINERA KM 12,combustible,Puebla,TPV03-PUE,Jorge Nunez,jorge.nunez121@correo.mx,3221,AMEX,1500.04,MXN,RECHAZADA,BANDA,N
TRX0000569,2026-05-19 21:35:30,Super Norteno,SUPER,Monterrey,TPV04-MON,Patricia Ramirez,patricia.ramirez130@correo.mx,8241,AMEX,3100.06,MXN,APROBADA,CONTACTLESS,N
TRX0000570,2026-05-17 20:25:00,Super Norteno,supermercado,Monterrey,TPV01-MON,Fernando Herrera,fernando.herrera168@correo.mx,8810,VISA,3155.67,MXN,APROBADA,CONTACTLESS,N
TRX0000571,2026-02-14 20:24:08,Farmacia del Sol ,farmacia,Ciudad de Mexico,TPV01-CIU,Fernando Salazar,fernando.salazar63@correo.mx,5089,MASTERCARD,371.38,MXN,APROBADA,CHIP,N
TRX0000572,2026-01-12 09:41:59,SUPER NORTENO,SUPER,Monterrey,TPV02-MON,Jorge Nunez,jorge.nunez29@correo.mx,5067,AMEX,993.59,MXN,APROBADA,MANUAL,N
TRX0000573,2026-05-19 18:51:33,FARMACIA DEL SOL,FARM,Ciudad de Mexico,TPV02-CIU,Luis Ramirez,luis.ramirez58@correo.mx,8936,MASTERCARD,324.96,MXN,APROBADA,BANDA,N
TRX0000574,2026-05-10 21:02:38,Super Norteno,supermercado,Monterrey,TPV03-MON,Ivan Mendoza,ivan.mendoza21@correo.mx,2908,MASTERCARD,3201.3,MXN,APROBADA,MANUAL,N
TRX0000575,2026-06-24 10:39:39,Boutique Iris,Ropa,Ciudad de Mexico,TPV02-CIU,Lucia Ramirez,lucia.ramirez48@correo.mx,2913,VISA,2548.58,MXN,APROBADA,QR,N
TRX0000576,2026-06-01 08:04:17,SUPER NORTENO,supermercado,Monterrey,TPV02-MON,Raul Delgado,raul.delgado122@correo.mx,1413,VISA,2608.63,MXN,RECHAZADA,MANUAL,N
TRX0000577,2026-05-20 10:53:50,FARMACIA DEL SOL,Farmacia,Ciudad de Mexico,TPV01-CIU,Rocio Salazar,rocio.salazar15@correo.mx,4224,MASTERCARD,793.96,MXN,APROBADA,MANUAL,N
TRX0000578,2026-01-19 13:04:05,Boutique Iris,VESTIMENTA,Ciudad de Mexico,TPV03-CIU,Hector Trejo,hector.trejo101@correo.mx,6533,MASTERCARD,2126.94,MXN,APROBADA,MANUAL,N
TRX0000579,2026-05-02 17:42:17,Boutique  Iris,Ropa,Ciudad de Mexico,TPV01-CIU,Jorge Gonzalez,jorge.gonzalez2@correo.mx,4837,AMEX,1286.44,MXN,APROBADA,CONTACTLESS,N
TRX0000580,2026-03-19 19:25:07,Super Norteno,SUPER,Monterrey,TPV04-MON,Teresa Mendoza,teresa.mendoza159@correo.mx,6739,VISA,1898.89,MXN,APROBADA,MANUAL,N
TRX0000581,2026-02-06 16:46:18,Super Nortenio,SUPER,Monterrey,TPV03-MON,Teresa Salazar,teresa.salazar118@correo.mx,4699,VISA,3120.15,MXN,APROBADA,BANDA,N
TRX0000582,2026-03-07 06:47:17,CAFE AURORA,Restaurante,Guadalajara,TPV01-GUA,Patricia Herrera,patricia.herrera13@correo.mx,1324,VISA,445.25,MXN,APROBADA,BANDA,N
TRX0000583,2026-04-25 15:53:40,BOUTIQUE IRIS,Ropa,Ciudad de Mexico,TPV03-CIU,Raul Cortes,raul.cortes116@correo.mx,1792,MASTERCARD,3297.29,MXN,APROBADA,QR,N
TRX0000584,2026-05-10 14:42:39,FARMACIA DEL SOL,farmacia,Ciudad de Mexico,TPV02-CIU,Rocio Zamora,rocio.zamora85@correo.mx,2544,AMEX,876.03,MXN,APROBADA,CHIP,N
TRX0000585,2026-03-20 17:30:43,VIAJES ALTAMAR,viajes,Cancun,TPV01-CAN,Patricia Nunez,patricia.nunez52@correo.mx,8415,VISA,5900.36,MXN,APROBADA,MANUAL,N
TRX0000586,2026-04-27 07:04:23,CAFE AURORA,Restaurante,Guadalajara,TPV02-GUA,Raul Gonzalez,raul.gonzalez179@correo.mx,8333,MASTERCARD,398.08,MXN,APROBADA,CHIP,N
TRX0000587,2026-02-13 10:16:20,Super Nortenio,SUPER,Monterrey,TPV02-MON,Carmen Ramirez,carmen.ramirez111@correo.mx,1829,VISA,259.01,MXN,RECHAZADA,MANUAL,N
TRX0000588,2026-03-05 11:26:48,Farmacia del Sol ,Farmacia,Ciudad de Mexico,TPV01-CIU,Elena Zamora,elena.zamora151@correo.mx,7344,AMEX,381.51,MXN,REVERSADA,QR,N
TRX0000589,2026-01-27 18:42:28,FARMACIA DEL SOL,FARM,Ciudad de Mexico,TPV04-CIU,Patricia Herrera,patricia.herrera13@correo.mx,1324,VISA,483.3,MXN,APROBADA,MANUAL,N
TRX0000590,2026-03-05 08:40:49,Cafe Aurora,restaurante,Guadalajara,TPV04-GUA,Luis Ramirez,luis.ramirez39@correo.mx,8712,VISA,129.84,MXN,APROBADA,MANUAL,N
TRX0000591,2026-02-03 09:18:55,Super Nortenio,SUPER,Monterrey,TPV04-MON,Jorge Vargas,jorge.vargas86@correo.mx,5040,MASTERCARD,2157.19,MXN,REVERSADA,CONTACTLESS,N
TRX0000592,2026-04-14 09:45:55,Cafe Aurora,restaurante,Guadalajara,TPV02-GUA,Raul Mendoza,raul.mendoza90@correo.mx,1177,AMEX,156.66,MXN,APROBADA,CONTACTLESS,N
TRX0000593,2026-06-10 07:45:22,CAFE AURORA,restaurante,Guadalajara,TPV04-GUA,Lucia Ramirez,lucia.ramirez43@correo.mx,2509,VISA,421.05,MXN,REVERSADA,BANDA,N
TRX0000594,2026-03-12 13:15:48,Boutique Iris,Ropa,Ciudad de Mexico,TPV02-CIU,Lucia Vargas,lucia.vargas64@correo.mx,5333,VISA,3950.33,MXN,APROBADA,BANDA,N
TRX0000595,2026-02-03 19:47:10,Super Nortenio,supermercado,Monterrey,TPV01-MON,Miguel Herrera,miguel.herrera166@correo.mx,4697,AMEX,3434.82,MXN,APROBADA,BANDA,N
TRX0000596,2026-06-01 21:23:35,FARMACIA DEL SOL,farmacia,Ciudad de Mexico,TPV03-CIU,Jorge Nunez,jorge.nunez121@correo.mx,3221,AMEX,465.0,MXN,RECHAZADA,BANDA,N
TRX0000597,2026-03-05 12:49:02,Cafe Aurora,restaurante,Guadalajara,TPV04-GUA,Luis Rivas,luis.rivas99@correo.mx,1585,MASTERCARD,139.51,MXN,APROBADA,BANDA,N
TRX0000598,2026-02-26 16:26:11,BOUTIQUE IRIS,VESTIMENTA,Ciudad de Mexico,TPV03-CIU,Elena Zamora,elena.zamora16@correo.mx,2698,VISA,3314.04,MXN,REVERSADA,MANUAL,N
TRX0000599,2026-02-02 16:46:54,GASOLINERA KM 12,combustible,Puebla,TPV03-PUE,Teresa Rivas,teresa.rivas6@correo.mx,1505,MASTERCARD,466.8,MXN,RECHAZADA,BANDA,N
TRX0000600,2026-03-23 16:42:53,Boutique Iris,Ropa,Ciudad de Mexico,TPV01-CIU,Hector Herrera,hector.herrera34@correo.mx,9193,VISA,3281.52,MXN,APROBADA,QR,N
TRX0000601,2026-04-28 08:22:30,Boutique  Iris,VESTIMENTA,Ciudad de Mexico,TPV03-CIU,Raul Vargas,raul.vargas106@correo.mx,1214,AMEX,2451.29,MXN,RECHAZADA,CHIP,N
TRX0000602,2026-04-29 20:04:48,BOUTIQUE IRIS,VESTIMENTA,Ciudad de Mexico,TPV04-CIU,Fernando Herrera,fernando.herrera177@correo.mx,7418,VISA,4576.78,MXN,APROBADA,QR,N
TRX0000603,2026-04-09 19:24:23,Farmacia del Sol ,FARM,Ciudad de Mexico,TPV03-CIU,Elena Rivas,elena.rivas20@correo.mx,9752,AMEX,405.71,MXN,RECHAZADA,CHIP,N
TRX0000604,2026-01-16 18:56:33,Super Norteno,supermercado,Monterrey,TPV03-MON,Lucia Zamora,lucia.zamora108@correo.mx,3262,MASTERCARD,2620.77,MXN,APROBADA,CHIP,N
TRX0000605,2026-04-10 20:28:58,GASOLINERA KM 12,combustible,Puebla,TPV03-PUE,Fernando Mendoza,fernando.mendoza109@correo.mx,1447,AMEX,1675.22,MXN,APROBADA,CHIP,N
TRX0000606,2026-03-10 20:18:28,Cafe Aurora,restaurante,Guadalajara,TPV02-GUA,Ivan Mendoza,ivan.mendoza21@correo.mx,2908,MASTERCARD,94.61,MXN,APROBADA,BANDA,N
TRX0000607,2026-01-28 11:03:59,Cafe Aurora,restaurante,Guadalajara,TPV02-GUA,Jorge Nunez,jorge.nunez29@correo.mx,5067,AMEX,438.62,MXN,APROBADA,CHIP,N
TRX0000608,2026-02-25 17:37:40,Boutique Iris,VESTIMENTA,Ciudad de Mexico,TPV03-CIU,Jorge Delgado,jorge.delgado66@correo.mx,7754,VISA,1329.5,MXN,APROBADA,MANUAL,N
TRX0000609,2026-05-20 21:43:01,Super Norteno,Supermercado,Monterrey,TPV02-MON,Ivan Nunez,ivan.nunez88@correo.mx,1309,MASTERCARD,2451.86,MXN,APROBADA,QR,N
TRX0000610,2026-02-02 06:18:22,CAFE AURORA,Restaurante,Guadalajara,TPV02-GUA,Lucia Gonzalez,lucia.gonzalez54@correo.mx,2892,AMEX,72.27,MXN,APROBADA,CONTACTLESS,N
TRX0000611,2026-04-19 13:47:32,Cafe Aurora,Restaurante,Guadalajara,TPV03-GUA,Hector Mendoza,hector.mendoza71@correo.mx,6093,VISA,356.01,MXN,APROBADA,QR,N
TRX0000612,2026-03-29 11:47:17,Super Nortenio,Supermercado,Monterrey,TPV01-MON,Fernando Rivas,fernando.rivas133@correo.mx,1834,VISA,2365.62,MXN,APROBADA,MANUAL,N
TRX0000613,2026-02-18 14:08:23,Super Nortenio,SUPER,Monterrey,TPV04-MON,Jorge Mendoza,jorge.mendoza47@correo.mx,7512,AMEX,3028.68,MXN,APROBADA,QR,N
TRX0000614,2026-02-19 07:20:20,Super Norteno,SUPER,Monterrey,TPV01-MON,Elena Ramirez,elena.ramirez8@correo.mx,3648,MASTERCARD,2306.69,MXN,APROBADA,BANDA,N
TRX0000615,2026-03-30 12:02:42,GASOLINERA KM 12,combustible,Puebla,TPV01-PUE,Ana Vargas,ana.vargas60@correo.mx,5862,AMEX,860.71,MXN,REVERSADA,BANDA,N
TRX0000616,2026-05-28 09:39:40,Boutique Iris,VESTIMENTA,Ciudad de Mexico,TPV04-CIU,Ana Salazar,ana.salazar102@correo.mx,3316,AMEX,4537.97,MXN,APROBADA,CHIP,S
TRX0000617,2026-02-27 10:24:29,SUPER NORTENO,supermercado,Monterrey,TPV01-MON,Patricia Delgado,patricia.delgado67@correo.mx,9262,AMEX,2053.4,MXN,APROBADA,QR,N
TRX0000618,2026-04-05 17:44:47,CAFE AURORA,restaurante,Guadalajara,TPV01-GUA,Lucia Herrera,lucia.herrera11@correo.mx,1104,VISA,88.58,MXN,APROBADA,BANDA,N
TRX0000619,2026-05-29 11:34:00,BOUTIQUE IRIS,ropa,Ciudad de Mexico,TPV02-CIU,Ana Ramirez,ana.ramirez100@correo.mx,7772,VISA,2175.1,MXN,APROBADA,CONTACTLESS,N
TRX0000620,2026-06-26 17:30:07,Cafe Aurora,Restaurante,Guadalajara,TPV03-GUA,Raul Rivas,raul.rivas114@correo.mx,9720,MASTERCARD,287.41,MXN,APROBADA,MANUAL,N
TRX0000621,2026-02-17 09:01:28,BOUTIQUE IRIS,ropa,Ciudad de Mexico,TPV04-CIU,Miguel Ramirez,miguel.ramirez132@correo.mx,5849,MASTERCARD,2440.52,MXN,APROBADA,MANUAL,N
TRX0000622,2026-03-15 11:35:02,Super Norteno,supermercado,Monterrey,TPV02-MON,Carmen Mendoza,carmen.mendoza95@correo.mx,6566,AMEX,1995.07,MXN,APROBADA,MANUAL,N
TRX0000623,2026-03-17 19:25:08,Gasolinera Km 12,combustible,Puebla,TPV01-PUE,Fernando Nunez,fernando.nunez145@correo.mx,5858,AMEX,1541.65,MXN,APROBADA,QR,N
TRX0000624,2026-01-04 16:31:34,CAFE AURORA,Restaurante,Guadalajara,TPV03-GUA,Jorge Herrera,jorge.herrera112@correo.mx,5612,MASTERCARD,437.63,MXN,APROBADA,CHIP,N
TRX0000625,2026-05-01 14:04:42,FARMACIA DEL SOL,FARM,Ciudad de Mexico,TPV04-CIU,Elena Gonzalez,elena.gonzalez143@correo.mx,1660,MASTERCARD,606.85,MXN,APROBADA,CHIP,N
TRX0000626,2026-01-04 18:00:57,Super Nortenio,Supermercado,Monterrey,TPV04-MON,Elena Ramirez,elena.ramirez8@correo.mx,3648,MASTERCARD,999.73,MXN,APROBADA,MANUAL,N
TRX0000627,2026-03-20 14:20:02,SUPER NORTENO,Supermercado,Monterrey,TPV02-MON,Hector Mendoza,hector.mendoza10@correo.mx,6846,VISA,1118.15,MXN,APROBADA,CHIP,N
TRX0000628,2026-05-31 20:48:28,CAFE AURORA,Restaurante,Guadalajara,TPV04-GUA,Miguel Gonzalez,miguel.gonzalez154@correo.mx,8784,AMEX,95.06,MXN,APROBADA,CHIP,N
TRX0000629,2026-06-03 11:42:25,Farmacia del Sol,Farmacia,Ciudad de Mexico,TPV04-CIU,Raul Vargas,raul.vargas37@correo.mx,5573,AMEX,329.41,MXN,APROBADA,CHIP,N
TRX0000630,2026-05-28 08:30:15,Boutique Iris,ropa,Ciudad de Mexico,TPV01-CIU,Luis Salazar,luis.salazar77@correo.mx,1058,AMEX,5988.79,MXN,APROBADA,CHIP,N
TRX0000631,2026-04-17 12:54:08,Farmacia del Sol,Farmacia,Ciudad de Mexico,TPV03-CIU,Patricia Delgado,patricia.delgado67@correo.mx,9262,AMEX,375.86,MXN,APROBADA,CONTACTLESS,N
TRX0000632,2026-01-15 14:17:05,Super Nortenio,SUPER,Monterrey,TPV03-MON,Miguel Trejo,miguel.trejo115@correo.mx,3481,MASTERCARD,630.24,MXN,REVERSADA,BANDA,N
TRX0000633,2026-03-13 08:35:00,Cafe Aurora,Restaurante,Guadalajara,TPV04-GUA,Jorge Nunez,jorge.nunez29@correo.mx,5067,AMEX,369.61,MXN,APROBADA,CHIP,N
TRX0000634,2026-04-09 11:04:48,SUPER NORTENO,Supermercado,Monterrey,TPV01-MON,Fernando Cortes,fernando.cortes170@correo.mx,6842,AMEX,1256.11,MXN,APROBADA,QR,N
TRX0000635,2026-06-03 15:45:59,FARMACIA DEL SOL,farmacia,Ciudad de Mexico,TPV03-CIU,Raul Delgado,raul.delgado122@correo.mx,1413,VISA,543.62,MXN,APROBADA,BANDA,N
TRX0000636,2026-03-22 21:10:25,Super Nortenio,supermercado,Monterrey,TPV03-MON,Patricia Rivas,patricia.rivas157@correo.mx,8006,VISA,244.3,MXN,APROBADA,BANDA,N
TRX0000637,2026-03-15 19:18:07,Super Norteno,Supermercado,Monterrey,TPV04-MON,Ana Herrera,ana.herrera83@correo.mx,1387,MASTERCARD,2763.94,MXN,APROBADA,QR,N
TRX0000638,2026-02-11 18:50:48,SUPER NORTENO,SUPER,Monterrey,TPV02-MON,Lucia Ramirez,lucia.ramirez152@correo.mx,6278,MASTERCARD,3163.64,MXN,APROBADA,MANUAL,N
TRX0000639,2026-02-06 09:30:58,Super Norteno,supermercado,Monterrey,TPV04-MON,Miguel Delgado,miguel.delgado42@correo.mx,7456,VISA,2349.55,MXN,APROBADA,CONTACTLESS,N
TRX0000640,2026-03-07 10:49:00,Gasolinera Km 12,combustible,Puebla,TPV03-PUE,Carmen Mendoza,carmen.mendoza95@correo.mx,6566,AMEX,539.46,MXN,APROBADA,MANUAL,N
TRX0000641,2026-05-02 07:03:41,Farmacia del Sol,FARM,Ciudad de Mexico,TPV02-CIU,Fernando Salazar,fernando.salazar63@correo.mx,5089,MASTERCARD,566.26,MXN,APROBADA,CHIP,N
TRX0000642,2026-06-25 12:14:08,BOUTIQUE IRIS,VESTIMENTA,Ciudad de Mexico,TPV01-CIU,Ana Trejo,ana.trejo51@correo.mx,9690,MASTERCARD,5360.27,MXN,APROBADA,QR,N
TRX0000643,2026-01-02 10:18:21,CAFE AURORA,restaurante,Guadalajara,TPV01-GUA,Lucia Zamora,lucia.zamora108@correo.mx,3262,MASTERCARD,413.29,MXN,APROBADA,CONTACTLESS,N
TRX0000644,2026-03-28 15:40:44,CAFE AURORA,restaurante,Guadalajara,TPV04-GUA,Sofia Vargas,sofia.vargas19@correo.mx,1099,MASTERCARD,233.91,MXN,RECHAZADA,QR,N
TRX0000645,2026-06-04 17:31:46,FARMACIA DEL SOL,farmacia,Ciudad de Mexico,TPV02-CIU,Lucia Gonzalez,lucia.gonzalez96@correo.mx,7074,VISA,269.66,MXN,REVERSADA,CHIP,N
TRX0000646,2026-05-30 09:52:26,Super Nortenio,Supermercado,Monterrey,TPV01-MON,Ana Herrera,ana.herrera83@correo.mx,1387,MASTERCARD,611.1,MXN,APROBADA,BANDA,N
TRX0000647,2026-01-12 15:25:36,Super Nortenio,SUPER,Monterrey,TPV01-MON,Teresa Salazar,teresa.salazar118@correo.mx,4699,VISA,3442.69,MXN,APROBADA,BANDA,N
TRX0000648,2026-04-08 09:51:00,SUPER NORTENO,Supermercado,Monterrey,TPV01-MON,Ivan Delgado,ivan.delgado59@correo.mx,3851,AMEX,3024.98,MXN,APROBADA,BANDA,N
TRX0000649,2026-06-19 20:39:26,BOUTIQUE IRIS,ropa,Ciudad de Mexico,TPV02-CIU,Teresa Gonzalez,teresa.gonzalez24@correo.mx,8230,VISA,4400.37,MXN,RECHAZADA,MANUAL,N
TRX0000650,2026-02-20 10:42:50,GASOLINERA KM 12,Combustible,Puebla,TPV02-PUE,Hector Delgado,hector.delgado49@correo.mx,4702,VISA,806.07,MXN,REVERSADA,BANDA,N
TRX0000651,2026-01-01 11:39:48,GASOLINERA KM 12,Combustible,Puebla,TPV01-PUE,Miguel Delgado,miguel.delgado23@correo.mx,3807,VISA,1139.23,MXN,APROBADA,CONTACTLESS,N
TRX0000652,2026-06-04 06:33:22,CAFE AURORA,Restaurante,Guadalajara,TPV03-GUA,Jorge Delgado,jorge.delgado66@correo.mx,7754,VISA,294.03,MXN,APROBADA,CHIP,N
TRX0000653,2026-06-13 12:07:39,Boutique Iris,VESTIMENTA,Ciudad de Mexico,TPV03-CIU,Rocio Ramirez,rocio.ramirez94@correo.mx,3489,VISA,4080.81,MXN,APROBADA,BANDA,N
TRX0000654,2026-03-15 07:27:30,GASOLINERA KM 12,combustible,Puebla,TPV01-PUE,Fernando Rivas,fernando.rivas133@correo.mx,1834,VISA,721.19,MXN,RECHAZADA,BANDA,N
TRX0000655,2026-05-13 08:46:12,Cafe Aurora,Restaurante,Guadalajara,TPV04-GUA,Raul Vargas,raul.vargas135@correo.mx,8290,AMEX,327.44,MXN,APROBADA,QR,N
TRX0000656,2026-03-27 19:29:02,Boutique  Iris,ropa,Ciudad de Mexico,TPV01-CIU,Ivan Delgado,ivan.delgado59@correo.mx,3851,AMEX,4018.97,MXN,APROBADA,MANUAL,N
TRX0000657,2026-02-18 07:44:29,Cafe Aurora,Restaurante,Guadalajara,TPV03-GUA,Patricia Delgado,patricia.delgado167@correo.mx,8972,VISA,216.77,MXN,APROBADA,BANDA,N
TRX0000658,2026-03-11 12:10:36,Farmacia del Sol ,Farmacia,Ciudad de Mexico,TPV02-CIU,Sofia Trejo,sofia.trejo80@correo.mx,8498,MASTERCARD,366.18,MXN,APROBADA,QR,N
TRX0000659,2026-01-02 15:43:24,Super Nortenio,supermercado,Monterrey,TPV02-MON,Ana Herrera,ana.herrera83@correo.mx,1387,MASTERCARD,2732.15,MXN,APROBADA,QR,N
TRX0000660,2026-02-22 17:24:35,SUPER NORTENO,SUPER,Monterrey,TPV02-MON,Miguel Nunez,miguel.nunez174@correo.mx,2390,MASTERCARD,1944.94,MXN,APROBADA,MANUAL,N
TRX0000661,2026-04-26 08:39:08,Cafe Aurora,Restaurante,Guadalajara,TPV01-GUA,Fernando Vargas,fernando.vargas65@correo.mx,6811,AMEX,440.45,MXN,APROBADA,CHIP,N
TRX0000662,2026-05-02 12:12:26,Super Nortenio,Supermercado,Monterrey,TPV01-MON,Elena Vargas,elena.vargas148@correo.mx,9840,AMEX,2195.16,MXN,RECHAZADA,MANUAL,N
TRX0000663,2026-01-11 07:15:09,Gasolinera Km 12,combustible,Puebla,TPV02-PUE,Sofia Rivas,sofia.rivas93@correo.mx,9567,VISA,1796.84,MXN,RECHAZADA,BANDA,N
TRX0000664,2026-02-15 11:23:41,Boutique  Iris,Ropa,Ciudad de Mexico,TPV02-CIU,Raul Gonzalez,raul.gonzalez179@correo.mx,8333,MASTERCARD,2394.74,MXN,APROBADA,CHIP,N
TRX0000665,2026-05-20 12:04:47,Farmacia del Sol ,farmacia,Ciudad de Mexico,TPV01-CIU,Teresa Salazar,teresa.salazar118@correo.mx,4699,VISA,651.35,MXN,APROBADA,BANDA,N
TRX0000666,2026-03-09 20:29:55,Viajes Altamar,viajes,Cancun,TPV04-CAN,Luis Delgado,luis.delgado150@correo.mx,7838,VISA,3911.4,MXN,RECHAZADA,CHIP,N
TRX0000667,2026-05-19 08:07:38,Super Norteno,SUPER,Monterrey,TPV02-MON,Hector Nunez,hector.nunez38@correo.mx,3109,AMEX,3269.35,MXN,APROBADA,BANDA,N
TRX0000668,2026-02-21 17:58:01,Super Nortenio,SUPER,Monterrey,TPV04-MON,Luis Ramirez,luis.ramirez58@correo.mx,8936,MASTERCARD,2600.86,MXN,RECHAZADA,QR,N
TRX0000669,2026-04-27 06:45:36,Cafe Aurora,Restaurante,Guadalajara,TPV02-GUA,Raul Delgado,raul.delgado142@correo.mx,4207,AMEX,289.79,MXN,APROBADA,CONTACTLESS,N
TRX0000670,2026-02-28 11:41:58,Farmacia del Sol ,farmacia,Ciudad de Mexico,TPV04-CIU,Patricia Delgado,patricia.delgado167@correo.mx,8972,VISA,416.07,MXN,APROBADA,QR,N
TRX0000671,2026-01-11 11:19:31,Farmacia del Sol ,FARM,Ciudad de Mexico,TPV04-CIU,Ana Salazar,ana.salazar102@correo.mx,3316,AMEX,525.3,MXN,APROBADA,CONTACTLESS,N
TRX0000672,2026-02-03 07:40:04,Super Nortenio,supermercado,Monterrey,TPV01-MON,Raul Delgado,raul.delgado122@correo.mx,1413,VISA,542.42,MXN,APROBADA,CONTACTLESS,N
TRX0000673,2026-01-27 06:49:21,Cafe Aurora,restaurante,Guadalajara,TPV02-GUA,Fernando Ramirez,fernando.ramirez126@correo.mx,7487,AMEX,290.48,MXN,APROBADA,BANDA,N
TRX0000674,2026-03-27 13:00:44,FARMACIA DEL SOL,Farmacia,Ciudad de Mexico,TPV02-CIU,Fernando Ramirez,fernando.ramirez126@correo.mx,7487,AMEX,548.68,MXN,APROBADA,CHIP,N
TRX0000675,2026-05-12 14:48:18,Cafe Aurora,Restaurante,Guadalajara,TPV01-GUA,Fernando Mendoza,fernando.mendoza109@correo.mx,1447,AMEX,67.28,MXN,APROBADA,QR,N
TRX0000676,2026-04-27 12:22:16,BOUTIQUE IRIS,Ropa,Ciudad de Mexico,TPV04-CIU,Elena Zamora,elena.zamora178@correo.mx,7623,AMEX,4964.65,MXN,APROBADA,QR,N
TRX0000677,2026-05-11 07:06:35,Cafe Aurora,Restaurante,Guadalajara,TPV03-GUA,Luis Herrera,luis.herrera5@correo.mx,7395,MASTERCARD,426.2,MXN,APROBADA,QR,N
TRX0000678,2026-03-03 06:13:11,Farmacia del Sol,farmacia,Ciudad de Mexico,TPV03-CIU,Rocio Ramirez,rocio.ramirez12@correo.mx,2195,MASTERCARD,655.11,MXN,REVERSADA,CONTACTLESS,N
TRX0000679,2026-05-26 18:13:07,Cafe Aurora,Restaurante,Guadalajara,TPV01-GUA,Lucia Delgado,lucia.delgado141@correo.mx,6423,VISA,431.96,MXN,APROBADA,CONTACTLESS,N
TRX0000680,2026-01-03 15:28:50,FARMACIA DEL SOL,FARM,Ciudad de Mexico,TPV03-CIU,Luis Rivas,luis.rivas99@correo.mx,1585,MASTERCARD,835.95,MXN,RECHAZADA,CONTACTLESS,N
TRX0000681,2026-04-14 13:50:50,Gasolinera Km 12,Combustible,Puebla,TPV03-PUE,Jorge Vargas,jorge.vargas86@correo.mx,5040,MASTERCARD,830.05,MXN,APROBADA,BANDA,N
TRX0000682,2026-04-28 14:43:03,Super Norteno,SUPER,Monterrey,TPV04-MON,Lucia Trejo,lucia.trejo32@correo.mx,7972,AMEX,682.36,MXN,RECHAZADA,QR,N
TRX0000683,2026-06-26 11:56:08,CAFE AURORA,Restaurante,Guadalajara,TPV04-GUA,Carmen Gonzalez,carmen.gonzalez129@correo.mx,1346,MASTERCARD,72.68,MXN,APROBADA,CHIP,N
TRX0000684,2026-06-05 18:30:22,VIAJES ALTAMAR,viajes,Cancun,TPV03-CAN,Miguel Nunez,miguel.nunez174@correo.mx,2390,MASTERCARD,25491.27,MXN,APROBADA,CHIP,N
TRX0000685,2026-02-02 12:35:34,Farmacia del Sol ,FARM,Ciudad de Mexico,TPV02-CIU,Patricia Herrera,patricia.herrera13@correo.mx,1324,VISA,335.09,MXN,APROBADA,MANUAL,N
TRX0000686,2026-02-16 10:12:36,CAFE AURORA,Restaurante,Guadalajara,TPV02-GUA,Patricia Gonzalez,patricia.gonzalez33@correo.mx,8690,AMEX,448.86,MXN,APROBADA,BANDA,N
TRX0000687,2026-05-30 08:47:45,Farmacia del Sol ,Farmacia,Ciudad de Mexico,TPV03-CIU,Lucia Ramirez,lucia.ramirez43@correo.mx,2509,VISA,177.51,MXN,REVERSADA,CHIP,N
TRX0000688,2026-03-03 14:22:50,BOUTIQUE IRIS,VESTIMENTA,Ciudad de Mexico,TPV04-CIU,Carmen Herrera,carmen.herrera176@correo.mx,1605,VISA,4184.49,MXN,REVERSADA,CHIP,N
TRX0000689,2026-05-20 21:57:32,Boutique Iris,Ropa,Ciudad de Mexico,TPV04-CIU,Ivan Delgado,ivan.delgado59@correo.mx,3851,AMEX,2703.22,MXN,RECHAZADA,MANUAL,N
TRX0000690,2026-01-08 07:48:14,Cafe Aurora,restaurante,Guadalajara,TPV03-GUA,Lucia Vargas,lucia.vargas7@correo.mx,3320,MASTERCARD,142.33,MXN,APROBADA,CHIP,N
TRX0000691,2026-03-30 15:35:41,Farmacia del Sol ,farmacia,Ciudad de Mexico,TPV03-CIU,Rocio Nunez,rocio.nunez173@correo.mx,4285,MASTERCARD,305.2,MXN,RECHAZADA,BANDA,N
TRX0000692,2026-06-17 10:15:27,Boutique  Iris,ropa,Ciudad de Mexico,TPV03-CIU,Sofia Vargas,sofia.vargas19@correo.mx,1099,MASTERCARD,5016.13,MXN,APROBADA,CHIP,N
TRX0000693,2026-03-10 13:59:14,CAFE AURORA,restaurante,Guadalajara,TPV01-GUA,Lucia Herrera,lucia.herrera155@correo.mx,9599,MASTERCARD,247.67,MXN,APROBADA,MANUAL,N
TRX0000694,2026-06-14 11:18:49,Gasolinera Km 12,Combustible,Puebla,TPV02-PUE,Patricia Vargas,patricia.vargas26@correo.mx,4933,VISA,1231.39,MXN,APROBADA,CHIP,N
TRX0000695,2026-05-04 19:56:43,Super Nortenio,Supermercado,Monterrey,TPV01-MON,Sofia Nunez,sofia.nunez134@correo.mx,8835,VISA,3075.36,MXN,REVERSADA,BANDA,N
TRX0000696,2026-04-08 14:03:22,Super Nortenio,SUPER,Monterrey,TPV02-MON,Fernando Mendoza,fernando.mendoza109@correo.mx,1447,AMEX,2628.06,MXN,APROBADA,MANUAL,N
TRX0000697,2026-05-19 16:31:40,SUPER NORTENO,SUPER,Monterrey,TPV02-MON,Patricia Gonzalez,patricia.gonzalez33@correo.mx,5295,AMEX,1722.54,MXN,APROBADA,BANDA,N
TRX0000698,2026-03-11 09:43:17,Farmacia del Sol ,Farmacia,Ciudad de Mexico,TPV02-CIU,Raul Rivas,raul.rivas114@correo.mx,9720,MASTERCARD,453.36,MXN,APROBADA,QR,N
TRX0000699,2026-05-30 15:35:32,Super Nortenio,supermercado,Monterrey,TPV02-MON,Jorge Gonzalez,jorge.gonzalez138@correo.mx,4950,AMEX,3034.21,MXN,REVERSADA,CONTACTLESS,N
TRX0000700,2026-04-25 14:31:28,Boutique Iris,Ropa,Ciudad de Mexico,TPV01-CIU,Patricia Gonzalez,patricia.gonzalez127@correo.mx,4793,VISA,688.75,MXN,APROBADA,CONTACTLESS,N
TRX0000701,2026-01-11 15:12:22,CAFE AURORA,Restaurante,Guadalajara,TPV01-GUA,Elena Rivas,elena.rivas20@correo.mx,9752,AMEX,407.31,MXN,APROBADA,QR,N
TRX0000702,2026-04-15 11:14:06,Super Nortenio,supermercado,Monterrey,TPV02-MON,Lucia Ramirez,lucia.ramirez43@correo.mx,2509,VISA,3112.24,MXN,APROBADA,CHIP,N
TRX0000703,2026-03-13 06:18:26,Farmacia del Sol ,Farmacia,Ciudad de Mexico,TPV01-CIU,Miguel Gonzalez,miguel.gonzalez154@correo.mx,8784,AMEX,718.4,MXN,APROBADA,MANUAL,N
TRX0000704,2026-02-03 13:09:16,CAFE AURORA,Restaurante,Guadalajara,TPV04-GUA,Lucia Zamora,lucia.zamora108@correo.mx,3262,MASTERCARD,69.89,MXN,APROBADA,CHIP,N
TRX0000705,2026-04-14 07:14:41,SUPER NORTENO,supermercado,Monterrey,TPV04-MON,Jorge Nunez,jorge.nunez29@correo.mx,5067,AMEX,3064.5,MXN,REVERSADA,BANDA,N
TRX0000706,2026-04-26 18:42:39,Super Nortenio,supermercado,Monterrey,TPV02-MON,Patricia Nunez,patricia.nunez52@correo.mx,8415,VISA,1031.05,MXN,APROBADA,CONTACTLESS,N
TRX0000707,2026-01-19 11:11:00,Super Nortenio,supermercado,Monterrey,TPV01-MON,Patricia Delgado,patricia.delgado167@correo.mx,8972,VISA,3314.96,MXN,APROBADA,QR,N
TRX0000708,2026-06-25 20:27:34,SUPER NORTENO,supermercado,Monterrey,TPV04-MON,Sofia Salazar,sofia.salazar136@correo.mx,2952,AMEX,2566.19,MXN,APROBADA,BANDA,N
TRX0000709,2026-01-05 17:03:22,Super Nortenio,SUPER,Monterrey,TPV03-MON,Jorge Rivas,jorge.rivas128@correo.mx,7387,MASTERCARD,1962.28,MXN,APROBADA,QR,N
TRX0000710,2026-01-28 17:48:34,Super Norteno,SUPER,Monterrey,TPV03-MON,Fernando Herrera,fernando.herrera177@correo.mx,7418,VISA,3312.02,MXN,APROBADA,CONTACTLESS,N
TRX0000711,2026-04-10 06:46:45,CAFE AURORA,restaurante,Guadalajara,TPV04-GUA,Jorge Rivas,jorge.rivas128@correo.mx,7387,MASTERCARD,73.55,MXN,APROBADA,MANUAL,N
TRX0000712,2026-03-11 18:20:39,BOUTIQUE IRIS,ropa,Ciudad de Mexico,TPV01-CIU,Ivan Nunez,ivan.nunez88@correo.mx,1309,MASTERCARD,5415.73,MXN,APROBADA,CHIP,N
TRX0000713,2026-01-20 09:29:10,Farmacia del Sol ,Farmacia,Ciudad de Mexico,TPV04-CIU,Patricia Delgado,patricia.delgado67@correo.mx,9262,AMEX,826.6,MXN,APROBADA,QR,N
TRX0000714,2026-02-17 16:08:22,Farmacia del Sol ,FARM,Ciudad de Mexico,TPV03-CIU,Ana Salazar,ana.salazar158@correo.mx,2274,MASTERCARD,424.95,MXN,APROBADA,QR,N
TRX0000715,2026-04-26 12:39:36,Super Nortenio,Supermercado,Monterrey,TPV04-MON,Lucia Gonzalez,lucia.gonzalez96@correo.mx,7074,VISA,2398.13,MXN,APROBADA,BANDA,N
TRX0000716,2026-05-05 13:18:00,Super Norteno,SUPER,Monterrey,TPV01-MON,Raul Nunez,raul.nunez70@correo.mx,5287,AMEX,1932.26,MXN,APROBADA,QR,N
TRX0000717,2026-03-22 21:26:20,Boutique  Iris,Ropa,Ciudad de Mexico,TPV02-CIU,Teresa Rivas,teresa.rivas6@correo.mx,1505,MASTERCARD,4362.62,MXN,APROBADA,CONTACTLESS,N
TRX0000718,2026-05-15 19:29:30,BOUTIQUE IRIS,ropa,Ciudad de Mexico,TPV04-CIU,Luis Zamora,luis.zamora9@correo.mx,1462,AMEX,1314.99,MXN,APROBADA,CHIP,N
TRX0000719,2026-05-17 17:15:10,Super Norteno,supermercado,Monterrey,TPV01-MON,Elena Vargas,elena.vargas148@correo.mx,9840,AMEX,2127.2,MXN,APROBADA,CHIP,N
TRX0000720,2026-03-02 19:45:54,Cafe Aurora,restaurante,Guadalajara,TPV04-GUA,Ana Herrera,ana.herrera83@correo.mx,1387,MASTERCARD,131.54,MXN,REVERSADA,QR,N
TRX0000721,2026-02-24 13:51:01,Super Nortenio,SUPER,Monterrey,TPV04-MON,Ivan Trejo,ivan.trejo180@correo.mx,8045,MASTERCARD,1098.51,MXN,APROBADA,BANDA,N
TRX0000722,2026-05-25 10:29:23,CAFE AURORA,Restaurante,Guadalajara,TPV02-GUA,Elena Vargas,elena.vargas89@correo.mx,5689,VISA,278.77,MXN,APROBADA,MANUAL,N
TRX0000723,2026-02-21 20:40:11,Boutique  Iris,VESTIMENTA,Ciudad de Mexico,TPV03-CIU,Luis Salazar,luis.salazar77@correo.mx,1058,AMEX,4925.83,MXN,APROBADA,CHIP,N
TRX0000724,2026-02-25 15:06:03,Boutique Iris,VESTIMENTA,Ciudad de Mexico,TPV01-CIU,Carmen Herrera,carmen.herrera176@correo.mx,1605,VISA,1000.06,MXN,APROBADA,CONTACTLESS,N
TRX0000725,2026-05-25 07:09:03,Super Norteno,Supermercado,Monterrey,TPV04-MON,Jorge Vargas,jorge.vargas40@correo.mx,7531,MASTERCARD,1129.37,MXN,APROBADA,MANUAL,N
TRX0000726,2026-04-12 18:10:07,CAFE AURORA,restaurante,Guadalajara,TPV02-GUA,Lucia Ramirez,lucia.ramirez152@correo.mx,6278,MASTERCARD,278.9,MXN,APROBADA,QR,N
TRX0000727,2026-02-02 16:31:44,VIAJES ALTAMAR,Viajes,Cancun,TPV02-CAN,Ivan Gonzalez,ivan.gonzalez163@correo.mx,9280,MASTERCARD,44181.03,MXN,APROBADA,MANUAL,N
TRX0000728,2026-04-25 14:35:59,Super Norteno,Supermercado,Monterrey,TPV03-MON,Raul Herrera,raul.herrera110@correo.mx,7010,VISA,309.49,MXN,APROBADA,MANUAL,N
TRX0000729,2026-06-01 06:32:27,GASOLINERA KM 12,combustible,Puebla,TPV01-PUE,Elena Ramirez,elena.ramirez61@correo.mx,8246,AMEX,1384.02,MXN,APROBADA,CHIP,N
TRX0000730,2026-01-29 17:09:11,SUPER NORTENO,Supermercado,Monterrey,TPV03-MON,Sofia Rivas,sofia.rivas93@correo.mx,4177,VISA,533.31,MXN,APROBADA,BANDA,N
TRX0000731,2026-01-26 09:39:38,Super Nortenio,supermercado,Monterrey,TPV01-MON,Fernando Ramirez,fernando.ramirez126@correo.mx,7487,AMEX,2638.12,MXN,APROBADA,BANDA,N
TRX0000732,2026-02-02 14:48:54,SUPER NORTENO,supermercado,Monterrey,TPV01-MON,Sofia Nunez,sofia.nunez134@correo.mx,8835,VISA,2379.56,MXN,APROBADA,MANUAL,N
TRX0000733,2026-05-01 10:14:40,BOUTIQUE IRIS,Ropa,Ciudad de Mexico,TPV03-CIU,Raul Zamora,raul.zamora124@correo.mx,6787,AMEX,4342.47,MXN,RECHAZADA,MANUAL,N
TRX0000734,2026-02-27 09:31:50,BOUTIQUE IRIS,ropa,Ciudad de Mexico,TPV01-CIU,Ivan Gonzalez,ivan.gonzalez41@correo.mx,2888,AMEX,1830.38,MXN,REVERSADA,CHIP,N
TRX0000735,2026-04-15 16:19:40,SUPER NORTENO,supermercado,Monterrey,TPV03-MON,Fernando Mendoza,fernando.mendoza57@correo.mx,6879,AMEX,1670.27,MXN,APROBADA,CHIP,N
TRX0000736,2026-02-20 12:58:23,Farmacia del Sol,farmacia,Ciudad de Mexico,TPV01-CIU,Rocio Cortes,rocio.cortes103@correo.mx,8270,VISA,146.74,MXN,APROBADA,MANUAL,N
TRX0000737,2026-03-24 16:14:11,Cafe Aurora,Restaurante,Guadalajara,TPV01-GUA,Carmen Nunez,carmen.nunez31@correo.mx,2556,AMEX,289.93,MXN,RECHAZADA,QR,N
TRX0000738,2026-04-23 18:11:18,CAFE AURORA,restaurante,Guadalajara,TPV04-GUA,Elena Ramirez,elena.ramirez61@correo.mx,8246,AMEX,407.03,MXN,APROBADA,CHIP,N
TRX0000739,2026-03-14 21:24:26,Farmacia del Sol ,farmacia,Ciudad de Mexico,TPV03-CIU,Patricia Vargas,patricia.vargas26@correo.mx,4933,VISA,602.64,MXN,APROBADA,QR,N
TRX0000740,2026-02-01 19:09:21,Super Nortenio,SUPER,Monterrey,TPV04-MON,Raul Vargas,raul.vargas22@correo.mx,8824,AMEX,2577.69,MXN,RECHAZADA,BANDA,N
TRX0000741,2026-03-09 17:32:34,VIAJES ALTAMAR,viajes,Cancun,TPV03-CAN,Raul Gonzalez,raul.gonzalez179@correo.mx,8333,MASTERCARD,9040.82,MXN,APROBADA,BANDA,N
TRX0000742,2026-01-28 10:26:51,Cafe Aurora,restaurante,Guadalajara,TPV03-GUA,Miguel Cortes,miguel.cortes97@correo.mx,9422,MASTERCARD,316.76,MXN,RECHAZADA,MANUAL,N
TRX0000743,2026-05-29 16:14:00,SUPER NORTENO,Supermercado,Monterrey,TPV01-MON,Teresa Gonzalez,teresa.gonzalez24@correo.mx,8230,VISA,573.29,MXN,APROBADA,CHIP,N
TRX0000744,2026-05-28 13:53:18,Boutique  Iris,ropa,Ciudad de Mexico,TPV04-CIU,Ivan Gonzalez,ivan.gonzalez163@correo.mx,9280,MASTERCARD,447.57,MXN,APROBADA,CHIP,N
TRX0000745,2026-04-01 07:19:22,Super Nortenio,Supermercado,Monterrey,TPV01-MON,Luis Ramirez,luis.ramirez58@correo.mx,8936,MASTERCARD,2623.07,MXN,REVERSADA,QR,N
TRX0000746,2026-04-14 19:52:43,Farmacia del Sol ,FARM,Ciudad de Mexico,TPV02-CIU,Rocio Ramirez,rocio.ramirez94@correo.mx,3489,VISA,261.99,MXN,APROBADA,MANUAL,N
TRX0000747,2026-03-01 07:55:40,GASOLINERA KM 12,Combustible,Puebla,TPV01-PUE,Lucia Gonzalez,lucia.gonzalez96@correo.mx,7074,VISA,1227.73,MXN,APROBADA,QR,N
TRX0000748,2026-04-30 13:57:16,CAFE AURORA,Restaurante,Guadalajara,TPV04-GUA,Sofia Rivas,sofia.rivas93@correo.mx,9567,VISA,426.5,MXN,APROBADA,CONTACTLESS,N
TRX0000749,2026-02-24 07:02:33,GASOLINERA KM 12,combustible,Puebla,TPV02-PUE,Raul Vargas,raul.vargas135@correo.mx,8290,AMEX,1289.7,MXN,RECHAZADA,CONTACTLESS,N
TRX0000750,2026-06-28 11:05:10,VIAJES ALTAMAR,Viajes,Cancun,TPV01-CAN,Fernando Zamora,fernando.zamora156@correo.mx,3541,MASTERCARD,12670.51,MXN,APROBADA,CONTACTLESS,N
TRX0000751,2026-06-18 06:29:56,Super Norteno,SUPER,Monterrey,TPV03-MON,Carmen Vargas,carmen.vargas161@correo.mx,3446,MASTERCARD,3083.68,MXN,APROBADA,BANDA,N
TRX0000752,2026-03-19 12:31:31,Boutique Iris,VESTIMENTA,Ciudad de Mexico,TPV04-CIU,Carmen Gonzalez,carmen.gonzalez129@correo.mx,1346,MASTERCARD,3171.67,MXN,RECHAZADA,MANUAL,N
TRX0000753,2026-02-01 12:54:02,Super Nortenio,supermercado,Monterrey,TPV02-MON,Teresa Mendoza,teresa.mendoza55@correo.mx,6130,MASTERCARD,3439.7,MXN,APROBADA,QR,N
TRX0000754,2026-02-23 21:38:50,FARMACIA DEL SOL,farmacia,Ciudad de Mexico,TPV02-CIU,Rocio Herrera,rocio.herrera165@correo.mx,6020,VISA,473.04,MXN,REVERSADA,BANDA,N
TRX0000755,2026-01-26 09:12:19,Gasolinera Km 12,Combustible,Puebla,TPV02-PUE,Hector Mendoza,hector.mendoza10@correo.mx,6846,VISA,860.76,MXN,REVERSADA,CONTACTLESS,N
TRX0000756,2026-02-09 07:04:20,Farmacia del Sol ,FARM,Ciudad de Mexico,TPV04-CIU,Jorge Gonzalez,jorge.gonzalez2@correo.mx,4837,AMEX,486.41,MXN,APROBADA,MANUAL,N
TRX0000757,2026-02-12 13:13:58,CAFE AURORA,Restaurante,Guadalajara,TPV01-GUA,Miguel Delgado,miguel.delgado42@correo.mx,7456,VISA,201.49,MXN,APROBADA,QR,N
TRX0000758,2026-02-08 16:39:51,Super Norteno,supermercado,Monterrey,TPV01-MON,Fernando Ramirez,fernando.ramirez126@correo.mx,7487,AMEX,1223.26,MXN,APROBADA,BANDA,N
TRX0000759,2026-05-04 21:10:10,CAFE AURORA,Restaurante,Guadalajara,TPV03-GUA,Sofia Rivas,sofia.rivas81@correo.mx,4001,VISA,154.81,MXN,APROBADA,BANDA,N
TRX0000760,2026-04-10 14:30:46,Super Nortenio,SUPER,Monterrey,TPV03-MON,Miguel Delgado,miguel.delgado42@correo.mx,7456,VISA,2060.42,MXN,REVERSADA,QR,N
TRX0000761,2026-02-28 16:03:36,CAFE AURORA,restaurante,Guadalajara,TPV04-GUA,Teresa Rivas,teresa.rivas25@correo.mx,6114,AMEX,175.4,MXN,APROBADA,BANDA,N
TRX0000762,2026-01-09 08:31:42,Farmacia del Sol ,farmacia,Ciudad de Mexico,TPV04-CIU,Jorge Nunez,jorge.nunez29@correo.mx,5067,AMEX,457.96,MXN,APROBADA,CHIP,N
TRX0000763,2026-01-23 17:24:06,Super Norteno,Supermercado,Monterrey,TPV03-MON,Patricia Delgado,patricia.delgado67@correo.mx,2557,MASTERCARD,711.21,MXN,RECHAZADA,QR,N
TRX0000764,2026-06-14 12:01:51,Super Nortenio,SUPER,Monterrey,TPV04-MON,Miguel Gonzalez,miguel.gonzalez172@correo.mx,8638,MASTERCARD,741.07,MXN,APROBADA,QR,N
TRX0000765,2026-01-17 15:22:40,SUPER NORTENO,Supermercado,Monterrey,TPV01-MON,Lucia Trejo,lucia.trejo92@correo.mx,3905,MASTERCARD,938.13,MXN,REVERSADA,QR,N
TRX0000766,2026-03-21 10:40:17,CAFE AURORA,restaurante,Guadalajara,TPV03-GUA,Elena Vargas,elena.vargas89@correo.mx,5689,VISA,103.36,MXN,APROBADA,BANDA,N
TRX0000767,2026-05-31 12:28:13,Super Nortenio,SUPER,Monterrey,TPV02-MON,Ivan Trejo,ivan.trejo180@correo.mx,8045,MASTERCARD,3351.45,MXN,APROBADA,BANDA,N
TRX0000768,2026-01-27 14:28:22,VIAJES ALTAMAR,viajes,Cancun,TPV01-CAN,Ivan Ramirez,ivan.ramirez45@correo.mx,8146,AMEX,36843.29,MXN,APROBADA,BANDA,N
TRX0000769,2026-01-29 08:46:56,CAFE AURORA,restaurante,Guadalajara,TPV02-GUA,Ivan Trejo,ivan.trejo180@correo.mx,8045,MASTERCARD,150.33,MXN,APROBADA,BANDA,N
TRX0000770,2026-02-11 12:38:07,Super Norteno,supermercado,Monterrey,TPV02-MON,Elena Ramirez,elena.ramirez61@correo.mx,8246,AMEX,3487.29,MXN,APROBADA,CONTACTLESS,N
TRX0000771,2026-01-01 17:44:24,Super Norteno,supermercado,Monterrey,TPV01-MON,Patricia Salazar,patricia.salazar69@correo.mx,4268,MASTERCARD,2299.74,MXN,REVERSADA,CONTACTLESS,N
TRX0000772,2026-06-03 08:25:17,ELECTRO MAYA,electronica,Merida,TPV01-MER,Jorge Vargas,jorge.vargas86@correo.mx,5040,MASTERCARD,8394.38,MXN,APROBADA,QR,N
TRX0000773,2026-02-14 12:34:46,ELECTRO MAYA,ELECTRO,Merida,TPV03-MER,Miguel Gonzalez,miguel.gonzalez28@correo.mx,8632,VISA,6950.77,MXN,REVERSADA,CONTACTLESS,N
TRX0000774,2026-03-17 19:35:24,SUPER NORTENO,supermercado,Monterrey,TPV04-MON,Patricia Delgado,patricia.delgado167@correo.mx,8972,VISA,2111.26,MXN,APROBADA,BANDA,N
TRX0000775,2026-02-07 18:47:34,Super Nortenio,SUPER,Monterrey,TPV01-MON,Luis Delgado,luis.delgado150@correo.mx,7838,VISA,3295.81,MXN,APROBADA,CHIP,N
TRX0000776,2026-04-30 09:07:40,Farmacia del Sol,FARM,Ciudad de Mexico,TPV02-CIU,Sofia Rivas,sofia.rivas93@correo.mx,9567,VISA,772.86,MXN,APROBADA,QR,N
TRX0000777,2026-02-09 07:24:51,ELECTRO MAYA,ELECTRO,Merida,TPV02-MER,Elena Ramirez,elena.ramirez4@correo.mx,8580,VISA,2583.36,MXN,APROBADA,BANDA,N
TRX0000778,2026-01-08 21:09:45,FARMACIA DEL SOL,Farmacia,Ciudad de Mexico,TPV03-CIU,Rocio Nunez,rocio.nunez173@correo.mx,4285,MASTERCARD,667.3,MXN,APROBADA,BANDA,N
TRX0000779,2026-02-20 19:18:12,GASOLINERA KM 12,Combustible,Puebla,TPV04-PUE,Luis Delgado,luis.delgado150@correo.mx,7838,VISA,1722.07,MXN,APROBADA,BANDA,N
TRX0000780,2026-01-20 15:41:59,GASOLINERA KM 12,combustible,Puebla,TPV04-PUE,Patricia Salazar,patricia.salazar69@correo.mx,4268,MASTERCARD,1773.08,MXN,APROBADA,BANDA,N
TRX0000781,2026-03-13 17:18:08,Farmacia del Sol,farmacia,Ciudad de Mexico,TPV02-CIU,Luis Ramirez,luis.ramirez39@correo.mx,8712,VISA,446.17,MXN,REVERSADA,CONTACTLESS,N
TRX0000782,2026-02-14 19:53:20,CAFE AURORA,restaurante,Guadalajara,TPV02-GUA,Lucia Ramirez,lucia.ramirez43@correo.mx,2509,VISA,478.95,MXN,APROBADA,MANUAL,N
TRX0000783,2026-01-07 06:07:55,Farmacia del Sol,FARM,Ciudad de Mexico,TPV04-CIU,Raul Gonzalez,raul.gonzalez74@correo.mx,9447,VISA,595.69,MXN,APROBADA,QR,N
TRX0000784,2026-05-20 10:11:48,FARMACIA DEL SOL,FARM,Ciudad de Mexico,TPV04-CIU,Luis Salazar,luis.salazar75@correo.mx,4376,MASTERCARD,443.23,MXN,RECHAZADA,MANUAL,N
TRX0000785,2026-01-09 12:45:05,Farmacia del Sol ,FARM,Ciudad de Mexico,TPV01-CIU,Luis Ramirez,luis.ramirez39@correo.mx,8712,VISA,338.74,MXN,APROBADA,MANUAL,N
TRX0000786,2026-02-04 07:45:00,GASOLINERA KM 12,combustible,Puebla,TPV02-PUE,Luis Salazar,luis.salazar75@correo.mx,4376,MASTERCARD,887.79,MXN,APROBADA,MANUAL,N
TRX0000787,2026-02-04 17:41:01,Farmacia del Sol ,FARM,Ciudad de Mexico,TPV02-CIU,Miguel Nunez,miguel.nunez82@correo.mx,8132,AMEX,155.48,MXN,REVERSADA,CHIP,N
TRX0000788,2026-05-24 07:24:47,Farmacia del Sol,farmacia,Ciudad de Mexico,TPV01-CIU,Lucia Vargas,lucia.vargas7@correo.mx,3320,MASTERCARD,784.66,MXN,APROBADA,BANDA,N
TRX0000789,2026-03-17 20:53:15,Farmacia del Sol ,FARM,Ciudad de Mexico,TPV03-CIU,Carmen Gonzalez,carmen.gonzalez129@correo.mx,1346,MASTERCARD,407.85,MXN,APROBADA,BANDA,N
TRX0000790,2026-04-18 09:17:12,Super Nortenio,supermercado,Monterrey,TPV03-MON,Ana Herrera,ana.herrera83@correo.mx,1387,MASTERCARD,2947.2,MXN,REVERSADA,MANUAL,N
TRX0000791,2026-06-05 16:29:36,Cafe Aurora,Restaurante,Guadalajara,TPV01-GUA,Rocio Nunez,rocio.nunez173@correo.mx,4285,MASTERCARD,275.65,MXN,RECHAZADA,BANDA,N
TRX0000792,2026-05-28 08:53:33,Farmacia del Sol,Farmacia,Ciudad de Mexico,TPV02-CIU,Raul Vargas,raul.vargas135@correo.mx,8290,AMEX,804.14,MXN,APROBADA,BANDA,N
TRX0000793,2026-06-26 11:56:56,Farmacia del Sol ,Farmacia,Ciudad de Mexico,TPV02-CIU,Lucia Ramirez,lucia.ramirez43@correo.mx,2509,VISA,737.57,MXN,APROBADA,CHIP,N
TRX0000794,2026-05-10 11:27:06,Cafe Aurora,Restaurante,Guadalajara,TPV03-GUA,Raul Cortes,raul.cortes116@correo.mx,1792,MASTERCARD,65.42,MXN,APROBADA,QR,N
TRX0000795,2026-06-22 16:03:02,Cafe Aurora,restaurante,Guadalajara,TPV02-GUA,Sofia Cortes,sofia.cortes153@correo.mx,1495,AMEX,261.59,MXN,APROBADA,CHIP,N
TRX0000796,2026-04-18 15:30:26,GASOLINERA KM 12,Combustible,Puebla,TPV04-PUE,Fernando Vargas,fernando.vargas65@correo.mx,7747,MASTERCARD,1473.89,MXN,APROBADA,BANDA,N
TRX0000797,2026-01-05 16:10:59,SUPER NORTENO,SUPER,Monterrey,TPV01-MON,Raul Cortes,raul.cortes116@correo.mx,1792,MASTERCARD,2064.86,MXN,APROBADA,CHIP,N
TRX0000798,2026-03-27 10:41:27,Electro Maya,ELECTRO,Merida,TPV01-MER,Fernando Ramirez,fernando.ramirez126@correo.mx,7487,AMEX,20945.49,MXN,APROBADA,MANUAL,N
TRX0000799,2026-06-12 09:19:04,SUPER NORTENO,SUPER,Monterrey,TPV03-MON,Fernando Rivas,fernando.rivas133@correo.mx,1834,VISA,3045.71,MXN,APROBADA,CONTACTLESS,N
TRX0000800,2026-03-29 09:16:19,Farmacia del Sol,farmacia,Ciudad de Mexico,TPV01-CIU,Raul Cortes,raul.cortes116@correo.mx,1792,MASTERCARD,181.7,MXN,APROBADA,CONTACTLESS,N
TRX0000801,2026-01-12 19:57:35,CAFE AURORA,Restaurante,Guadalajara,TPV01-GUA,Sofia Nunez,sofia.nunez134@correo.mx,8835,VISA,306.52,MXN,REVERSADA,CHIP,N
TRX0000802,2026-06-27 21:26:47,GASOLINERA KM 12,combustible,Puebla,TPV04-PUE,Patricia Ramirez,patricia.ramirez130@correo.mx,8241,AMEX,816.66,MXN,APROBADA,QR,N
TRX0000803,2026-01-23 14:13:48,VIAJES ALTAMAR,Viajes,Cancun,TPV03-CAN,Jorge Vargas,jorge.vargas40@correo.mx,2316,AMEX,41602.8,MXN,APROBADA,MANUAL,N
TRX0000804,2026-01-26 21:55:49,CAFE AURORA,Restaurante,Guadalajara,TPV03-GUA,Luis Zamora,luis.zamora9@correo.mx,1462,AMEX,121.06,MXN,APROBADA,QR,N
TRX0000805,2026-04-03 19:17:32,Farmacia del Sol ,Farmacia,Ciudad de Mexico,TPV02-CIU,Sofia Trejo,sofia.trejo80@correo.mx,8498,MASTERCARD,875.31,MXN,APROBADA,BANDA,N
TRX0000806,2026-02-03 15:02:33,Gasolinera Km 12,combustible,Puebla,TPV04-PUE,Lucia Vargas,lucia.vargas7@correo.mx,3320,MASTERCARD,1055.65,MXN,REVERSADA,CONTACTLESS,N
TRX0000807,2026-04-10 10:46:40,SUPER NORTENO,SUPER,Monterrey,TPV03-MON,Miguel Gonzalez,miguel.gonzalez28@correo.mx,8632,VISA,1985.25,MXN,APROBADA,CHIP,N
TRX0000808,2026-02-14 17:25:53,Super Nortenio,Supermercado,Monterrey,TPV04-MON,Rocio Zamora,rocio.zamora85@correo.mx,2544,AMEX,2831.34,MXN,APROBADA,CHIP,N
TRX0000809,2026-04-24 12:38:48,Farmacia del Sol,FARM,Ciudad de Mexico,TPV04-CIU,Ivan Ramirez,ivan.ramirez45@correo.mx,8146,AMEX,850.64,MXN,APROBADA,QR,N
TRX0000810,2026-05-27 11:03:26,Super Norteno,supermercado,Monterrey,TPV04-MON,Ana Ramirez,ana.ramirez100@correo.mx,7772,VISA,3041.86,MXN,APROBADA,CONTACTLESS,N
TRX0000811,2026-04-11 19:42:42,Super Nortenio,SUPER,Monterrey,TPV03-MON,Elena Ramirez,elena.ramirez8@correo.mx,3648,MASTERCARD,1821.72,MXN,APROBADA,QR,N
TRX0000812,2026-05-11 06:09:14,Super Nortenio,supermercado,Monterrey,TPV02-MON,Lucia Trejo,lucia.trejo92@correo.mx,3905,MASTERCARD,936.15,MXN,REVERSADA,BANDA,N
TRX0000813,2026-03-12 14:32:20,FARMACIA DEL SOL,farmacia,Ciudad de Mexico,TPV01-CIU,Fernando Salazar,fernando.salazar63@correo.mx,5089,MASTERCARD,845.05,MXN,APROBADA,QR,N
TRX0000814,2026-02-05 13:42:38,Super Norteno,SUPER,Monterrey,TPV04-MON,Rocio Vargas,rocio.vargas62@correo.mx,4939,MASTERCARD,1113.84,MXN,REVERSADA,MANUAL,N
TRX0000815,2026-05-18 21:03:54,Farmacia del Sol,farmacia,Ciudad de Mexico,TPV04-CIU,Miguel Delgado,miguel.delgado23@correo.mx,3807,VISA,599.84,MXN,APROBADA,BANDA,N
TRX0000816,2026-06-25 07:56:36,Cafe Aurora,restaurante,Guadalajara,TPV03-GUA,Rocio Rivas,rocio.rivas87@correo.mx,7957,VISA,187.75,MXN,APROBADA,CHIP,N
TRX0000817,2026-02-16 13:16:17,Cafe Aurora,restaurante,Guadalajara,TPV03-GUA,Ana Zamora,ana.zamora72@correo.mx,8476,VISA,123.62,MXN,RECHAZADA,CHIP,N
TRX0000818,2026-05-22 16:07:38,Super Norteno,supermercado,Monterrey,TPV03-MON,Ana Trejo,ana.trejo51@correo.mx,9690,MASTERCARD,1154.6,MXN,APROBADA,BANDA,N
TRX0000819,2026-05-23 13:08:36,GASOLINERA KM 12,Combustible,Puebla,TPV01-PUE,Fernando Salazar,fernando.salazar63@correo.mx,5089,MASTERCARD,1577.73,MXN,APROBADA,MANUAL,N
TRX0000820,2026-01-12 06:58:40,Cafe Aurora,restaurante,Guadalajara,TPV01-GUA,Ana Trejo,ana.trejo51@correo.mx,9690,MASTERCARD,189.03,MXN,APROBADA,CHIP,N
TRX0000821,2026-06-20 07:20:24,Super Nortenio,SUPER,Monterrey,TPV02-MON,Miguel Delgado,miguel.delgado42@correo.mx,7456,VISA,371.8,MXN,APROBADA,MANUAL,N
TRX0000822,2026-01-11 20:07:09,FARMACIA DEL SOL,FARM,Ciudad de Mexico,TPV02-CIU,Elena Ramirez,elena.ramirez175@correo.mx,9442,MASTERCARD,461.27,MXN,APROBADA,BANDA,N
TRX0000823,2026-03-08 21:24:03,ELECTRO MAYA,ELECTRO,Merida,TPV01-MER,Lucia Gonzalez,lucia.gonzalez54@correo.mx,2892,AMEX,1730.36,MXN,APROBADA,CONTACTLESS,N
TRX0000824,2026-01-05 16:42:31,GASOLINERA KM 12,combustible,Puebla,TPV02-PUE,Luis Ramirez,luis.ramirez58@correo.mx,6479,AMEX,670.79,MXN,RECHAZADA,MANUAL,N
TRX0000825,2026-03-13 16:12:50,SUPER NORTENO,supermercado,Monterrey,TPV04-MON,Ana Ramirez,ana.ramirez100@correo.mx,7540,MASTERCARD,3393.07,MXN,APROBADA,MANUAL,N
TRX0000826,2026-06-11 07:08:02,Gasolinera Km 12,Combustible,Puebla,TPV01-PUE,Fernando Ramirez,fernando.ramirez126@correo.mx,7487,AMEX,1326.52,MXN,APROBADA,BANDA,N
TRX0000827,2026-05-02 13:18:57,Gasolinera Km 12,Combustible,Puebla,TPV01-PUE,Elena Ramirez,elena.ramirez175@correo.mx,9442,MASTERCARD,1193.36,MXN,APROBADA,BANDA,N
TRX0000828,2026-04-28 09:22:03,SUPER NORTENO,supermercado,Monterrey,TPV01-MON,Miguel Herrera,miguel.herrera166@correo.mx,4697,AMEX,2878.01,MXN,APROBADA,MANUAL,N
TRX0000829,2026-02-23 07:27:09,Super Nortenio,supermercado,Monterrey,TPV04-MON,Lucia Trejo,lucia.trejo92@correo.mx,3905,MASTERCARD,2915.68,MXN,APROBADA,MANUAL,N
TRX0000830,2026-05-11 21:15:53,BOUTIQUE IRIS,VESTIMENTA,Ciudad de Mexico,TPV04-CIU,Ana Vargas,ana.vargas44@correo.mx,1097,AMEX,3101.34,MXN,APROBADA,QR,N
TRX0000831,2026-02-23 16:11:17,Farmacia del Sol ,FARM,Ciudad de Mexico,TPV02-CIU,Jorge Rivas,jorge.rivas147@correo.mx,5919,MASTERCARD,347.5,MXN,APROBADA,CONTACTLESS,N
TRX0000832,2026-03-24 13:07:08,Farmacia del Sol,FARM,Ciudad de Mexico,TPV02-CIU,Patricia Salazar,patricia.salazar69@correo.mx,4268,MASTERCARD,599.94,MXN,APROBADA,MANUAL,N
TRX0000833,2026-01-07 08:40:43,Farmacia del Sol ,FARM,Ciudad de Mexico,TPV02-CIU,Miguel Gonzalez,miguel.gonzalez154@correo.mx,1692,MASTERCARD,756.03,MXN,APROBADA,CONTACTLESS,N
TRX0000834,2026-03-03 17:45:44,Super Norteno,Supermercado,Monterrey,TPV04-MON,Rocio Ramirez,rocio.ramirez12@correo.mx,2195,MASTERCARD,725.89,MXN,RECHAZADA,BANDA,N
TRX0000835,2026-06-07 11:11:38,SUPER NORTENO,Supermercado,Monterrey,TPV01-MON,Hector Delgado,hector.delgado137@correo.mx,3321,AMEX,3259.08,MXN,APROBADA,CONTACTLESS,N
TRX0000836,2026-06-21 08:30:46,Super Norteno,SUPER,Monterrey,TPV04-MON,Luis Herrera,luis.herrera5@correo.mx,7395,MASTERCARD,2222.85,MXN,APROBADA,CONTACTLESS,N
TRX0000837,2026-04-23 06:09:08,Farmacia del Sol,FARM,Ciudad de Mexico,TPV02-CIU,Elena Ramirez,elena.ramirez8@correo.mx,3648,MASTERCARD,408.97,MXN,APROBADA,MANUAL,N
TRX0000838,2026-01-29 08:54:04,BOUTIQUE IRIS,Ropa,Ciudad de Mexico,TPV02-CIU,Hector Herrera,hector.herrera79@correo.mx,6221,MASTERCARD,1255.73,MXN,RECHAZADA,QR,N
TRX0000839,2026-04-09 11:44:28,Super Nortenio,SUPER,Monterrey,TPV03-MON,Ivan Delgado,ivan.delgado162@correo.mx,2492,AMEX,2240.44,MXN,RECHAZADA,CONTACTLESS,N
TRX0000840,2026-06-27 21:53:24,Gasolinera Km 12,combustible,Puebla,TPV04-PUE,Luis Ramirez,luis.ramirez58@correo.mx,8936,MASTERCARD,1611.99,MXN,APROBADA,CONTACTLESS,N
TRX0000841,2026-05-01 06:39:27,Farmacia del Sol ,FARM,Ciudad de Mexico,TPV02-CIU,Jorge Vargas,jorge.vargas86@correo.mx,5040,MASTERCARD,442.81,MXN,REVERSADA,MANUAL,N
TRX0000842,2026-04-30 07:50:58,GASOLINERA KM 12,Combustible,Puebla,TPV03-PUE,Luis Delgado,luis.delgado150@correo.mx,7838,VISA,1611.3,MXN,APROBADA,QR,N
TRX0000843,2026-04-28 06:44:13,Super Nortenio,Supermercado,Monterrey,TPV03-MON,Ana Mendoza,ana.mendoza27@correo.mx,5764,VISA,3482.08,MXN,APROBADA,MANUAL,N
TRX0000844,2026-01-08 09:42:12,CAFE AURORA,restaurante,Guadalajara,TPV04-GUA,Ana Nunez,ana.nunez17@correo.mx,9063,VISA,85.13,MXN,RECHAZADA,BANDA,N
TRX0000845,2026-05-29 10:14:03,Farmacia del Sol ,FARM,Ciudad de Mexico,TPV02-CIU,Raul Gonzalez,raul.gonzalez74@correo.mx,9447,VISA,688.63,MXN,APROBADA,CONTACTLESS,N
TRX0000846,2026-06-07 16:44:43,Super Nortenio,SUPER,Monterrey,TPV02-MON,Sofia Nunez,sofia.nunez56@correo.mx,5954,AMEX,3204.87,MXN,APROBADA,MANUAL,N
TRX0000847,2026-06-19 14:54:31,Boutique  Iris,VESTIMENTA,Ciudad de Mexico,TPV02-CIU,Sofia Nunez,sofia.nunez56@correo.mx,5954,AMEX,2259.66,MXN,APROBADA,QR,N
TRX0000848,2026-02-28 16:04:51,BOUTIQUE IRIS,ropa,Ciudad de Mexico,TPV02-CIU,Teresa Rivas,teresa.rivas25@correo.mx,6114,AMEX,1840.64,MXN,APROBADA,BANDA,N
TRX0000849,2026-04-13 17:38:18,Super Norteno,supermercado,Monterrey,TPV01-MON,Raul Mendoza,raul.mendoza30@correo.mx,7314,MASTERCARD,2461.85,MXN,REVERSADA,BANDA,N
TRX0000850,2026-04-09 21:13:40,Electro Maya,electronica,Merida,TPV03-MER,Lucia Herrera,lucia.herrera155@correo.mx,9599,MASTERCARD,6981.94,MXN,REVERSADA,MANUAL,N
TRX0000851,2026-05-16 18:42:56,Farmacia del Sol ,farmacia,Ciudad de Mexico,TPV03-CIU,Elena Ramirez,elena.ramirez144@correo.mx,8187,MASTERCARD,451.46,MXN,APROBADA,MANUAL,N
TRX0000852,2026-06-07 15:33:23,CAFE AURORA,restaurante,Guadalajara,TPV04-GUA,Elena Vargas,elena.vargas148@correo.mx,7654,MASTERCARD,170.57,MXN,APROBADA,MANUAL,N
TRX0000853,2026-06-12 18:39:16,Super Nortenio,SUPER,Monterrey,TPV01-MON,Lucia Zamora,lucia.zamora108@correo.mx,3262,MASTERCARD,1870.75,MXN,RECHAZADA,QR,N
TRX0000854,2026-06-06 15:44:35,SUPER NORTENO,SUPER,Monterrey,TPV01-MON,Lucia Trejo,lucia.trejo32@correo.mx,8092,VISA,1915.04,MXN,REVERSADA,CONTACTLESS,N
TRX0000855,2026-06-15 19:33:46,Super Norteno,SUPER,Monterrey,TPV03-MON,Raul Vargas,raul.vargas22@correo.mx,8824,AMEX,2850.43,MXN,REVERSADA,BANDA,N
TRX0000856,2026-01-11 10:15:44,VIAJES ALTAMAR,Viajes,Cancun,TPV01-CAN,Patricia Ramirez,patricia.ramirez130@correo.mx,8241,AMEX,42557.88,MXN,APROBADA,CHIP,N
TRX0000857,2026-04-30 16:51:30,Farmacia del Sol,FARM,Ciudad de Mexico,TPV04-CIU,Miguel Nunez,miguel.nunez174@correo.mx,2390,MASTERCARD,560.66,MXN,APROBADA,BANDA,N
TRX0000858,2026-02-15 17:41:41,Cafe Aurora,Restaurante,Guadalajara,TPV04-GUA,Ana Rivas,ana.rivas117@correo.mx,2975,MASTERCARD,336.45,MXN,APROBADA,CONTACTLESS,N
TRX0000859,2026-06-25 13:54:16,CAFE AURORA,restaurante,Guadalajara,TPV04-GUA,Jorge Nunez,jorge.nunez121@correo.mx,3221,AMEX,190.54,MXN,APROBADA,CHIP,N
TRX0000860,2026-03-30 14:37:02,CAFE AURORA,Restaurante,Guadalajara,TPV03-GUA,Lucia Gonzalez,lucia.gonzalez36@correo.mx,8401,AMEX,323.18,MXN,RECHAZADA,MANUAL,N
TRX0000861,2026-05-07 12:32:17,Super Norteno,supermercado,Monterrey,TPV03-MON,Raul Delgado,raul.delgado105@correo.mx,8772,MASTERCARD,870.24,MXN,RECHAZADA,MANUAL,N
TRX0000862,2026-06-23 15:29:49,Electro Maya,Electronica,Merida,TPV01-MER,Luis Salazar,luis.salazar75@correo.mx,4376,MASTERCARD,5682.91,MXN,RECHAZADA,CONTACTLESS,N
TRX0000863,2026-04-10 06:48:39,FARMACIA DEL SOL,farmacia,Ciudad de Mexico,TPV01-CIU,Patricia Ramirez,patricia.ramirez130@correo.mx,8241,AMEX,475.46,MXN,APROBADA,CHIP,N
TRX0000864,2026-05-02 14:50:36,GASOLINERA KM 12,Combustible,Puebla,TPV04-PUE,Miguel Gonzalez,miguel.gonzalez172@correo.mx,9785,AMEX,971.62,MXN,APROBADA,MANUAL,N
TRX0000865,2026-03-03 19:28:21,Super Nortenio,supermercado,Monterrey,TPV04-MON,Raul Rivas,raul.rivas114@correo.mx,9720,MASTERCARD,2140.99,MXN,APROBADA,BANDA,N
TRX0000866,2026-05-17 14:13:31,Super Norteno,supermercado,Monterrey,TPV01-MON,Raul Vargas,raul.vargas106@correo.mx,1214,AMEX,2299.84,MXN,APROBADA,BANDA,N
TRX0000867,2026-03-06 17:09:24,FARMACIA DEL SOL,farmacia,Ciudad de Mexico,TPV03-CIU,Teresa Salazar,teresa.salazar118@correo.mx,4699,VISA,714.62,MXN,APROBADA,BANDA,N
TRX0000868,2026-04-15 16:46:55,Super Norteno,supermercado,Monterrey,TPV03-MON,Elena Trejo,elena.trejo73@correo.mx,9973,AMEX,1954.03,MXN,APROBADA,CHIP,N
TRX0000869,2026-02-04 14:20:39,Farmacia del Sol,Farmacia,Ciudad de Mexico,TPV04-CIU,Raul Rivas,raul.rivas114@correo.mx,9720,MASTERCARD,292.44,MXN,APROBADA,MANUAL,N
TRX0000870,2026-04-23 15:19:11,ELECTRO MAYA,electronica,Merida,TPV01-MER,Jorge Gonzalez,jorge.gonzalez2@correo.mx,4837,AMEX,22456.13,MXN,APROBADA,MANUAL,N
TRX0000871,2026-06-08 07:57:37,Gasolinera Km 12,combustible,Puebla,TPV03-PUE,Lucia Ramirez,lucia.ramirez43@correo.mx,2509,VISA,1772.8,MXN,APROBADA,BANDA,N
TRX0000872,2026-02-10 18:37:22,Super Norteno,supermercado,Monterrey,TPV02-MON,Carmen Gonzalez,carmen.gonzalez129@correo.mx,1346,MASTERCARD,801.27,MXN,APROBADA,CHIP,N
TRX0000873,2026-04-10 21:40:22,Boutique  Iris,ropa,Ciudad de Mexico,TPV01-CIU,Raul Vargas,raul.vargas37@correo.mx,5573,AMEX,4415.12,MXN,APROBADA,QR,N
TRX0000874,2026-02-06 07:19:33,Boutique Iris,Ropa,Ciudad de Mexico,TPV03-CIU,Elena Delgado,elena.delgado149@correo.mx,9248,MASTERCARD,944.98,MXN,APROBADA,BANDA,N
TRX0000875,2026-05-10 13:46:43,Cafe Aurora,Restaurante,Guadalajara,TPV02-GUA,Jorge Vargas,jorge.vargas86@correo.mx,5040,MASTERCARD,449.09,MXN,APROBADA,QR,N
TRX0000876,2026-01-16 21:26:49,Cafe Aurora,restaurante,Guadalajara,TPV02-GUA,Rocio Nunez,rocio.nunez173@correo.mx,4285,MASTERCARD,69.48,MXN,RECHAZADA,MANUAL,N
TRX0000877,2026-05-17 12:43:59,Gasolinera Km 12,Combustible,Puebla,TPV02-PUE,Raul Nunez,raul.nunez70@correo.mx,2085,VISA,1367.0,MXN,APROBADA,BANDA,N
TRX0000878,2026-04-22 16:51:04,SUPER NORTENO,Supermercado,Monterrey,TPV03-MON,Raul Delgado,raul.delgado122@correo.mx,1413,VISA,2328.95,MXN,APROBADA,MANUAL,N
TRX0000879,2026-06-12 13:03:05,GASOLINERA KM 12,combustible,Puebla,TPV03-PUE,Fernando Gonzalez,fernando.gonzalez14@correo.mx,4950,MASTERCARD,523.84,MXN,APROBADA,MANUAL,N
TRX0000880,2026-03-25 09:07:38,Super Norteno,SUPER,Monterrey,TPV04-MON,Elena Ramirez,elena.ramirez4@correo.mx,8580,VISA,2486.34,MXN,RECHAZADA,BANDA,N
TRX0000881,2026-02-13 15:10:04,BOUTIQUE IRIS,VESTIMENTA,Ciudad de Mexico,TPV04-CIU,Lucia Delgado,lucia.delgado120@correo.mx,1162,AMEX,3037.54,MXN,APROBADA,QR,N
TRX0000882,2026-04-05 10:43:34,Farmacia del Sol,FARM,Ciudad de Mexico,TPV02-CIU,Lucia Delgado,lucia.delgado141@correo.mx,6423,VISA,503.38,MXN,REVERSADA,CHIP,N
TRX0000883,2026-04-17 07:29:00,Boutique Iris,Ropa,Ciudad de Mexico,TPV03-CIU,Fernando Mendoza,fernando.mendoza57@correo.mx,8388,AMEX,879.74,MXN,APROBADA,QR,N
TRX0000884,2026-06-22 18:20:47,SUPER NORTENO,Supermercado,Monterrey,TPV02-MON,Hector Herrera,hector.herrera79@correo.mx,6221,MASTERCARD,804.01,MXN,APROBADA,CONTACTLESS,N
TRX0000885,2026-05-28 07:11:51,SUPER NORTENO,SUPER,Monterrey,TPV02-MON,Jorge Vargas,jorge.vargas86@correo.mx,5040,MASTERCARD,789.11,MXN,APROBADA,MANUAL,N
TRX0000886,2026-03-09 10:25:33,Gasolinera Km 12,combustible,Puebla,TPV02-PUE,Sofia Nunez,sofia.nunez134@correo.mx,8835,VISA,816.29,MXN,REVERSADA,BANDA,N
TRX0000887,2026-05-14 19:54:29,Super Nortenio,SUPER,Monterrey,TPV02-MON,Jorge Rivas,jorge.rivas147@correo.mx,5919,MASTERCARD,3252.98,MXN,REVERSADA,MANUAL,N
TRX0000888,2026-01-14 18:48:13,Farmacia del Sol ,farmacia,Ciudad de Mexico,TPV03-CIU,Jorge Herrera,jorge.herrera46@correo.mx,2925,AMEX,439.41,MXN,RECHAZADA,CONTACTLESS,N
TRX0000889,2026-06-07 13:03:02,FARMACIA DEL SOL,Farmacia,Ciudad de Mexico,TPV03-CIU,Jorge Vargas,jorge.vargas86@correo.mx,5040,MASTERCARD,707.12,MXN,APROBADA,CONTACTLESS,N
TRX0000890,2026-03-15 17:23:19,SUPER NORTENO,Supermercado,Monterrey,TPV02-MON,Raul Delgado,raul.delgado169@correo.mx,7678,VISA,1416.24,MXN,RECHAZADA,QR,N
TRX0000891,2026-06-15 16:56:01,Farmacia del Sol ,Farmacia,Ciudad de Mexico,TPV03-CIU,Fernando Mendoza,fernando.mendoza57@correo.mx,6879,AMEX,589.85,MXN,APROBADA,QR,N
TRX0000892,2026-04-06 20:06:18,Cafe Aurora,restaurante,Guadalajara,TPV04-GUA,Raul Vargas,raul.vargas37@correo.mx,5573,AMEX,432.68,MXN,APROBADA,QR,N
TRX0000893,2026-04-16 15:54:51,Gasolinera Km 12,Combustible,Puebla,TPV03-PUE,Jorge Rivas,jorge.rivas78@correo.mx,8391,AMEX,1010.79,MXN,REVERSADA,CHIP,N
TRX0000894,2026-05-05 14:33:21,Gasolinera Km 12,combustible,Puebla,TPV01-PUE,Ivan Mendoza,ivan.mendoza21@correo.mx,2908,MASTERCARD,499.41,MXN,APROBADA,CONTACTLESS,N
TRX0000895,2026-05-28 06:18:54,VIAJES ALTAMAR,viajes,Cancun,TPV01-CAN,Patricia Gonzalez,patricia.gonzalez33@correo.mx,8690,AMEX,9228.3,MXN,APROBADA,BANDA,N
TRX0000896,2026-01-01 17:47:06,CAFE AURORA,Restaurante,Guadalajara,TPV02-GUA,Miguel Herrera,miguel.herrera166@correo.mx,4697,AMEX,341.82,MXN,APROBADA,CONTACTLESS,N
TRX0000897,2026-01-28 10:21:44,BOUTIQUE IRIS,VESTIMENTA,Ciudad de Mexico,TPV01-CIU,Ana Salazar,ana.salazar158@correo.mx,2274,MASTERCARD,2059.72,MXN,APROBADA,QR,N
TRX0000898,2026-05-01 20:26:06,Electro Maya,ELECTRO,Merida,TPV01-MER,Raul Vargas,raul.vargas106@correo.mx,1214,AMEX,17228.46,MXN,APROBADA,BANDA,N
TRX0000899,2026-04-12 15:16:31,Super Nortenio,SUPER,Monterrey,TPV03-MON,Miguel Gonzalez,miguel.gonzalez154@correo.mx,1692,MASTERCARD,2707.2,MXN,APROBADA,BANDA,N
TRX0000900,2026-01-08 14:51:23,Farmacia del Sol ,Farmacia,Ciudad de Mexico,TPV01-CIU,Ana Delgado,ana.delgado171@correo.mx,1786,AMEX,326.13,MXN,APROBADA,MANUAL,N
TRX0000901,2026-06-10 17:27:02,CAFE AURORA,restaurante,Guadalajara,TPV02-GUA,Raul Zamora,raul.zamora124@correo.mx,6787,AMEX,107.3,MXN,REVERSADA,QR,N
TRX0000902,2026-06-02 20:35:40,Super Norteno,SUPER,Monterrey,TPV02-MON,Elena Gonzalez,elena.gonzalez143@correo.mx,1660,MASTERCARD,2814.36,MXN,RECHAZADA,MANUAL,N
TRX0000903,2026-03-31 20:34:00,Boutique  Iris,ropa,Ciudad de Mexico,TPV03-CIU,Lucia Gonzalez,lucia.gonzalez54@correo.mx,2892,AMEX,4533.07,MXN,RECHAZADA,MANUAL,N
TRX0000904,2026-06-12 18:04:45,Viajes Altamar,Viajes,Cancun,TPV01-CAN,Fernando Zamora,fernando.zamora156@correo.mx,3541,MASTERCARD,40481.55,MXN,APROBADA,CHIP,N
TRX0000905,2026-05-22 07:25:04,BOUTIQUE IRIS,VESTIMENTA,Ciudad de Mexico,TPV03-CIU,Raul Vargas,raul.vargas37@correo.mx,5573,AMEX,1601.85,MXN,REVERSADA,BANDA,N
TRX0000906,2026-02-08 18:51:45,Cafe Aurora,Restaurante,Guadalajara,TPV02-GUA,Ana Delgado,ana.delgado171@correo.mx,8676,MASTERCARD,320.43,MXN,APROBADA,CHIP,N
TRX0000907,2026-02-20 21:24:55,Cafe Aurora,Restaurante,Guadalajara,TPV01-GUA,Patricia Mendoza,patricia.mendoza140@correo.mx,8731,VISA,247.72,MXN,APROBADA,QR,N
TRX0000908,2026-04-28 07:31:29,SUPER NORTENO,Supermercado,Monterrey,TPV02-MON,Fernando Zamora,fernando.zamora156@correo.mx,3541,MASTERCARD,1883.76,MXN,APROBADA,QR,N
TRX0000909,2026-06-23 21:01:32,CAFE AURORA,restaurante,Guadalajara,TPV04-GUA,Fernando Rivas,fernando.rivas133@correo.mx,6714,MASTERCARD,154.6,MXN,REVERSADA,BANDA,N
TRX0000910,2026-03-09 21:51:23,Cafe Aurora,Restaurante,Guadalajara,TPV01-GUA,Lucia Delgado,lucia.delgado141@correo.mx,6423,VISA,135.55,MXN,APROBADA,BANDA,N
TRX0000911,2026-05-01 20:20:06,FARMACIA DEL SOL,Farmacia,Ciudad de Mexico,TPV02-CIU,Teresa Gonzalez,teresa.gonzalez24@correo.mx,8230,VISA,291.22,MXN,RECHAZADA,CHIP,N
TRX0000912,2026-02-26 15:05:49,FARMACIA DEL SOL,FARM,Ciudad de Mexico,TPV02-CIU,Elena Trejo,elena.trejo73@correo.mx,9973,AMEX,228.83,MXN,REVERSADA,MANUAL,N
TRX0000913,2026-04-02 17:10:04,Cafe Aurora,restaurante,Guadalajara,TPV02-GUA,Sofia Vargas,sofia.vargas19@correo.mx,1099,MASTERCARD,149.29,MXN,APROBADA,MANUAL,N
TRX0000914,2026-05-30 14:24:15,Super Norteno,supermercado,Monterrey,TPV01-MON,Elena Vargas,elena.vargas89@correo.mx,5689,VISA,1721.55,MXN,APROBADA,BANDA,N
TRX0000915,2026-04-11 11:50:37,SUPER NORTENO,SUPER,Monterrey,TPV04-MON,Fernando Mendoza,fernando.mendoza109@correo.mx,1447,AMEX,3331.46,MXN,APROBADA,CONTACTLESS,N
TRX0000916,2026-06-16 07:28:23,FARMACIA DEL SOL,Farmacia,Ciudad de Mexico,TPV04-CIU,Lucia Gonzalez,lucia.gonzalez36@correo.mx,8401,AMEX,823.15,MXN,REVERSADA,CONTACTLESS,N
TRX0000917,2026-04-23 15:36:44,FARMACIA DEL SOL,Farmacia,Ciudad de Mexico,TPV02-CIU,Raul Cortes,raul.cortes116@correo.mx,1792,MASTERCARD,462.68,MXN,RECHAZADA,CHIP,N
TRX0000918,2026-01-13 06:55:56,Farmacia del Sol ,farmacia,Ciudad de Mexico,TPV01-CIU,Lucia Gonzalez,lucia.gonzalez54@correo.mx,2892,AMEX,127.54,MXN,APROBADA,MANUAL,N
TRX0000919,2026-04-21 07:08:36,Boutique Iris,VESTIMENTA,Ciudad de Mexico,TPV03-CIU,Lucia Vargas,lucia.vargas131@correo.mx,3615,MASTERCARD,3836.05,MXN,RECHAZADA,BANDA,N
TRX0000920,2026-06-14 07:48:00,Super Nortenio,SUPER,Monterrey,TPV01-MON,Raul Nunez,raul.nunez70@correo.mx,2085,VISA,2408.33,MXN,RECHAZADA,BANDA,N
TRX0000921,2026-03-01 21:41:52,Farmacia del Sol,Farmacia,Ciudad de Mexico,TPV01-CIU,Ana Salazar,ana.salazar158@correo.mx,2274,MASTERCARD,598.19,MXN,APROBADA,CHIP,N
TRX0000922,2026-05-12 20:44:00,Super Nortenio,supermercado,Monterrey,TPV02-MON,Patricia Gonzalez,patricia.gonzalez127@correo.mx,8628,VISA,3499.61,MXN,APROBADA,MANUAL,N
TRX0000923,2026-02-22 09:55:02,Super Norteno,Supermercado,Monterrey,TPV04-MON,Raul Rivas,raul.rivas114@correo.mx,9720,MASTERCARD,2385.92,MXN,APROBADA,CONTACTLESS,N
TRX0000924,2026-04-20 12:53:21,Super Nortenio,SUPER,Monterrey,TPV01-MON,Ivan Mendoza,ivan.mendoza21@correo.mx,2908,MASTERCARD,1867.08,MXN,REVERSADA,MANUAL,N
TRX0000925,2026-06-17 06:06:59,Boutique Iris,Ropa,Ciudad de Mexico,TPV01-CIU,Fernando Rivas,fernando.rivas133@correo.mx,6714,MASTERCARD,1756.17,MXN,APROBADA,QR,N
TRX0000926,2026-02-18 20:13:10,Farmacia del Sol,FARM,Ciudad de Mexico,TPV01-CIU,Ana Salazar,ana.salazar158@correo.mx,2274,MASTERCARD,268.69,MXN,APROBADA,MANUAL,N
TRX0000927,2026-01-18 09:43:12,Super Nortenio,supermercado,Monterrey,TPV02-MON,Luis Gonzalez,luis.gonzalez18@correo.mx,5494,VISA,657.29,MXN,RECHAZADA,MANUAL,N
TRX0000928,2026-04-21 09:24:10,BOUTIQUE IRIS,VESTIMENTA,Ciudad de Mexico,TPV04-CIU,Miguel Delgado,miguel.delgado42@correo.mx,7456,VISA,2231.94,MXN,RECHAZADA,QR,N
TRX0000929,2026-04-23 06:32:20,SUPER NORTENO,Supermercado,Monterrey,TPV01-MON,Elena Ramirez,elena.ramirez8@correo.mx,3648,MASTERCARD,443.25,MXN,REVERSADA,QR,N
TRX0000930,2026-03-18 20:44:22,Farmacia del Sol,FARM,Ciudad de Mexico,TPV04-CIU,Rocio Salazar,rocio.salazar98@correo.mx,9662,VISA,122.22,MXN,APROBADA,CHIP,N
TRX0000931,2026-01-03 20:09:52,SUPER NORTENO,supermercado,Monterrey,TPV01-MON,Ivan Delgado,ivan.delgado162@correo.mx,2492,AMEX,2139.28,MXN,APROBADA,CONTACTLESS,N
TRX0000932,2026-04-10 12:02:21,FARMACIA DEL SOL,Farmacia,Ciudad de Mexico,TPV04-CIU,Elena Ramirez,elena.ramirez8@correo.mx,3648,MASTERCARD,869.66,MXN,APROBADA,MANUAL,N
TRX0000933,2026-01-31 19:19:36,Farmacia del Sol,FARM,Ciudad de Mexico,TPV02-CIU,Hector Nunez,hector.nunez38@correo.mx,3109,AMEX,809.17,MXN,APROBADA,BANDA,N
TRX0000934,2026-02-16 18:06:10,SUPER NORTENO,SUPER,Monterrey,TPV04-MON,Carmen Nunez,carmen.nunez31@correo.mx,6697,VISA,1497.19,MXN,RECHAZADA,CHIP,N
TRX0000935,2026-05-03 19:37:32,Super Nortenio,Supermercado,Monterrey,TPV04-MON,Ana Cortes,ana.cortes91@correo.mx,8806,AMEX,539.19,MXN,APROBADA,BANDA,N
TRX0000936,2026-06-22 07:40:29,BOUTIQUE IRIS,Ropa,Ciudad de Mexico,TPV04-CIU,Lucia Trejo,lucia.trejo32@correo.mx,8092,VISA,5686.45,MXN,APROBADA,BANDA,N
TRX0000937,2026-01-26 15:34:00,FARMACIA DEL SOL,farmacia,Ciudad de Mexico,TPV01-CIU,Lucia Ramirez,lucia.ramirez152@correo.mx,6278,MASTERCARD,708.31,MXN,APROBADA,MANUAL,N
TRX0000938,2026-01-02 12:12:29,Super Nortenio,SUPER,Monterrey,TPV04-MON,Sofia Delgado,sofia.delgado119@correo.mx,1778,AMEX,3043.97,MXN,REVERSADA,QR,N
TRX0000939,2026-04-21 11:11:19,Super Norteno,Supermercado,Monterrey,TPV03-MON,Luis Ramirez,luis.ramirez39@correo.mx,8712,VISA,2592.92,MXN,APROBADA,QR,N
TRX0000940,2026-03-19 09:40:36,Boutique  Iris,Ropa,Ciudad de Mexico,TPV02-CIU,Luis Ramirez,luis.ramirez58@correo.mx,6479,AMEX,3436.42,MXN,RECHAZADA,BANDA,N
TRX0000941,2026-06-11 13:54:14,Gasolinera Km 12,combustible,Puebla,TPV02-PUE,Teresa Mendoza,teresa.mendoza159@correo.mx,6739,VISA,1482.49,MXN,APROBADA,MANUAL,N
TRX0000942,2026-01-04 18:32:24,Super Norteno,SUPER,Monterrey,TPV04-MON,Carmen Nunez,carmen.nunez31@correo.mx,6697,VISA,287.03,MXN,APROBADA,CHIP,N
TRX0000943,2026-02-03 20:06:24,Boutique Iris,ropa,Ciudad de Mexico,TPV02-CIU,Luis Trejo,luis.trejo1@correo.mx,4572,AMEX,4988.33,MXN,APROBADA,BANDA,N
TRX0000944,2026-06-08 14:08:52,Farmacia del Sol ,Farmacia,Ciudad de Mexico,TPV01-CIU,Elena Trejo,elena.trejo113@correo.mx,8853,VISA,212.18,MXN,APROBADA,MANUAL,N
TRX0000945,2026-03-10 18:33:17,Electro Maya,electronica,Merida,TPV04-MER,Luis Trejo,luis.trejo1@correo.mx,7154,MASTERCARD,14049.1,MXN,APROBADA,MANUAL,N
TRX0000946,2026-06-09 16:46:24,Super Nortenio,Supermercado,Monterrey,TPV01-MON,Lucia Trejo,lucia.trejo92@correo.mx,3905,MASTERCARD,1130.38,MXN,REVERSADA,QR,N
TRX0000947,2026-03-13 20:56:27,Gasolinera Km 12,combustible,Puebla,TPV04-PUE,Patricia Rivas,patricia.rivas157@correo.mx,8006,VISA,1321.59,MXN,APROBADA,CONTACTLESS,N
TRX0000948,2026-02-07 19:32:54,Super Nortenio,supermercado,Monterrey,TPV03-MON,Ivan Ramirez,ivan.ramirez45@correo.mx,8146,AMEX,570.28,MXN,REVERSADA,QR,N
TRX0000949,2026-06-07 09:57:02,Farmacia del Sol,Farmacia,Ciudad de Mexico,TPV03-CIU,Patricia Cortes,patricia.cortes160@correo.mx,4485,VISA,592.72,MXN,APROBADA,CHIP,N
TRX0000950,2026-03-11 15:31:50,Farmacia del Sol ,FARM,Ciudad de Mexico,TPV03-CIU,Ivan Ramirez,ivan.ramirez45@correo.mx,8146,AMEX,556.43,MXN,APROBADA,CONTACTLESS,N
TRX0000951,2026-03-03 11:21:37,FARMACIA DEL SOL,farmacia,Ciudad de Mexico,TPV03-CIU,Lucia Herrera,lucia.herrera155@correo.mx,9599,MASTERCARD,761.02,MXN,APROBADA,BANDA,N
TRX0000952,2026-06-06 09:55:35,Electro Maya,electronica,Merida,TPV03-MER,Jorge Rivas,jorge.rivas147@correo.mx,5919,MASTERCARD,4226.51,MXN,APROBADA,MANUAL,N
TRX0000953,2026-01-22 14:14:24,Super Nortenio,supermercado,Monterrey,TPV03-MON,Lucia Trejo,lucia.trejo92@correo.mx,3905,MASTERCARD,2884.73,MXN,APROBADA,CONTACTLESS,N
TRX0000954,2026-03-11 21:04:29,Boutique Iris,VESTIMENTA,Ciudad de Mexico,TPV03-CIU,Sofia Salazar,sofia.salazar146@correo.mx,4742,VISA,5841.62,MXN,RECHAZADA,CONTACTLESS,N
TRX0000955,2026-05-20 18:02:13,FARMACIA DEL SOL,farmacia,Ciudad de Mexico,TPV01-CIU,Jorge Gonzalez,jorge.gonzalez2@correo.mx,4837,AMEX,496.55,MXN,APROBADA,CHIP,N
TRX0000956,2026-04-01 14:18:15,SUPER NORTENO,supermercado,Monterrey,TPV03-MON,Raul Rivas,raul.rivas123@correo.mx,5837,MASTERCARD,1230.75,MXN,APROBADA,CONTACTLESS,N
TRX0000957,2026-03-04 11:05:15,Super Nortenio,Supermercado,Monterrey,TPV02-MON,Ivan Delgado,ivan.delgado59@correo.mx,3851,AMEX,2115.4,MXN,REVERSADA,QR,N
TRX0000958,2026-04-16 13:29:54,Cafe Aurora,Restaurante,Guadalajara,TPV01-GUA,Elena Ramirez,elena.ramirez144@correo.mx,3433,VISA,252.12,MXN,APROBADA,CONTACTLESS,N
TRX0000959,2026-03-17 08:10:53,CAFE AURORA,Restaurante,Guadalajara,TPV01-GUA,Hector Mendoza,hector.mendoza71@correo.mx,6093,VISA,441.15,MXN,APROBADA,QR,N
TRX0000960,2026-04-04 12:51:14,Cafe Aurora,restaurante,Guadalajara,TPV01-GUA,Teresa Gonzalez,teresa.gonzalez24@correo.mx,8230,VISA,418.99,MXN,APROBADA,QR,N
TRX0000961,2026-02-26 21:20:47,Farmacia del Sol,FARM,Ciudad de Mexico,TPV01-CIU,Carmen Ramirez,carmen.ramirez111@correo.mx,1829,VISA,124.76,MXN,APROBADA,QR,N
TRX0000962,2026-06-03 12:31:00,Boutique Iris,VESTIMENTA,Ciudad de Mexico,TPV03-CIU,Carmen Cortes,carmen.cortes76@correo.mx,7986,AMEX,3833.03,MXN,APROBADA,BANDA,N
TRX0000963,2026-01-02 11:34:33,Super Nortenio,Supermercado,Monterrey,TPV02-MON,Elena Delgado,elena.delgado149@correo.mx,9248,MASTERCARD,581.3,MXN,APROBADA,MANUAL,N
TRX0000964,2026-05-23 21:29:32,FARMACIA DEL SOL,Farmacia,Ciudad de Mexico,TPV04-CIU,Carmen Vargas,carmen.vargas161@correo.mx,3446,MASTERCARD,399.06,MXN,APROBADA,MANUAL,N
TRX0000965,2026-06-12 19:16:45,Cafe Aurora,Restaurante,Guadalajara,TPV04-GUA,Luis Herrera,luis.herrera5@correo.mx,7395,MASTERCARD,184.76,MXN,APROBADA,BANDA,N
TRX0000966,2026-05-12 19:48:07,Boutique  Iris,Ropa,Ciudad de Mexico,TPV01-CIU,Ivan Delgado,ivan.delgado59@correo.mx,3851,AMEX,4710.89,MXN,APROBADA,BANDA,N
TRX0000967,2026-01-26 20:59:06,Viajes Altamar,viajes,Cancun,TPV02-CAN,Miguel Nunez,miguel.nunez82@correo.mx,8132,AMEX,12436.81,MXN,REVERSADA,QR,N
TRX0000968,2026-04-10 08:18:17,Super Norteno,supermercado,Monterrey,TPV01-MON,Patricia Gonzalez,patricia.gonzalez33@correo.mx,8690,AMEX,1200.44,MXN,APROBADA,CONTACTLESS,N
TRX0000969,2026-02-10 16:16:53,Super Norteno,supermercado,Monterrey,TPV02-MON,Hector Nunez,hector.nunez38@correo.mx,3109,AMEX,2559.96,MXN,APROBADA,CONTACTLESS,N
TRX0000970,2026-02-17 11:18:33,Boutique Iris,VESTIMENTA,Ciudad de Mexico,TPV03-CIU,Teresa Gonzalez,teresa.gonzalez24@correo.mx,8230,VISA,3238.63,MXN,APROBADA,CONTACTLESS,N
TRX0000971,2026-01-28 14:00:41,Gasolinera Km 12,combustible,Puebla,TPV01-PUE,Patricia Gonzalez,patricia.gonzalez33@correo.mx,5295,AMEX,1082.19,MXN,APROBADA,BANDA,N
TRX0000972,2026-02-02 07:32:36,SUPER NORTENO,Supermercado,Monterrey,TPV02-MON,Patricia Herrera,patricia.herrera13@correo.mx,1324,VISA,3046.22,MXN,APROBADA,QR,N
TRX0000973,2026-04-08 13:53:48,Electro Maya,ELECTRO,Merida,TPV02-MER,Sofia Nunez,sofia.nunez134@correo.mx,9193,AMEX,12701.17,MXN,APROBADA,CONTACTLESS,N
TRX0000974,2026-04-27 14:42:54,GASOLINERA KM 12,Combustible,Puebla,TPV04-PUE,Hector Herrera,hector.herrera34@correo.mx,9193,VISA,1026.25,MXN,RECHAZADA,QR,N
TRX0000975,2026-06-26 20:47:38,Super Nortenio,supermercado,Monterrey,TPV02-MON,Jorge Vargas,jorge.vargas40@correo.mx,7531,MASTERCARD,763.57,MXN,REVERSADA,CONTACTLESS,N
TRX0000976,2026-06-22 10:42:44,Super Nortenio,supermercado,Monterrey,TPV04-MON,Miguel Ramirez,miguel.ramirez132@correo.mx,5849,MASTERCARD,2160.53,MXN,REVERSADA,QR,N
TRX0000977,2026-06-03 18:00:43,Farmacia del Sol ,FARM,Ciudad de Mexico,TPV02-CIU,Ana Cortes,ana.cortes91@correo.mx,8806,AMEX,669.66,MXN,APROBADA,QR,N
TRX0000978,2026-02-09 21:01:46,VIAJES ALTAMAR,Viajes,Cancun,TPV01-CAN,Elena Trejo,elena.trejo73@correo.mx,9973,AMEX,36740.51,MXN,RECHAZADA,MANUAL,N
TRX0000979,2026-06-20 18:23:52,CAFE AURORA,Restaurante,Guadalajara,TPV02-GUA,Ana Delgado,ana.delgado171@correo.mx,1786,AMEX,121.85,MXN,APROBADA,QR,N
TRX0000980,2026-03-17 09:57:50,BOUTIQUE IRIS,ropa,Ciudad de Mexico,TPV02-CIU,Carmen Vargas,carmen.vargas161@correo.mx,3446,MASTERCARD,3645.03,MXN,RECHAZADA,MANUAL,N
TRX0000981,2026-06-17 06:19:49,Cafe Aurora,restaurante,Guadalajara,TPV04-GUA,Ana Vargas,ana.vargas60@correo.mx,5862,AMEX,196.35,MXN,APROBADA,MANUAL,N
TRX0000982,2026-05-13 17:06:53,Boutique  Iris,Ropa,Ciudad de Mexico,TPV01-CIU,Ana Salazar,ana.salazar158@correo.mx,2274,MASTERCARD,3611.9,MXN,APROBADA,CHIP,N
TRX0000983,2026-03-26 20:10:06,CAFE AURORA,Restaurante,Guadalajara,TPV04-GUA,Raul Gonzalez,raul.gonzalez179@correo.mx,8333,MASTERCARD,444.17,MXN,APROBADA,CONTACTLESS,N
TRX0000984,2026-05-03 06:33:10,Cafe Aurora,restaurante,Guadalajara,TPV04-GUA,Lucia Gonzalez,lucia.gonzalez36@correo.mx,8401,AMEX,454.47,MXN,RECHAZADA,BANDA,N
TRX0000985,2026-01-22 10:04:56,GASOLINERA KM 12,combustible,Puebla,TPV02-PUE,Elena Vargas,elena.vargas148@correo.mx,7654,MASTERCARD,545.17,MXN,APROBADA,MANUAL,N
TRX0000986,2026-03-01 07:09:43,Cafe Aurora,Restaurante,Guadalajara,TPV01-GUA,Ana Cortes,ana.cortes53@correo.mx,3646,VISA,203.56,MXN,APROBADA,CHIP,N
TRX0000987,2026-05-21 06:16:50,Super Norteno,Supermercado,Monterrey,TPV02-MON,Luis Salazar,luis.salazar75@correo.mx,4376,MASTERCARD,3248.95,MXN,APROBADA,CHIP,N
TRX0000988,2026-02-17 21:04:35,Gasolinera Km 12,Combustible,Puebla,TPV04-PUE,Hector Mendoza,hector.mendoza71@correo.mx,6093,VISA,1092.34,MXN,APROBADA,CHIP,N
TRX0000989,2026-06-10 11:44:06,Gasolinera Km 12,combustible,Puebla,TPV01-PUE,Ivan Delgado,ivan.delgado59@correo.mx,3851,AMEX,1005.26,MXN,APROBADA,BANDA,N
TRX0000990,2026-03-18 17:58:49,ELECTRO MAYA,ELECTRO,Merida,TPV04-MER,Raul Nunez,raul.nunez70@correo.mx,2085,VISA,4613.89,MXN,APROBADA,BANDA,N
TRX0000991,2026-03-03 14:49:57,ELECTRO MAYA,ELECTRO,Merida,TPV01-MER,Carmen Nunez,carmen.nunez31@correo.mx,6697,VISA,16630.14,MXN,APROBADA,CONTACTLESS,N
TRX0000992,2026-04-28 21:20:15,Farmacia del Sol ,Farmacia,Ciudad de Mexico,TPV02-CIU,Raul Delgado,raul.delgado105@correo.mx,6357,VISA,522.09,MXN,APROBADA,CONTACTLESS,N
TRX0000993,2026-06-16 10:27:49,Farmacia del Sol ,farmacia,Ciudad de Mexico,TPV04-CIU,Raul Trejo,raul.trejo125@correo.mx,4936,VISA,207.59,MXN,APROBADA,BANDA,N
TRX0000994,2026-06-03 09:04:00,Super Nortenio,SUPER,Monterrey,TPV02-MON,Ivan Gonzalez,ivan.gonzalez41@correo.mx,2888,AMEX,713.14,MXN,RECHAZADA,MANUAL,N
TRX0000995,2026-06-03 14:47:27,ELECTRO MAYA,ELECTRO,Merida,TPV01-MER,Sofia Delgado,sofia.delgado119@correo.mx,1778,AMEX,4658.61,MXN,APROBADA,MANUAL,N
TRX0000996,2026-03-19 19:02:48,Super Nortenio,SUPER,Monterrey,TPV02-MON,Patricia Ramirez,patricia.ramirez130@correo.mx,8241,AMEX,1748.54,MXN,APROBADA,BANDA,N
TRX0000997,2026-02-18 18:25:11,Super Nortenio,SUPER,Monterrey,TPV03-MON,Ivan Delgado,ivan.delgado59@correo.mx,3851,AMEX,498.65,MXN,RECHAZADA,BANDA,N
TRX0000998,2026-01-20 18:00:42,CAFE AURORA,restaurante,Guadalajara,TPV01-GUA,Patricia Nunez,patricia.nunez52@correo.mx,8415,VISA,275.66,MXN,APROBADA,CONTACTLESS,N
TRX0000999,2026-06-28 13:40:59,Electro Maya,ELECTRO,Merida,TPV01-MER,Lucia Gonzalez,lucia.gonzalez36@correo.mx,8401,AMEX,15952.98,MXN,APROBADA,CONTACTLESS,N
TRX0001000,2026-05-12 19:23:23,Gasolinera Km 12,combustible,Puebla,TPV03-PUE,Hector Mendoza,hector.mendoza71@correo.mx,6093,VISA,1683.48,MXN,REVERSADA,CHIP,N
TRX0001001,2026-02-12 14:38:17,Super Norteno,supermercado,Monterrey,TPV03-MON,Fernando Herrera,fernando.herrera168@correo.mx,8810,VISA,3318.15,MXN,APROBADA,QR,N
TRX0001002,2026-03-31 09:59:39,FARMACIA DEL SOL,Farmacia,Ciudad de Mexico,TPV03-CIU,Sofia Salazar,sofia.salazar146@correo.mx,4742,VISA,877.56,MXN,RECHAZADA,QR,N
TRX0001003,2026-05-21 10:31:53,CAFE AURORA,Restaurante,Guadalajara,TPV01-GUA,Ivan Ramirez,ivan.ramirez45@correo.mx,8146,AMEX,213.5,MXN,APROBADA,MANUAL,N
TRX0001004,2026-04-30 06:47:12,Super Nortenio,Supermercado,Monterrey,TPV03-MON,Raul Vargas,raul.vargas22@correo.mx,8824,AMEX,1072.94,MXN,APROBADA,CHIP,N
TRX0001005,2026-06-06 21:41:19,SUPER NORTENO,Supermercado,Monterrey,TPV02-MON,Lucia Ramirez,lucia.ramirez152@correo.mx,6278,MASTERCARD,729.89,MXN,APROBADA,CHIP,N
TRX0001006,2026-03-08 21:20:43,Farmacia del Sol,farmacia,Ciudad de Mexico,TPV04-CIU,Sofia Delgado,sofia.delgado119@correo.mx,1778,AMEX,376.87,MXN,APROBADA,MANUAL,N
TRX0001007,2026-03-14 09:54:02,Boutique  Iris,ropa,Ciudad de Mexico,TPV03-CIU,Luis Trejo,luis.trejo1@correo.mx,4572,AMEX,5282.28,MXN,APROBADA,CHIP,N
TRX0001008,2026-04-23 08:20:00,Cafe Aurora,restaurante,Guadalajara,TPV04-GUA,Hector Mendoza,hector.mendoza10@correo.mx,6846,VISA,189.73,MXN,APROBADA,CHIP,N
TRX0001009,2026-03-01 12:11:35,FARMACIA DEL SOL,farmacia,Ciudad de Mexico,TPV02-CIU,Rocio Herrera,rocio.herrera165@correo.mx,6020,VISA,725.39,MXN,REVERSADA,QR,N
TRX0001010,2026-05-21 20:28:40,Gasolinera Km 12,Combustible,Puebla,TPV03-PUE,Jorge Gonzalez,jorge.gonzalez138@correo.mx,4950,AMEX,1589.09,MXN,APROBADA,BANDA,N
TRX0001011,2026-06-21 12:36:46,CAFE AURORA,restaurante,Guadalajara,TPV02-GUA,Elena Rivas,elena.rivas20@correo.mx,9752,AMEX,172.6,MXN,APROBADA,CONTACTLESS,N
TRX0001012,2026-03-02 14:27:35,GASOLINERA KM 12,Combustible,Puebla,TPV02-PUE,Elena Ramirez,elena.ramirez4@correo.mx,8580,VISA,1231.03,MXN,RECHAZADA,QR,N
TRX0001013,2026-05-30 07:51:34,Cafe Aurora,restaurante,Guadalajara,TPV03-GUA,Patricia Cortes,patricia.cortes160@correo.mx,9021,MASTERCARD,260.2,MXN,APROBADA,MANUAL,N
TRX0001014,2026-03-03 12:37:49,Boutique Iris,VESTIMENTA,Ciudad de Mexico,TPV03-CIU,Jorge Rivas,jorge.rivas78@correo.mx,8391,AMEX,3240.06,MXN,APROBADA,CONTACTLESS,N
TRX0001015,2026-01-31 08:02:59,Gasolinera Km 12,combustible,Puebla,TPV03-PUE,Luis Ramirez,luis.ramirez39@correo.mx,8712,VISA,1523.51,MXN,REVERSADA,CONTACTLESS,N
TRX0001016,2026-04-04 20:38:08,Super Nortenio,SUPER,Monterrey,TPV04-MON,Miguel Ramirez,miguel.ramirez132@correo.mx,5849,MASTERCARD,2651.18,MXN,APROBADA,BANDA,N
TRX0001017,2026-02-04 17:13:21,Super Nortenio,supermercado,Monterrey,TPV02-MON,Jorge Mendoza,jorge.mendoza47@correo.mx,7512,AMEX,2189.69,MXN,APROBADA,CHIP,N
TRX0001018,2026-05-28 18:04:57,ELECTRO MAYA,Electronica,Merida,TPV04-MER,Hector Nunez,hector.nunez38@correo.mx,3109,AMEX,7817.91,MXN,RECHAZADA,MANUAL,N
TRX0001019,2026-03-14 09:56:17,Super Norteno,SUPER,Monterrey,TPV04-MON,Elena Gonzalez,elena.gonzalez143@correo.mx,1660,MASTERCARD,2280.71,MXN,APROBADA,QR,N
TRX0001020,2026-02-08 20:02:29,ELECTRO MAYA,ELECTRO,Merida,TPV03-MER,Teresa Rivas,teresa.rivas25@correo.mx,6114,AMEX,7585.12,MXN,APROBADA,CHIP,N
TRX0001021,2026-02-17 15:02:09,Cafe Aurora,Restaurante,Guadalajara,TPV04-GUA,Elena Rivas,elena.rivas20@correo.mx,9752,AMEX,342.64,MXN,APROBADA,MANUAL,N
TRX0001022,2026-02-08 13:44:26,Gasolinera Km 12,Combustible,Puebla,TPV02-PUE,Raul Delgado,raul.delgado142@correo.mx,4207,AMEX,1049.0,MXN,APROBADA,CONTACTLESS,N
TRX0001023,2026-04-04 18:43:22,CAFE AURORA,restaurante,Guadalajara,TPV04-GUA,Fernando Vargas,fernando.vargas65@correo.mx,7747,MASTERCARD,116.14,MXN,APROBADA,CHIP,N
TRX0001024,2026-03-14 13:15:45,CAFE AURORA,Restaurante,Guadalajara,TPV01-GUA,Sofia Delgado,sofia.delgado119@correo.mx,1778,AMEX,385.67,MXN,RECHAZADA,QR,N
TRX0001025,2026-06-07 21:34:02,Super Nortenio,Supermercado,Monterrey,TPV03-MON,Elena Ramirez,elena.ramirez144@correo.mx,8187,MASTERCARD,435.31,MXN,APROBADA,QR,N
TRX0001026,2026-04-25 12:30:46,CAFE AURORA,Restaurante,Guadalajara,TPV01-GUA,Raul Vargas,raul.vargas106@correo.mx,1214,AMEX,279.43,MXN,APROBADA,MANUAL,N
TRX0001027,2026-03-01 06:08:29,CAFE AURORA,restaurante,Guadalajara,TPV03-GUA,Raul Vargas,raul.vargas37@correo.mx,5573,AMEX,393.06,MXN,REVERSADA,CONTACTLESS,N
TRX0001028,2026-05-20 17:14:08,Cafe Aurora,restaurante,Guadalajara,TPV03-GUA,Luis Salazar,luis.salazar75@correo.mx,4376,MASTERCARD,360.0,MXN,APROBADA,QR,N
TRX0001029,2026-04-01 08:55:25,Boutique  Iris,ropa,Ciudad de Mexico,TPV03-CIU,Raul Mendoza,raul.mendoza90@correo.mx,1177,AMEX,720.73,MXN,APROBADA,BANDA,N
TRX0001030,2026-03-15 17:09:52,Cafe Aurora,Restaurante,Guadalajara,TPV04-GUA,Patricia Herrera,patricia.herrera3@correo.mx,4061,VISA,281.71,MXN,APROBADA,MANUAL,N
TRX0001031,2026-05-22 10:54:48,GASOLINERA KM 12,Combustible,Puebla,TPV02-PUE,Raul Gonzalez,raul.gonzalez179@correo.mx,8333,MASTERCARD,485.13,MXN,APROBADA,CHIP,N
TRX0001032,2026-06-16 16:20:41,ELECTRO MAYA,Electronica,Merida,TPV01-MER,Raul Delgado,raul.delgado169@correo.mx,7678,VISA,19710.86,MXN,APROBADA,QR,N
TRX0001033,2026-03-28 12:19:43,Cafe Aurora,restaurante,Guadalajara,TPV02-GUA,Rocio Vargas,rocio.vargas62@correo.mx,4939,MASTERCARD,474.94,MXN,APROBADA,BANDA,N
TRX0001034,2026-04-30 09:15:56,Cafe Aurora,restaurante,Guadalajara,TPV04-GUA,Raul Delgado,raul.delgado122@correo.mx,1413,VISA,340.32,MXN,APROBADA,BANDA,N
TRX0001035,2026-06-24 20:21:16,Super Nortenio,SUPER,Monterrey,TPV01-MON,Lucia Herrera,lucia.herrera155@correo.mx,9599,MASTERCARD,483.98,MXN,APROBADA,MANUAL,N
TRX0001036,2026-02-17 11:22:14,SUPER NORTENO,SUPER,Monterrey,TPV02-MON,Carmen Cortes,carmen.cortes76@correo.mx,7986,AMEX,1707.33,MXN,APROBADA,CONTACTLESS,N
TRX0001037,2026-01-10 15:31:39,Super Norteno,Supermercado,Monterrey,TPV02-MON,Patricia Delgado,patricia.delgado167@correo.mx,8972,VISA,1425.89,MXN,APROBADA,MANUAL,N
TRX0001038,2026-05-30 17:58:53,Farmacia del Sol,farmacia,Ciudad de Mexico,TPV03-CIU,Luis Rivas,luis.rivas99@correo.mx,1585,MASTERCARD,222.76,MXN,APROBADA,CONTACTLESS,N
TRX0001039,2026-04-14 07:16:55,Cafe Aurora,restaurante,Guadalajara,TPV02-GUA,Rocio Salazar,rocio.salazar15@correo.mx,4224,MASTERCARD,305.51,MXN,APROBADA,BANDA,N
TRX0001040,2026-04-12 07:36:28,Farmacia del Sol,Farmacia,Ciudad de Mexico,TPV01-CIU,Miguel Gonzalez,miguel.gonzalez172@correo.mx,9785,AMEX,202.58,MXN,REVERSADA,QR,N
TRX0001041,2026-04-04 14:10:24,Boutique  Iris,Ropa,Ciudad de Mexico,TPV01-CIU,Ana Vargas,ana.vargas44@correo.mx,1097,AMEX,2991.72,MXN,APROBADA,QR,N
TRX0001042,2026-06-24 13:13:54,Farmacia del Sol,farmacia,Ciudad de Mexico,TPV02-CIU,Jorge Rivas,jorge.rivas128@correo.mx,7387,MASTERCARD,427.77,MXN,RECHAZADA,MANUAL,N
TRX0001043,2026-03-28 19:01:00,CAFE AURORA,restaurante,Guadalajara,TPV02-GUA,Raul Rivas,raul.rivas114@correo.mx,9720,MASTERCARD,368.82,MXN,APROBADA,BANDA,N
TRX0001044,2026-01-14 06:41:28,Farmacia del Sol ,FARM,Ciudad de Mexico,TPV02-CIU,Raul Vargas,raul.vargas22@correo.mx,8824,AMEX,137.49,MXN,RECHAZADA,CHIP,N
TRX0001045,2026-05-01 12:07:52,CAFE AURORA,Restaurante,Guadalajara,TPV04-GUA,Raul Zamora,raul.zamora124@correo.mx,6787,AMEX,133.15,MXN,APROBADA,QR,N
TRX0001046,2026-01-02 13:54:03,Super Norteno,supermercado,Monterrey,TPV02-MON,Elena Rivas,elena.rivas20@correo.mx,9752,AMEX,1586.86,MXN,APROBADA,CONTACTLESS,N
TRX0001047,2026-06-18 17:09:31,Super Norteno,Supermercado,Monterrey,TPV04-MON,Rocio Ramirez,rocio.ramirez12@correo.mx,2195,MASTERCARD,2820.5,MXN,APROBADA,CHIP,N
TRX0001048,2026-05-30 13:57:02,Farmacia del Sol,farmacia,Ciudad de Mexico,TPV04-CIU,Carmen Rivas,carmen.rivas139@correo.mx,4822,AMEX,367.06,MXN,APROBADA,CONTACTLESS,N
TRX0001049,2026-04-20 12:48:39,Farmacia del Sol,FARM,Ciudad de Mexico,TPV04-CIU,Raul Vargas,raul.vargas106@correo.mx,1214,AMEX,561.99,MXN,APROBADA,QR,N
TRX0001050,2026-05-08 06:38:01,Farmacia del Sol ,farmacia,Ciudad de Mexico,TPV02-CIU,Raul Delgado,raul.delgado169@correo.mx,7678,VISA,191.42,MXN,REVERSADA,CHIP,N
TRX0001051,2026-03-17 21:59:09,Cafe Aurora,restaurante,Guadalajara,TPV01-GUA,Fernando Salazar,fernando.salazar63@correo.mx,5089,MASTERCARD,269.63,MXN,APROBADA,QR,N
TRX0001052,2026-03-21 16:25:18,CAFE AURORA,restaurante,Guadalajara,TPV03-GUA,Luis Ramirez,luis.ramirez58@correo.mx,6479,AMEX,365.42,MXN,APROBADA,CHIP,N
TRX0001053,2026-03-10 10:09:40,Super Nortenio,SUPER,Monterrey,TPV03-MON,Raul Gonzalez,raul.gonzalez179@correo.mx,8333,MASTERCARD,1463.47,MXN,APROBADA,QR,N
TRX0001054,2026-04-08 06:59:57,Farmacia del Sol ,FARM,Ciudad de Mexico,TPV01-CIU,Sofia Trejo,sofia.trejo80@correo.mx,8498,MASTERCARD,306.57,MXN,APROBADA,MANUAL,N
TRX0001055,2026-01-25 09:42:09,Super Nortenio,Supermercado,Monterrey,TPV03-MON,Luis Delgado,luis.delgado150@correo.mx,7838,VISA,1295.15,MXN,APROBADA,CHIP,N
TRX0001056,2026-03-14 16:26:56,CAFE AURORA,restaurante,Guadalajara,TPV02-GUA,Ana Vargas,ana.vargas44@correo.mx,1097,AMEX,416.41,MXN,APROBADA,QR,N
TRX0001057,2026-05-12 19:30:50,FARMACIA DEL SOL,Farmacia,Ciudad de Mexico,TPV04-CIU,Lucia Trejo,lucia.trejo32@correo.mx,8092,VISA,388.9,MXN,APROBADA,MANUAL,N
TRX0001058,2026-03-20 12:09:59,Cafe Aurora,restaurante,Guadalajara,TPV02-GUA,Teresa Mendoza,teresa.mendoza159@correo.mx,6739,VISA,319.21,MXN,APROBADA,QR,N
TRX0001059,2026-01-13 06:24:16,Cafe Aurora,restaurante,Guadalajara,TPV02-GUA,Ana Ramirez,ana.ramirez100@correo.mx,7772,VISA,299.88,MXN,APROBADA,QR,N
TRX0001060,2026-02-13 15:50:46,Super Nortenio,SUPER,Monterrey,TPV02-MON,Jorge Vargas,jorge.vargas86@correo.mx,5040,MASTERCARD,750.58,MXN,REVERSADA,CHIP,N
TRX0001061,2026-02-13 09:17:59,Electro Maya,Electronica,Merida,TPV01-MER,Raul Vargas,raul.vargas22@correo.mx,8824,AMEX,1190.88,MXN,RECHAZADA,QR,N
TRX0001062,2026-05-13 07:40:59,SUPER NORTENO,Supermercado,Monterrey,TPV04-MON,Luis Salazar,luis.salazar75@correo.mx,4376,MASTERCARD,912.68,MXN,APROBADA,BANDA,N
TRX0001063,2026-05-03 14:45:09,Cafe Aurora,restaurante,Guadalajara,TPV04-GUA,Patricia Herrera,patricia.herrera3@correo.mx,4061,VISA,274.41,MXN,APROBADA,QR,N
TRX0001064,2026-03-28 21:33:29,BOUTIQUE IRIS,ropa,Ciudad de Mexico,TPV02-CIU,Patricia Salazar,patricia.salazar69@correo.mx,4268,MASTERCARD,407.28,MXN,APROBADA,BANDA,N
TRX0001065,2026-06-13 20:30:26,GASOLINERA KM 12,combustible,Puebla,TPV02-PUE,Ivan Delgado,ivan.delgado59@correo.mx,3851,AMEX,605.37,MXN,RECHAZADA,QR,N
TRX0001066,2026-03-29 12:30:17,Super Nortenio,Supermercado,Monterrey,TPV01-MON,Jorge Herrera,jorge.herrera112@correo.mx,5612,MASTERCARD,777.51,MXN,APROBADA,CHIP,N
TRX0001067,2026-05-28 10:05:58,Farmacia del Sol,farmacia,Ciudad de Mexico,TPV04-CIU,Elena Vargas,elena.vargas148@correo.mx,9840,AMEX,173.82,MXN,APROBADA,BANDA,N
TRX0001068,2026-02-23 19:17:49,Super Nortenio,SUPER,Monterrey,TPV04-MON,Elena Zamora,elena.zamora16@correo.mx,2698,VISA,1920.37,MXN,APROBADA,CHIP,N
TRX0001069,2026-01-25 17:54:47,Super Nortenio,Supermercado,Monterrey,TPV02-MON,Luis Zamora,luis.zamora9@correo.mx,1462,AMEX,507.19,MXN,APROBADA,CHIP,N
TRX0001070,2026-06-19 18:28:22,Boutique  Iris,ropa,Ciudad de Mexico,TPV04-CIU,Sofia Delgado,sofia.delgado119@correo.mx,1778,AMEX,3083.98,MXN,APROBADA,CONTACTLESS,N
TRX0001071,2026-04-06 21:29:53,Super Norteno,SUPER,Monterrey,TPV04-MON,Sofia Cortes,sofia.cortes153@correo.mx,1495,AMEX,1850.2,MXN,APROBADA,CHIP,N
TRX0001072,2026-04-07 14:12:40,SUPER NORTENO,SUPER,Monterrey,TPV01-MON,Patricia Gonzalez,patricia.gonzalez33@correo.mx,8690,AMEX,715.57,MXN,APROBADA,BANDA,N
TRX0001073,2026-04-04 12:35:38,Cafe Aurora,restaurante,Guadalajara,TPV04-GUA,Raul Delgado,raul.delgado105@correo.mx,8772,MASTERCARD,370.75,MXN,APROBADA,CONTACTLESS,N
TRX0001074,2026-01-25 17:55:35,FARMACIA DEL SOL,Farmacia,Ciudad de Mexico,TPV04-CIU,Jorge Mendoza,jorge.mendoza47@correo.mx,7512,AMEX,418.16,MXN,APROBADA,CONTACTLESS,N
TRX0001075,2026-03-29 14:50:11,Farmacia del Sol ,FARM,Ciudad de Mexico,TPV04-CIU,Lucia Zamora,lucia.zamora108@correo.mx,3262,MASTERCARD,831.67,MXN,APROBADA,MANUAL,N
TRX0001076,2026-06-26 06:28:11,SUPER NORTENO,SUPER,Monterrey,TPV03-MON,Carmen Nunez,carmen.nunez31@correo.mx,2556,AMEX,2729.21,MXN,APROBADA,CONTACTLESS,N
TRX0001077,2026-06-16 08:43:12,FARMACIA DEL SOL,farmacia,Ciudad de Mexico,TPV04-CIU,Rocio Zamora,rocio.zamora85@correo.mx,2544,AMEX,168.57,MXN,REVERSADA,MANUAL,N
TRX0001078,2026-01-09 09:33:46,Cafe Aurora,Restaurante,Guadalajara,TPV03-GUA,Fernando Zamora,fernando.zamora156@correo.mx,3541,MASTERCARD,334.75,MXN,APROBADA,CHIP,N
TRX0001079,2026-04-09 17:06:10,Farmacia del Sol,Farmacia,Ciudad de Mexico,TPV03-CIU,Raul Rivas,raul.rivas114@correo.mx,9720,MASTERCARD,356.76,MXN,APROBADA,CONTACTLESS,N
TRX0001080,2026-04-08 19:45:41,Cafe Aurora,restaurante,Guadalajara,TPV03-GUA,Elena Zamora,elena.zamora151@correo.mx,7344,AMEX,468.1,MXN,APROBADA,MANUAL,N
TRX0001081,2026-04-11 16:20:08,Super Nortenio,supermercado,Monterrey,TPV03-MON,Hector Ramirez,hector.ramirez164@correo.mx,7290,MASTERCARD,3422.46,MXN,APROBADA,QR,N
TRX0001082,2026-05-05 17:24:35,Super Norteno,supermercado,Monterrey,TPV04-MON,Ivan Gonzalez,ivan.gonzalez41@correo.mx,2888,AMEX,1688.13,MXN,APROBADA,CHIP,N
TRX0001083,2026-04-02 14:05:20,Boutique  Iris,ropa,Ciudad de Mexico,TPV01-CIU,Lucia Delgado,lucia.delgado141@correo.mx,6423,VISA,1371.19,MXN,RECHAZADA,QR,N
TRX0001084,2026-01-14 10:42:32,Farmacia del Sol,FARM,Ciudad de Mexico,TPV04-CIU,Patricia Herrera,patricia.herrera3@correo.mx,4061,VISA,212.68,MXN,APROBADA,CONTACTLESS,N
TRX0001085,2026-04-05 15:07:37,BOUTIQUE IRIS,VESTIMENTA,Ciudad de Mexico,TPV01-CIU,Elena Zamora,elena.zamora178@correo.mx,7623,AMEX,5570.64,MXN,REVERSADA,CONTACTLESS,N
TRX0001086,2026-02-25 21:55:32,Farmacia del Sol ,Farmacia,Ciudad de Mexico,TPV02-CIU,Patricia Herrera,patricia.herrera3@correo.mx,4061,VISA,461.25,MXN,RECHAZADA,CHIP,N
TRX0001087,2026-01-23 12:59:18,BOUTIQUE IRIS,Ropa,Ciudad de Mexico,TPV02-CIU,Carmen Gonzalez,carmen.gonzalez129@correo.mx,1346,MASTERCARD,3202.04,MXN,RECHAZADA,CONTACTLESS,N
TRX0001088,2026-02-10 10:01:21,SUPER NORTENO,Supermercado,Monterrey,TPV02-MON,Lucia Gonzalez,lucia.gonzalez96@correo.mx,7074,VISA,1401.8,MXN,APROBADA,MANUAL,N
TRX0001089,2026-01-29 07:42:53,CAFE AURORA,restaurante,Guadalajara,TPV03-GUA,Patricia Ramirez,patricia.ramirez130@correo.mx,8241,AMEX,155.55,MXN,REVERSADA,BANDA,N
TRX0001090,2026-03-19 13:51:47,BOUTIQUE IRIS,ropa,Ciudad de Mexico,TPV04-CIU,Ana Zamora,ana.zamora72@correo.mx,8476,VISA,4590.43,MXN,APROBADA,MANUAL,N
TRX0001091,2026-02-03 16:29:45,Super Nortenio,SUPER,Monterrey,TPV02-MON,Jorge Nunez,jorge.nunez29@correo.mx,5067,AMEX,606.68,MXN,APROBADA,CONTACTLESS,N
TRX0001092,2026-04-20 18:26:35,FARMACIA DEL SOL,Farmacia,Ciudad de Mexico,TPV01-CIU,Lucia Ramirez,lucia.ramirez152@correo.mx,6278,MASTERCARD,216.21,MXN,APROBADA,CONTACTLESS,N
TRX0001093,2026-01-03 08:54:01,Electro Maya,Electronica,Merida,TPV03-MER,Miguel Delgado,miguel.delgado23@correo.mx,3807,VISA,1594.96,MXN,REVERSADA,MANUAL,N
TRX0001094,2026-01-04 16:59:30,SUPER NORTENO,Supermercado,Monterrey,TPV04-MON,Rocio Cortes,rocio.cortes103@correo.mx,8270,VISA,1755.83,MXN,RECHAZADA,BANDA,N
TRX0001095,2026-03-16 20:32:46,Electro Maya,electronica,Merida,TPV04-MER,Raul Mendoza,raul.mendoza90@correo.mx,1177,AMEX,8346.2,MXN,APROBADA,CONTACTLESS,N
TRX0001096,2026-06-23 14:24:34,Cafe Aurora,Restaurante,Guadalajara,TPV01-GUA,Lucia Trejo,lucia.trejo92@correo.mx,3905,MASTERCARD,162.57,MXN,APROBADA,CHIP,N
TRX0001097,2026-01-24 15:44:57,Cafe Aurora,Restaurante,Guadalajara,TPV01-GUA,Raul Delgado,raul.delgado142@correo.mx,4207,AMEX,64.07,MXN,APROBADA,MANUAL,N
TRX0001098,2026-05-22 11:27:13,SUPER NORTENO,Supermercado,Monterrey,TPV01-MON,Jorge Gonzalez,jorge.gonzalez138@correo.mx,4950,AMEX,3288.02,MXN,APROBADA,CONTACTLESS,N
TRX0001099,2026-02-07 17:38:41,SUPER NORTENO,supermercado,Monterrey,TPV02-MON,Lucia Ramirez,lucia.ramirez48@correo.mx,2913,VISA,2728.98,MXN,RECHAZADA,QR,N
TRX0001100,2026-06-16 19:57:26,CAFE AURORA,Restaurante,Guadalajara,TPV03-GUA,Lucia Ramirez,lucia.ramirez48@correo.mx,2913,VISA,473.86,MXN,RECHAZADA,CONTACTLESS,N
TRX0001101,2026-03-03 15:26:53,Cafe Aurora,restaurante,Guadalajara,TPV02-GUA,Hector Mendoza,hector.mendoza71@correo.mx,6093,VISA,345.78,MXN,APROBADA,QR,N
TRX0001102,2026-03-13 11:24:44,ELECTRO MAYA,Electronica,Merida,TPV04-MER,Raul Zamora,raul.zamora124@correo.mx,6787,AMEX,12472.58,MXN,RECHAZADA,CHIP,N
TRX0001103,2026-05-19 07:06:58,SUPER NORTENO,supermercado,Monterrey,TPV04-MON,Raul Delgado,raul.delgado122@correo.mx,1413,VISA,2947.05,MXN,APROBADA,MANUAL,N
TRX0001104,2026-02-01 20:11:37,Super Norteno,supermercado,Monterrey,TPV01-MON,Lucia Ramirez,lucia.ramirez43@correo.mx,2509,VISA,2736.81,MXN,APROBADA,MANUAL,N
TRX0001105,2026-01-21 18:32:42,BOUTIQUE IRIS,Ropa,Ciudad de Mexico,TPV01-CIU,Ana Salazar,ana.salazar158@correo.mx,2274,MASTERCARD,1188.27,MXN,APROBADA,CHIP,N
TRX0001106,2026-05-18 16:36:23,VIAJES ALTAMAR,viajes,Cancun,TPV03-CAN,Sofia Salazar,sofia.salazar146@correo.mx,4742,VISA,21676.32,MXN,APROBADA,BANDA,N
TRX0001107,2026-01-09 14:22:30,Super Norteno,Supermercado,Monterrey,TPV01-MON,Elena Vargas,elena.vargas148@correo.mx,7654,MASTERCARD,2638.57,MXN,RECHAZADA,CHIP,N
TRX0001108,2026-05-30 21:49:00,Farmacia del Sol ,Farmacia,Ciudad de Mexico,TPV02-CIU,Teresa Herrera,teresa.herrera35@correo.mx,4201,VISA,559.6,MXN,APROBADA,BANDA,N
TRX0001109,2026-05-10 16:50:24,Gasolinera Km 12,Combustible,Puebla,TPV02-PUE,Rocio Rivas,rocio.rivas87@correo.mx,7400,AMEX,929.46,MXN,APROBADA,CONTACTLESS,N
TRX0001110,2026-06-23 07:47:41,Farmacia del Sol ,farmacia,Ciudad de Mexico,TPV04-CIU,Raul Vargas,raul.vargas37@correo.mx,5573,AMEX,381.78,MXN,APROBADA,QR,N
TRX0001111,2026-02-24 07:02:37,Farmacia del Sol ,FARM,Ciudad de Mexico,TPV03-CIU,Lucia Delgado,lucia.delgado120@correo.mx,1162,AMEX,271.54,MXN,APROBADA,BANDA,N
TRX0001112,2026-04-20 07:11:13,Super Norteno,supermercado,Monterrey,TPV02-MON,Fernando Cortes,fernando.cortes170@correo.mx,6842,AMEX,386.63,MXN,APROBADA,CHIP,N
TRX0001113,2026-02-18 14:52:14,ELECTRO MAYA,ELECTRO,Merida,TPV01-MER,Hector Ramirez,hector.ramirez164@correo.mx,4352,MASTERCARD,14883.84,MXN,APROBADA,QR,N
TRX0001114,2026-04-17 20:25:23,Gasolinera Km 12,Combustible,Puebla,TPV04-PUE,Rocio Ramirez,rocio.ramirez94@correo.mx,3489,VISA,531.96,MXN,APROBADA,MANUAL,N
TRX0001115,2026-02-06 18:04:20,Farmacia del Sol ,FARM,Ciudad de Mexico,TPV04-CIU,Sofia Trejo,sofia.trejo80@correo.mx,8498,MASTERCARD,593.96,MXN,APROBADA,MANUAL,N
TRX0001116,2026-03-10 11:56:14,Boutique Iris,ropa,Ciudad de Mexico,TPV04-CIU,Miguel Gonzalez,miguel.gonzalez172@correo.mx,9785,AMEX,1996.84,MXN,APROBADA,BANDA,N
TRX0001117,2026-05-26 15:27:41,Farmacia del Sol,Farmacia,Ciudad de Mexico,TPV04-CIU,Jorge Herrera,jorge.herrera46@correo.mx,2925,AMEX,556.4,MXN,APROBADA,MANUAL,N
TRX0001118,2026-05-13 06:30:04,Super Nortenio,supermercado,Monterrey,TPV03-MON,Raul Herrera,raul.herrera110@correo.mx,7010,VISA,1871.23,MXN,APROBADA,QR,N
TRX0001119,2026-04-25 12:50:00,GASOLINERA KM 12,combustible,Puebla,TPV03-PUE,Sofia Nunez,sofia.nunez56@correo.mx,5954,AMEX,1625.64,MXN,APROBADA,MANUAL,N
TRX0001120,2026-05-08 18:01:16,FARMACIA DEL SOL,Farmacia,Ciudad de Mexico,TPV02-CIU,Jorge Nunez,jorge.nunez29@correo.mx,5067,AMEX,200.03,MXN,APROBADA,QR,N
TRX0001121,2026-03-25 21:32:46,CAFE AURORA,Restaurante,Guadalajara,TPV02-GUA,Lucia Gonzalez,lucia.gonzalez36@correo.mx,8401,AMEX,472.37,MXN,REVERSADA,CONTACTLESS,N
TRX0001122,2026-04-16 17:32:02,Cafe Aurora,restaurante,Guadalajara,TPV04-GUA,Rocio Salazar,rocio.salazar15@correo.mx,4224,MASTERCARD,439.28,MXN,RECHAZADA,BANDA,N
TRX0001123,2026-03-08 17:01:17,Farmacia del Sol,farmacia,Ciudad de Mexico,TPV04-CIU,Jorge Gonzalez,jorge.gonzalez138@correo.mx,4950,AMEX,394.55,MXN,RECHAZADA,CONTACTLESS,N
TRX0001124,2026-01-07 13:12:21,BOUTIQUE IRIS,ropa,Ciudad de Mexico,TPV04-CIU,Raul Mendoza,raul.mendoza30@correo.mx,7314,MASTERCARD,4738.84,MXN,REVERSADA,BANDA,N
TRX0001125,2026-04-02 15:51:48,Farmacia del Sol,FARM,Ciudad de Mexico,TPV03-CIU,Raul Delgado,raul.delgado105@correo.mx,6357,VISA,557.05,MXN,APROBADA,CONTACTLESS,N
TRX0001126,2026-01-06 15:53:14,SUPER NORTENO,supermercado,Monterrey,TPV03-MON,Lucia Zamora,lucia.zamora108@correo.mx,3262,MASTERCARD,2944.22,MXN,APROBADA,CHIP,N
TRX0001127,2026-03-29 12:18:09,Farmacia del Sol,FARM,Ciudad de Mexico,TPV04-CIU,Miguel Gonzalez,miguel.gonzalez28@correo.mx,8632,VISA,347.41,MXN,RECHAZADA,CHIP,N
TRX0001128,2026-04-20 09:19:08,CAFE AURORA,Restaurante,Guadalajara,TPV03-GUA,Luis Trejo,luis.trejo1@correo.mx,4572,AMEX,262.85,MXN,REVERSADA,MANUAL,N
TRX0001129,2026-05-11 10:38:39,SUPER NORTENO,supermercado,Monterrey,TPV01-MON,Carmen Rivas,carmen.rivas139@correo.mx,4822,AMEX,1991.34,MXN,APROBADA,BANDA,N
TRX0001130,2026-04-13 16:28:31,Super Norteno,SUPER,Monterrey,TPV01-MON,Lucia Vargas,lucia.vargas64@correo.mx,5333,VISA,3044.14,MXN,REVERSADA,QR,N
TRX0001131,2026-06-29 09:15:53,Super Nortenio,SUPER,Monterrey,TPV01-MON,Teresa Mendoza,teresa.mendoza55@correo.mx,6130,MASTERCARD,539.58,MXN,APROBADA,BANDA,N
TRX0001132,2026-01-27 11:05:20,Super Nortenio,SUPER,Monterrey,TPV03-MON,Fernando Salazar,fernando.salazar63@correo.mx,5089,MASTERCARD,2109.28,MXN,APROBADA,MANUAL,N
TRX0001133,2026-05-31 12:52:55,Farmacia del Sol ,FARM,Ciudad de Mexico,TPV02-CIU,Luis Zamora,luis.zamora9@correo.mx,1462,AMEX,717.66,MXN,REVERSADA,CONTACTLESS,N
TRX0001134,2026-06-25 17:57:47,Farmacia del Sol ,farmacia,Ciudad de Mexico,TPV03-CIU,Jorge Delgado,jorge.delgado66@correo.mx,7754,VISA,651.86,MXN,APROBADA,CONTACTLESS,N
TRX0001135,2026-01-21 18:57:07,FARMACIA DEL SOL,FARM,Ciudad de Mexico,TPV01-CIU,Patricia Salazar,patricia.salazar69@correo.mx,4268,MASTERCARD,517.1,MXN,APROBADA,CONTACTLESS,N
TRX0001136,2026-03-17 08:02:16,FARMACIA DEL SOL,farmacia,Ciudad de Mexico,TPV02-CIU,Rocio Zamora,rocio.zamora104@correo.mx,6783,MASTERCARD,147.51,MXN,APROBADA,CONTACTLESS,N
TRX0001137,2026-03-12 18:02:16,Electro Maya,electronica,Merida,TPV02-MER,Lucia Herrera,lucia.herrera155@correo.mx,9599,MASTERCARD,7609.66,MXN,APROBADA,CHIP,N
TRX0001138,2026-05-08 09:29:30,Super Norteno,SUPER,Monterrey,TPV03-MON,Ana Delgado,ana.delgado171@correo.mx,1786,AMEX,1407.4,MXN,APROBADA,QR,N
TRX0001139,2026-01-03 15:54:30,Farmacia del Sol,Farmacia,Ciudad de Mexico,TPV02-CIU,Luis Herrera,luis.herrera5@correo.mx,7395,MASTERCARD,874.46,MXN,APROBADA,QR,N
TRX0001140,2026-06-22 14:54:15,CAFE AURORA,restaurante,Guadalajara,TPV02-GUA,Patricia Nunez,patricia.nunez52@correo.mx,8415,VISA,260.96,MXN,APROBADA,CHIP,N
TRX0001141,2026-05-04 14:15:55,SUPER NORTENO,supermercado,Monterrey,TPV01-MON,Sofia Trejo,sofia.trejo80@correo.mx,8498,MASTERCARD,2042.25,MXN,APROBADA,CONTACTLESS,N
TRX0001142,2026-06-03 15:08:42,GASOLINERA KM 12,combustible,Puebla,TPV03-PUE,Sofia Trejo,sofia.trejo80@correo.mx,8498,MASTERCARD,1752.13,MXN,APROBADA,BANDA,N
TRX0001143,2026-03-04 14:11:21,Cafe Aurora,restaurante,Guadalajara,TPV04-GUA,Lucia Vargas,lucia.vargas64@correo.mx,5333,VISA,269.49,MXN,APROBADA,MANUAL,N
TRX0001144,2026-05-18 09:53:46,Super Nortenio,SUPER,Monterrey,TPV02-MON,Rocio Ramirez,rocio.ramirez12@correo.mx,2195,MASTERCARD,2710.66,MXN,APROBADA,CONTACTLESS,N
TRX0001145,2026-02-21 06:07:55,BOUTIQUE IRIS,Ropa,Ciudad de Mexico,TPV04-CIU,Patricia Vargas,patricia.vargas26@correo.mx,4933,VISA,4694.02,MXN,APROBADA,CONTACTLESS,N
TRX0001146,2026-06-24 20:11:44,CAFE AURORA,Restaurante,Guadalajara,TPV04-GUA,Elena Delgado,elena.delgado149@correo.mx,9248,MASTERCARD,265.26,MXN,APROBADA,MANUAL,N
TRX0001147,2026-02-27 18:36:18,Boutique Iris,ropa,Ciudad de Mexico,TPV01-CIU,Elena Ramirez,elena.ramirez144@correo.mx,3433,VISA,4537.45,MXN,APROBADA,QR,N
TRX0001148,2026-02-18 11:57:34,Super Nortenio,SUPER,Monterrey,TPV01-MON,Hector Trejo,hector.trejo101@correo.mx,6533,MASTERCARD,2718.22,MXN,REVERSADA,CONTACTLESS,N
TRX0001149,2026-05-24 21:04:37,ELECTRO MAYA,Electronica,Merida,TPV04-MER,Ivan Gonzalez,ivan.gonzalez163@correo.mx,9280,MASTERCARD,22553.94,MXN,REVERSADA,MANUAL,N
TRX0001150,2026-01-11 08:38:56,Super Nortenio,Supermercado,Monterrey,TPV04-MON,Lucia Herrera,lucia.herrera155@correo.mx,9599,MASTERCARD,2033.37,MXN,APROBADA,MANUAL,N
TRX0001151,2026-05-04 06:25:51,Super Nortenio,Supermercado,Monterrey,TPV04-MON,Teresa Salazar,teresa.salazar118@correo.mx,4699,VISA,3146.88,MXN,APROBADA,MANUAL,N
TRX0001152,2026-04-04 19:11:46,Cafe Aurora,restaurante,Guadalajara,TPV03-GUA,Elena Trejo,elena.trejo113@correo.mx,8853,VISA,279.06,MXN,APROBADA,QR,N
TRX0001153,2026-06-25 06:36:22,CAFE AURORA,restaurante,Guadalajara,TPV03-GUA,Jorge Delgado,jorge.delgado66@correo.mx,7754,VISA,332.91,MXN,APROBADA,MANUAL,N
TRX0001154,2026-04-27 18:57:31,Super Norteno,SUPER,Monterrey,TPV02-MON,Carmen Mendoza,carmen.mendoza95@correo.mx,6566,AMEX,2050.07,MXN,RECHAZADA,CHIP,N
TRX0001155,2026-04-25 21:10:09,ELECTRO MAYA,electronica,Merida,TPV03-MER,Raul Trejo,raul.trejo125@correo.mx,4936,VISA,8415.12,MXN,APROBADA,CHIP,N
TRX0001156,2026-01-23 13:19:43,CAFE AURORA,restaurante,Guadalajara,TPV04-GUA,Lucia Vargas,lucia.vargas131@correo.mx,3615,MASTERCARD,366.46,MXN,REVERSADA,BANDA,N
TRX0001157,2026-02-01 13:59:26,Super Nortenio,SUPER,Monterrey,TPV04-MON,Rocio Salazar,rocio.salazar98@correo.mx,9662,VISA,2015.92,MXN,APROBADA,CHIP,N
TRX0001158,2026-02-11 17:39:39,CAFE AURORA,restaurante,Guadalajara,TPV02-GUA,Rocio Salazar,rocio.salazar98@correo.mx,9662,VISA,475.07,MXN,APROBADA,MANUAL,N
TRX0001159,2026-02-21 08:59:44,GASOLINERA KM 12,Combustible,Puebla,TPV04-PUE,Raul Delgado,raul.delgado122@correo.mx,1413,VISA,1026.54,MXN,APROBADA,QR,N
TRX0001160,2026-01-27 10:36:35,Farmacia del Sol ,FARM,Ciudad de Mexico,TPV03-CIU,Fernando Salazar,fernando.salazar63@correo.mx,5089,MASTERCARD,891.57,MXN,APROBADA,CONTACTLESS,N
TRX0001161,2026-03-28 07:40:37,CAFE AURORA,Restaurante,Guadalajara,TPV03-GUA,Lucia Vargas,lucia.vargas7@correo.mx,3320,MASTERCARD,451.07,MXN,APROBADA,BANDA,N
TRX0001162,2026-04-06 07:43:30,Gasolinera Km 12,Combustible,Puebla,TPV04-PUE,Rocio Zamora,rocio.zamora104@correo.mx,6783,MASTERCARD,1420.86,MXN,APROBADA,MANUAL,N
TRX0001163,2026-05-28 06:23:59,GASOLINERA KM 12,combustible,Puebla,TPV03-PUE,Miguel Gonzalez,miguel.gonzalez172@correo.mx,9785,AMEX,1107.98,MXN,REVERSADA,CONTACTLESS,N
TRX0001164,2026-06-06 19:22:59,ELECTRO MAYA,electronica,Merida,TPV03-MER,Hector Nunez,hector.nunez38@correo.mx,3109,AMEX,10585.08,MXN,APROBADA,MANUAL,N
TRX0001165,2026-04-30 08:23:18,Super Nortenio,SUPER,Monterrey,TPV02-MON,Elena Zamora,elena.zamora16@correo.mx,2698,VISA,2817.83,MXN,RECHAZADA,BANDA,N
TRX0001166,2026-01-02 19:28:19,BOUTIQUE IRIS,VESTIMENTA,Ciudad de Mexico,TPV02-CIU,Miguel Nunez,miguel.nunez82@correo.mx,8132,AMEX,1400.22,MXN,APROBADA,QR,N
TRX0001167,2026-03-01 16:41:36,CAFE AURORA,restaurante,Guadalajara,TPV03-GUA,Hector Herrera,hector.herrera34@correo.mx,9193,VISA,337.27,MXN,APROBADA,BANDA,N
TRX0001168,2026-03-31 11:08:22,SUPER NORTENO,supermercado,Monterrey,TPV02-MON,Ana Salazar,ana.salazar102@correo.mx,3316,AMEX,224.01,MXN,APROBADA,MANUAL,N
TRX0001169,2026-01-26 14:38:57,Super Nortenio,SUPER,Monterrey,TPV03-MON,Ana Cortes,ana.cortes53@correo.mx,9845,MASTERCARD,341.32,MXN,APROBADA,CHIP,N
TRX0001170,2026-02-15 07:07:37,Super Nortenio,SUPER,Monterrey,TPV04-MON,Hector Rivas,hector.rivas50@correo.mx,8897,MASTERCARD,2695.0,MXN,APROBADA,CONTACTLESS,N
TRX0001171,2026-03-14 13:05:12,Boutique  Iris,VESTIMENTA,Ciudad de Mexico,TPV03-CIU,Carmen Gonzalez,carmen.gonzalez129@correo.mx,1346,MASTERCARD,3125.54,MXN,APROBADA,CHIP,N
TRX0001172,2026-06-22 13:52:40,Super Norteno,supermercado,Monterrey,TPV04-MON,Ana Cortes,ana.cortes91@correo.mx,8806,AMEX,1307.68,MXN,APROBADA,CONTACTLESS,N
TRX0001173,2026-06-14 15:12:15,Super Norteno,SUPER,Monterrey,TPV01-MON,Teresa Mendoza,teresa.mendoza159@correo.mx,6739,VISA,1786.26,MXN,REVERSADA,CONTACTLESS,N
TRX0001174,2026-06-28 12:47:39,SUPER NORTENO,Supermercado,Monterrey,TPV04-MON,Lucia Ramirez,lucia.ramirez43@correo.mx,2509,VISA,599.43,MXN,APROBADA,BANDA,N
TRX0001175,2026-01-03 21:36:51,GASOLINERA KM 12,Combustible,Puebla,TPV04-PUE,Lucia Vargas,lucia.vargas64@correo.mx,5333,VISA,791.6,MXN,APROBADA,BANDA,N
TRX0001176,2026-06-20 07:44:25,CAFE AURORA,restaurante,Guadalajara,TPV04-GUA,Fernando Vargas,fernando.vargas65@correo.mx,7747,MASTERCARD,454.79,MXN,APROBADA,BANDA,N
TRX0001177,2026-01-06 21:21:58,GASOLINERA KM 12,Combustible,Puebla,TPV01-PUE,Ana Ramirez,ana.ramirez100@correo.mx,7772,VISA,1025.7,MXN,APROBADA,CHIP,S
TRX0001178,2026-01-06 14:15:30,Farmacia del Sol,Farmacia,Ciudad de Mexico,TPV01-CIU,Carmen Vargas,carmen.vargas161@correo.mx,3446,MASTERCARD,782.61,MXN,APROBADA,CHIP,N
TRX0001179,2026-06-24 20:21:15,Farmacia del Sol,farmacia,Ciudad de Mexico,TPV03-CIU,Fernando Gonzalez,fernando.gonzalez14@correo.mx,4950,MASTERCARD,410.39,MXN,APROBADA,BANDA,N
TRX0001180,2026-01-29 08:57:58,CAFE AURORA,restaurante,Guadalajara,TPV01-GUA,Teresa Rivas,teresa.rivas6@correo.mx,1505,MASTERCARD,172.51,MXN,APROBADA,CHIP,N
TRX0001181,2026-03-20 21:58:01,FARMACIA DEL SOL,farmacia,Ciudad de Mexico,TPV03-CIU,Carmen Vargas,carmen.vargas161@correo.mx,3446,MASTERCARD,374.58,MXN,APROBADA,BANDA,N
TRX0001182,2026-01-24 17:50:32,Super Norteno,SUPER,Monterrey,TPV01-MON,Lucia Ramirez,lucia.ramirez43@correo.mx,2509,VISA,2799.89,MXN,APROBADA,QR,N
TRX0001183,2026-05-21 16:30:56,Boutique Iris,Ropa,Ciudad de Mexico,TPV02-CIU,Ivan Ramirez,ivan.ramirez45@correo.mx,8146,AMEX,4310.68,MXN,REVERSADA,MANUAL,N
TRX0001184,2026-05-17 18:28:23,Super Norteno,Supermercado,Monterrey,TPV01-MON,Carmen Cortes,carmen.cortes76@correo.mx,7986,AMEX,1013.92,MXN,APROBADA,MANUAL,N
TRX0001185,2026-05-31 14:21:28,Super Norteno,supermercado,Monterrey,TPV01-MON,Teresa Rivas,teresa.rivas25@correo.mx,6114,AMEX,629.23,MXN,APROBADA,CONTACTLESS,N
TRX0001186,2026-01-16 19:40:06,SUPER NORTENO,supermercado,Monterrey,TPV03-MON,Elena Vargas,elena.vargas148@correo.mx,7654,MASTERCARD,1638.2,MXN,RECHAZADA,BANDA,N
TRX0001187,2026-06-08 15:54:22,BOUTIQUE IRIS,Ropa,Ciudad de Mexico,TPV02-CIU,Elena Vargas,elena.vargas148@correo.mx,9840,AMEX,2318.67,MXN,APROBADA,QR,N
TRX0001188,2026-06-22 15:01:05,SUPER NORTENO,SUPER,Monterrey,TPV04-MON,Raul Mendoza,raul.mendoza90@correo.mx,1177,AMEX,3024.77,MXN,APROBADA,CONTACTLESS,N
TRX0001189,2026-06-20 16:32:56,Electro Maya,ELECTRO,Merida,TPV01-MER,Lucia Zamora,lucia.zamora108@correo.mx,3262,MASTERCARD,23083.91,MXN,APROBADA,CHIP,N
TRX0001190,2026-06-04 21:35:40,FARMACIA DEL SOL,FARM,Ciudad de Mexico,TPV04-CIU,Luis Delgado,luis.delgado150@correo.mx,7838,VISA,698.28,MXN,APROBADA,CHIP,N
TRX0001191,2026-06-13 08:17:51,Cafe Aurora,restaurante,Guadalajara,TPV01-GUA,Sofia Delgado,sofia.delgado119@correo.mx,1778,AMEX,157.98,MXN,APROBADA,QR,N
TRX0001192,2026-02-17 16:05:30,Super Nortenio,supermercado,Monterrey,TPV01-MON,Teresa Mendoza,teresa.mendoza55@correo.mx,6130,MASTERCARD,982.26,MXN,APROBADA,CHIP,N
TRX0001193,2026-06-24 10:23:28,Super Nortenio,SUPER,Monterrey,TPV04-MON,Elena Cortes,elena.cortes68@correo.mx,5599,AMEX,2117.01,MXN,APROBADA,MANUAL,N
TRX0001194,2026-03-02 16:22:19,Cafe Aurora,Restaurante,Guadalajara,TPV01-GUA,Ivan Trejo,ivan.trejo180@correo.mx,8045,MASTERCARD,370.71,MXN,APROBADA,QR,N
TRX0001195,2026-02-16 19:14:35,Super Norteno,Supermercado,Monterrey,TPV03-MON,Raul Trejo,raul.trejo125@correo.mx,4936,VISA,686.29,MXN,APROBADA,QR,N
TRX0001196,2026-02-05 08:18:34,GASOLINERA KM 12,Combustible,Puebla,TPV03-PUE,Luis Zamora,luis.zamora9@correo.mx,1462,AMEX,1719.37,MXN,APROBADA,QR,N
TRX0001197,2026-06-08 09:21:59,Cafe Aurora,restaurante,Guadalajara,TPV04-GUA,Ana Nunez,ana.nunez17@correo.mx,9063,VISA,87.1,MXN,REVERSADA,CHIP,N
TRX0001198,2026-03-10 10:48:47,Gasolinera Km 12,Combustible,Puebla,TPV02-PUE,Rocio Ramirez,rocio.ramirez12@correo.mx,2195,MASTERCARD,628.11,MXN,APROBADA,QR,N
TRX0001199,2026-04-26 09:41:10,Boutique Iris,ropa,Ciudad de Mexico,TPV04-CIU,Raul Zamora,raul.zamora124@correo.mx,6787,AMEX,1292.28,MXN,REVERSADA,CHIP,N
TRX0001200,2026-04-29 10:39:32,Super Norteno,SUPER,Monterrey,TPV02-MON,Ana Vargas,ana.vargas44@correo.mx,1097,AMEX,485.9,MXN,APROBADA,CONTACTLESS,N
TRX0001201,2026-05-06 17:39:48,FARMACIA DEL SOL,FARM,Ciudad de Mexico,TPV02-CIU,Jorge Rivas,jorge.rivas147@correo.mx,5919,MASTERCARD,357.64,MXN,APROBADA,CONTACTLESS,N
TRX0001202,2026-05-16 15:45:38,Boutique  Iris,Ropa,Ciudad de Mexico,TPV02-CIU,Lucia Herrera,lucia.herrera11@correo.mx,1104,VISA,1486.56,MXN,RECHAZADA,CONTACTLESS,N
TRX0001203,2026-06-21 06:05:53,SUPER NORTENO,Supermercado,Monterrey,TPV04-MON,Fernando Mendoza,fernando.mendoza57@correo.mx,6879,AMEX,855.97,MXN,APROBADA,CHIP,N
TRX0001204,2026-05-31 11:25:16,CAFE AURORA,Restaurante,Guadalajara,TPV04-GUA,Carmen Vargas,carmen.vargas161@correo.mx,3446,MASTERCARD,442.29,MXN,APROBADA,CONTACTLESS,N
TRX0001205,2026-03-23 09:51:48,SUPER NORTENO,supermercado,Monterrey,TPV03-MON,Sofia Nunez,sofia.nunez134@correo.mx,9193,AMEX,2822.91,MXN,APROBADA,BANDA,N
TRX0001206,2026-01-13 10:23:16,Farmacia del Sol ,Farmacia,Ciudad de Mexico,TPV02-CIU,Lucia Gonzalez,lucia.gonzalez36@correo.mx,8401,AMEX,795.82,MXN,REVERSADA,MANUAL,N
TRX0001207,2026-03-10 07:17:28,Super Norteno,supermercado,Monterrey,TPV01-MON,Hector Delgado,hector.delgado49@correo.mx,4702,VISA,1906.25,MXN,APROBADA,CHIP,N
TRX0001208,2026-06-25 06:56:06,Farmacia del Sol,farmacia,Ciudad de Mexico,TPV01-CIU,Raul Delgado,raul.delgado169@correo.mx,7678,VISA,837.58,MXN,REVERSADA,CONTACTLESS,N
TRX0001209,2026-04-01 08:36:23,Boutique Iris,Ropa,Ciudad de Mexico,TPV01-CIU,Teresa Gonzalez,teresa.gonzalez24@correo.mx,8230,VISA,675.4,MXN,APROBADA,MANUAL,N
TRX0001210,2026-05-16 17:28:51,Boutique  Iris,VESTIMENTA,Ciudad de Mexico,TPV04-CIU,Luis Ramirez,luis.ramirez58@correo.mx,8936,MASTERCARD,5119.36,MXN,APROBADA,QR,N
TRX0001211,2026-04-20 13:02:26,FARMACIA DEL SOL,farmacia,Ciudad de Mexico,TPV04-CIU,Ivan Ramirez,ivan.ramirez45@correo.mx,8146,AMEX,698.97,MXN,APROBADA,CONTACTLESS,N
TRX0001212,2026-02-26 16:15:54,Gasolinera Km 12,combustible,Puebla,TPV01-PUE,Jorge Herrera,jorge.herrera112@correo.mx,5612,MASTERCARD,891.85,MXN,APROBADA,CHIP,N
TRX0001213,2026-02-10 11:43:26,SUPER NORTENO,SUPER,Monterrey,TPV01-MON,Carmen Ramirez,carmen.ramirez111@correo.mx,1829,VISA,1594.65,MXN,RECHAZADA,CONTACTLESS,N
TRX0001214,2026-05-11 10:41:25,Super Nortenio,SUPER,Monterrey,TPV03-MON,Miguel Gonzalez,miguel.gonzalez28@correo.mx,8632,VISA,325.13,MXN,RECHAZADA,CONTACTLESS,N
TRX0001215,2026-01-07 19:35:52,Boutique  Iris,VESTIMENTA,Ciudad de Mexico,TPV01-CIU,Rocio Salazar,rocio.salazar15@correo.mx,4224,MASTERCARD,2213.34,MXN,APROBADA,MANUAL,N
TRX0001216,2026-03-05 13:10:42,Boutique  Iris,Ropa,Ciudad de Mexico,TPV03-CIU,Raul Delgado,raul.delgado169@correo.mx,7678,VISA,3976.62,MXN,APROBADA,MANUAL,N
TRX0001217,2026-05-18 10:42:37,Super Nortenio,SUPER,Monterrey,TPV02-MON,Fernando Mendoza,fernando.mendoza109@correo.mx,1447,AMEX,1823.58,MXN,REVERSADA,BANDA,N
TRX0001218,2026-06-04 19:51:41,SUPER NORTENO,supermercado,Monterrey,TPV01-MON,Luis Salazar,luis.salazar75@correo.mx,4376,MASTERCARD,857.5,MXN,APROBADA,CHIP,N
TRX0001219,2026-06-19 15:13:48,SUPER NORTENO,SUPER,Monterrey,TPV03-MON,Elena Ramirez,elena.ramirez175@correo.mx,9442,MASTERCARD,909.89,MXN,APROBADA,CONTACTLESS,N
TRX0001220,2026-04-20 15:22:45,FARMACIA DEL SOL,Farmacia,Ciudad de Mexico,TPV03-CIU,Sofia Salazar,sofia.salazar146@correo.mx,4742,VISA,361.94,MXN,APROBADA,BANDA,N
TRX0001221,2026-06-02 18:52:21,Farmacia del Sol,FARM,Ciudad de Mexico,TPV01-CIU,Patricia Gonzalez,patricia.gonzalez127@correo.mx,8628,VISA,789.54,MXN,APROBADA,CONTACTLESS,N
TRX0001222,2026-06-07 09:46:48,FARMACIA DEL SOL,FARM,Ciudad de Mexico,TPV01-CIU,Raul Delgado,raul.delgado142@correo.mx,4207,AMEX,345.16,MXN,APROBADA,QR,N
TRX0001223,2026-02-27 10:22:28,SUPER NORTENO,Supermercado,Monterrey,TPV01-MON,Luis Salazar,luis.salazar75@correo.mx,4376,MASTERCARD,509.97,MXN,APROBADA,QR,N
TRX0001224,2026-06-10 06:22:03,VIAJES ALTAMAR,Viajes,Cancun,TPV02-CAN,Ana Rivas,ana.rivas117@correo.mx,2975,MASTERCARD,24716.46,MXN,APROBADA,CHIP,N
TRX0001225,2026-02-03 14:21:03,SUPER NORTENO,Supermercado,Monterrey,TPV03-MON,Raul Vargas,raul.vargas22@correo.mx,8824,AMEX,1613.09,MXN,APROBADA,BANDA,N
TRX0001226,2026-05-17 07:46:44,SUPER NORTENO,Supermercado,Monterrey,TPV04-MON,Miguel Nunez,miguel.nunez82@correo.mx,8132,AMEX,3430.95,MXN,REVERSADA,BANDA,N
TRX0001227,2026-04-15 21:57:41,Super Nortenio,SUPER,Monterrey,TPV02-MON,Sofia Rivas,sofia.rivas81@correo.mx,4001,VISA,2261.12,MXN,APROBADA,CONTACTLESS,N
TRX0001228,2026-05-18 19:08:59,Viajes Altamar,viajes,Cancun,TPV04-CAN,Patricia Herrera,patricia.herrera3@correo.mx,4061,VISA,8674.27,MXN,APROBADA,BANDA,N
TRX0001229,2026-03-29 17:39:16,Boutique Iris,VESTIMENTA,Ciudad de Mexico,TPV01-CIU,Luis Trejo,luis.trejo1@correo.mx,7154,MASTERCARD,3992.12,MXN,APROBADA,BANDA,N
TRX0001230,2026-04-22 17:17:37,Electro Maya,ELECTRO,Merida,TPV04-MER,Luis Herrera,luis.herrera5@correo.mx,3036,MASTERCARD,2715.37,MXN,REVERSADA,MANUAL,N
TRX0001231,2026-05-19 08:08:04,Farmacia del Sol,FARM,Ciudad de Mexico,TPV01-CIU,Fernando Rivas,fernando.rivas133@correo.mx,6714,MASTERCARD,298.87,MXN,RECHAZADA,QR,N
TRX0001232,2026-02-03 14:32:27,BOUTIQUE IRIS,VESTIMENTA,Ciudad de Mexico,TPV02-CIU,Lucia Herrera,lucia.herrera155@correo.mx,9599,MASTERCARD,4179.87,MXN,APROBADA,BANDA,N
TRX0001233,2026-04-23 17:36:56,Super Nortenio,supermercado,Monterrey,TPV01-MON,Elena Zamora,elena.zamora16@correo.mx,2698,VISA,505.96,MXN,APROBADA,CHIP,N
TRX0001234,2026-04-24 16:08:50,Super Norteno,supermercado,Monterrey,TPV02-MON,Miguel Gonzalez,miguel.gonzalez154@correo.mx,8784,AMEX,1391.05,MXN,APROBADA,BANDA,N
TRX0001235,2026-02-01 11:33:56,Farmacia del Sol ,Farmacia,Ciudad de Mexico,TPV01-CIU,Jorge Nunez,jorge.nunez121@correo.mx,1683,AMEX,414.7,MXN,APROBADA,MANUAL,N
TRX0001236,2026-05-21 18:57:15,Farmacia del Sol,farmacia,Ciudad de Mexico,TPV04-CIU,Raul Vargas,raul.vargas37@correo.mx,5573,AMEX,469.48,MXN,APROBADA,CONTACTLESS,N
TRX0001237,2026-04-08 09:00:32,Boutique  Iris,VESTIMENTA,Ciudad de Mexico,TPV04-CIU,Rocio Salazar,rocio.salazar98@correo.mx,9662,VISA,3761.69,MXN,APROBADA,BANDA,N
TRX0001238,2026-04-19 13:22:17,Boutique Iris,ropa,Ciudad de Mexico,TPV04-CIU,Fernando Herrera,fernando.herrera168@correo.mx,8810,VISA,3121.95,MXN,APROBADA,CHIP,N
TRX0001239,2026-01-16 12:50:51,GASOLINERA KM 12,combustible,Puebla,TPV04-PUE,Luis Delgado,luis.delgado150@correo.mx,7838,VISA,1482.14,MXN,APROBADA,CHIP,N
TRX0001240,2026-03-01 16:47:33,FARMACIA DEL SOL,Farmacia,Ciudad de Mexico,TPV01-CIU,Elena Cortes,elena.cortes68@correo.mx,5599,AMEX,440.47,MXN,REVERSADA,CONTACTLESS,N
TRX0001241,2026-02-07 19:06:13,BOUTIQUE IRIS,VESTIMENTA,Ciudad de Mexico,TPV03-CIU,Rocio Vargas,rocio.vargas62@correo.mx,4939,MASTERCARD,5419.04,MXN,REVERSADA,MANUAL,N
TRX0001242,2026-06-29 19:32:27,Cafe Aurora,Restaurante,Guadalajara,TPV02-GUA,Lucia Ramirez,lucia.ramirez48@correo.mx,2913,VISA,110.92,MXN,APROBADA,MANUAL,N
TRX0001243,2026-06-04 06:00:13,ELECTRO MAYA,ELECTRO,Merida,TPV01-MER,Carmen Gonzalez,carmen.gonzalez129@correo.mx,1346,MASTERCARD,11748.12,MXN,APROBADA,BANDA,N
TRX0001244,2026-06-08 13:28:25,CAFE AURORA,Restaurante,Guadalajara,TPV04-GUA,Raul Gonzalez,raul.gonzalez74@correo.mx,9447,VISA,100.29,MXN,APROBADA,MANUAL,N
TRX0001245,2026-05-27 16:52:43,FARMACIA DEL SOL,Farmacia,Ciudad de Mexico,TPV04-CIU,Ana Cortes,ana.cortes53@correo.mx,9845,MASTERCARD,541.28,MXN,APROBADA,QR,N
TRX0001246,2026-05-26 19:44:48,Gasolinera Km 12,combustible,Puebla,TPV01-PUE,Patricia Herrera,patricia.herrera13@correo.mx,1324,VISA,796.86,MXN,APROBADA,QR,N
TRX0001247,2026-02-16 09:31:39,SUPER NORTENO,Supermercado,Monterrey,TPV01-MON,Patricia Gonzalez,patricia.gonzalez33@correo.mx,5295,AMEX,741.17,MXN,APROBADA,MANUAL,N
TRX0001248,2026-05-10 12:07:26,Farmacia del Sol,Farmacia,Ciudad de Mexico,TPV02-CIU,Elena Zamora,elena.zamora178@correo.mx,7623,AMEX,145.88,MXN,APROBADA,MANUAL,N
TRX0001249,2026-04-14 06:22:29,Boutique Iris,VESTIMENTA,Ciudad de Mexico,TPV03-CIU,Elena Vargas,elena.vargas89@correo.mx,5689,VISA,1726.92,MXN,APROBADA,BANDA,N
TRX0001250,2026-04-27 15:35:21,Cafe Aurora,restaurante,Guadalajara,TPV03-GUA,Patricia Vargas,patricia.vargas26@correo.mx,4933,VISA,451.94,MXN,REVERSADA,MANUAL,N
TRX0001251,2026-06-20 17:19:29,Super Nortenio,supermercado,Monterrey,TPV01-MON,Raul Delgado,raul.delgado122@correo.mx,1413,VISA,2372.51,MXN,APROBADA,CONTACTLESS,N
TRX0001252,2026-02-01 21:37:47,BOUTIQUE IRIS,ropa,Ciudad de Mexico,TPV03-CIU,Rocio Herrera,rocio.herrera165@correo.mx,6020,VISA,2147.01,MXN,RECHAZADA,QR,N
TRX0001253,2026-02-24 17:09:50,Farmacia del Sol,farmacia,Ciudad de Mexico,TPV04-CIU,Lucia Vargas,lucia.vargas131@correo.mx,3615,MASTERCARD,276.87,MXN,REVERSADA,MANUAL,N
TRX0001254,2026-02-28 09:43:28,SUPER NORTENO,Supermercado,Monterrey,TPV01-MON,Fernando Cortes,fernando.cortes170@correo.mx,6842,AMEX,2368.58,MXN,APROBADA,MANUAL,N
TRX0001255,2026-04-25 20:15:05,CAFE AURORA,Restaurante,Guadalajara,TPV03-GUA,Elena Trejo,elena.trejo113@correo.mx,4568,MASTERCARD,169.33,MXN,APROBADA,BANDA,N
TRX0001256,2026-04-29 20:06:21,SUPER NORTENO,supermercado,Monterrey,TPV04-MON,Hector Herrera,hector.herrera79@correo.mx,3159,VISA,1924.72,MXN,APROBADA,MANUAL,N
TRX0001257,2026-04-25 11:53:02,CAFE AURORA,restaurante,Guadalajara,TPV01-GUA,Elena Ramirez,elena.ramirez8@correo.mx,3648,MASTERCARD,138.36,MXN,APROBADA,QR,N
TRX0001258,2026-03-18 09:48:21,Cafe Aurora,Restaurante,Guadalajara,TPV03-GUA,Raul Mendoza,raul.mendoza30@correo.mx,7314,MASTERCARD,272.08,MXN,APROBADA,BANDA,N
TRX0001259,2026-06-17 11:03:09,GASOLINERA KM 12,combustible,Puebla,TPV01-PUE,Miguel Ramirez,miguel.ramirez132@correo.mx,5849,MASTERCARD,641.31,MXN,APROBADA,QR,N
TRX0001260,2026-01-28 18:45:51,GASOLINERA KM 12,combustible,Puebla,TPV02-PUE,Raul Delgado,raul.delgado169@correo.mx,7678,VISA,1517.22,MXN,APROBADA,BANDA,N
TRX0001261,2026-02-14 16:42:27,Cafe Aurora,Restaurante,Guadalajara,TPV02-GUA,Raul Zamora,raul.zamora124@correo.mx,6787,AMEX,196.29,MXN,APROBADA,MANUAL,N
TRX0001262,2026-01-04 08:44:23,GASOLINERA KM 12,combustible,Puebla,TPV03-PUE,Jorge Herrera,jorge.herrera112@correo.mx,5612,MASTERCARD,442.65,MXN,APROBADA,MANUAL,N
TRX0001263,2026-03-13 13:37:12,ELECTRO MAYA,Electronica,Merida,TPV03-MER,Miguel Gonzalez,miguel.gonzalez154@correo.mx,1692,MASTERCARD,11159.69,MXN,REVERSADA,BANDA,N
TRX0001264,2026-01-14 19:56:20,Super Nortenio,SUPER,Monterrey,TPV02-MON,Rocio Herrera,rocio.herrera165@correo.mx,6020,VISA,2223.6,MXN,APROBADA,CONTACTLESS,N
TRX0001265,2026-02-04 18:21:04,GASOLINERA KM 12,combustible,Puebla,TPV04-PUE,Rocio Rivas,rocio.rivas87@correo.mx,7400,AMEX,316.43,MXN,APROBADA,CONTACTLESS,N
TRX0001266,2026-03-01 07:25:51,Boutique Iris,Ropa,Ciudad de Mexico,TPV02-CIU,Ivan Ramirez,ivan.ramirez45@correo.mx,8146,AMEX,3308.6,MXN,APROBADA,QR,N
TRX0001267,2026-05-02 20:33:36,Super Norteno,Supermercado,Monterrey,TPV02-MON,Raul Delgado,raul.delgado105@correo.mx,8772,MASTERCARD,292.42,MXN,APROBADA,BANDA,N
TRX0001268,2026-01-17 09:27:54,Farmacia del Sol ,Farmacia,Ciudad de Mexico,TPV01-CIU,Ana Zamora,ana.zamora72@correo.mx,8476,VISA,192.26,MXN,APROBADA,CONTACTLESS,N
TRX0001269,2026-03-05 13:47:26,Cafe Aurora,Restaurante,Guadalajara,TPV03-GUA,Hector Herrera,hector.herrera34@correo.mx,8787,VISA,407.31,MXN,APROBADA,CONTACTLESS,N
TRX0001270,2026-01-07 06:43:14,CAFE AURORA,Restaurante,Guadalajara,TPV01-GUA,Raul Delgado,raul.delgado142@correo.mx,4207,AMEX,468.87,MXN,APROBADA,CONTACTLESS,N
TRX0001271,2026-03-25 12:30:20,Gasolinera Km 12,combustible,Puebla,TPV01-PUE,Patricia Delgado,patricia.delgado167@correo.mx,8972,VISA,1638.31,MXN,APROBADA,BANDA,N
TRX0001272,2026-03-12 16:41:47,FARMACIA DEL SOL,Farmacia,Ciudad de Mexico,TPV01-CIU,Jorge Nunez,jorge.nunez121@correo.mx,1683,AMEX,697.82,MXN,APROBADA,CONTACTLESS,N
TRX0001273,2026-06-15 12:20:43,BOUTIQUE IRIS,VESTIMENTA,Ciudad de Mexico,TPV02-CIU,Teresa Rivas,teresa.rivas6@correo.mx,1505,MASTERCARD,5959.11,MXN,APROBADA,CHIP,N
TRX0001274,2026-03-26 16:33:36,Electro Maya,electronica,Merida,TPV04-MER,Patricia Salazar,patricia.salazar69@correo.mx,4268,MASTERCARD,23142.91,MXN,APROBADA,MANUAL,N
TRX0001275,2026-03-07 11:32:36,Boutique Iris,ropa,Ciudad de Mexico,TPV02-CIU,Hector Nunez,hector.nunez38@correo.mx,3109,AMEX,4966.85,MXN,APROBADA,MANUAL,N
TRX0001276,2026-02-23 18:28:08,Super Nortenio,supermercado,Monterrey,TPV03-MON,Teresa Rivas,teresa.rivas25@correo.mx,6114,AMEX,2797.73,MXN,APROBADA,CHIP,N
TRX0001277,2026-01-23 08:29:03,Super Nortenio,supermercado,Monterrey,TPV03-MON,Sofia Trejo,sofia.trejo80@correo.mx,8498,MASTERCARD,1999.49,MXN,APROBADA,CONTACTLESS,N
TRX0001278,2026-03-21 06:11:50,SUPER NORTENO,SUPER,Monterrey,TPV01-MON,Elena Vargas,elena.vargas148@correo.mx,9840,AMEX,707.74,MXN,APROBADA,QR,N
TRX0001279,2026-04-16 14:39:17,Super Nortenio,Supermercado,Monterrey,TPV04-MON,Jorge Gonzalez,jorge.gonzalez2@correo.mx,4837,AMEX,2802.81,MXN,REVERSADA,CHIP,N
TRX0001280,2026-05-18 15:19:45,GASOLINERA KM 12,combustible,Puebla,TPV02-PUE,Raul Gonzalez,raul.gonzalez74@correo.mx,9447,VISA,958.85,MXN,APROBADA,BANDA,N
TRX0001281,2026-06-05 11:14:11,Farmacia del Sol,Farmacia,Ciudad de Mexico,TPV01-CIU,Lucia Herrera,lucia.herrera11@correo.mx,1104,VISA,615.25,MXN,REVERSADA,CHIP,N
TRX0001282,2026-05-14 07:59:08,Super Norteno,supermercado,Monterrey,TPV04-MON,Rocio Salazar,rocio.salazar15@correo.mx,4224,MASTERCARD,2261.64,MXN,RECHAZADA,QR,N
TRX0001283,2026-02-17 17:25:55,GASOLINERA KM 12,combustible,Puebla,TPV03-PUE,Patricia Mendoza,patricia.mendoza107@correo.mx,8089,MASTERCARD,1569.49,MXN,RECHAZADA,CHIP,N
TRX0001284,2026-02-01 19:15:11,GASOLINERA KM 12,combustible,Puebla,TPV04-PUE,Raul Delgado,raul.delgado122@correo.mx,1413,VISA,1371.69,MXN,APROBADA,BANDA,N
TRX0001285,2026-03-05 14:54:48,Super Nortenio,supermercado,Monterrey,TPV01-MON,Carmen Ramirez,carmen.ramirez111@correo.mx,1829,VISA,2079.53,MXN,RECHAZADA,BANDA,N
TRX0001286,2026-06-05 06:10:51,SUPER NORTENO,supermercado,Monterrey,TPV03-MON,Elena Trejo,elena.trejo73@correo.mx,9973,AMEX,1078.49,MXN,APROBADA,CONTACTLESS,N
TRX0001287,2026-01-13 10:43:13,Electro Maya,electronica,Merida,TPV01-MER,Hector Herrera,hector.herrera79@correo.mx,6221,MASTERCARD,7959.27,MXN,REVERSADA,QR,N
TRX0001288,2026-02-14 20:40:39,BOUTIQUE IRIS,Ropa,Ciudad de Mexico,TPV03-CIU,Lucia Vargas,lucia.vargas131@correo.mx,3615,MASTERCARD,5119.63,MXN,APROBADA,BANDA,N
TRX0001289,2026-06-29 21:29:29,CAFE AURORA,restaurante,Guadalajara,TPV03-GUA,Lucia Vargas,lucia.vargas7@correo.mx,3320,MASTERCARD,263.48,MXN,APROBADA,QR,N
TRX0001290,2026-03-30 12:17:56,Super Nortenio,Supermercado,Monterrey,TPV04-MON,Lucia Gonzalez,lucia.gonzalez96@correo.mx,7074,VISA,634.22,MXN,APROBADA,QR,N
TRX0001291,2026-06-18 07:23:26,ELECTRO MAYA,electronica,Merida,TPV03-MER,Jorge Rivas,jorge.rivas78@correo.mx,8391,AMEX,4790.98,MXN,APROBADA,CHIP,N
TRX0001292,2026-05-25 07:31:12,ELECTRO MAYA,electronica,Merida,TPV01-MER,Lucia Delgado,lucia.delgado141@correo.mx,6423,VISA,23014.68,MXN,APROBADA,CONTACTLESS,N
TRX0001293,2026-03-11 15:29:11,Gasolinera Km 12,Combustible,Puebla,TPV02-PUE,Lucia Zamora,lucia.zamora108@correo.mx,3262,MASTERCARD,1125.43,MXN,REVERSADA,CHIP,N
TRX0001294,2026-02-01 19:56:19,BOUTIQUE IRIS,ropa,Ciudad de Mexico,TPV03-CIU,Miguel Trejo,miguel.trejo115@correo.mx,3481,MASTERCARD,3745.35,MXN,APROBADA,CHIP,N
TRX0001295,2026-03-17 18:48:39,Viajes Altamar,viajes,Cancun,TPV01-CAN,Elena Vargas,elena.vargas148@correo.mx,7654,MASTERCARD,21141.3,MXN,APROBADA,QR,N
TRX0001296,2026-03-14 19:23:58,FARMACIA DEL SOL,Farmacia,Ciudad de Mexico,TPV01-CIU,Sofia Salazar,sofia.salazar146@correo.mx,4742,VISA,310.59,MXN,APROBADA,QR,N
TRX0001297,2026-01-21 15:21:02,SUPER NORTENO,Supermercado,Monterrey,TPV03-MON,Miguel Gonzalez,miguel.gonzalez172@correo.mx,8638,MASTERCARD,741.95,MXN,APROBADA,BANDA,N
TRX0001298,2026-05-09 19:40:22,Boutique  Iris,Ropa,Ciudad de Mexico,TPV02-CIU,Rocio Zamora,rocio.zamora85@correo.mx,2544,AMEX,2078.71,MXN,APROBADA,MANUAL,N
TRX0001299,2026-06-14 13:20:23,SUPER NORTENO,SUPER,Monterrey,TPV01-MON,Ana Mendoza,ana.mendoza27@correo.mx,6032,AMEX,213.46,MXN,RECHAZADA,CONTACTLESS,N
TRX0001300,2026-05-05 10:52:42,Farmacia del Sol,farmacia,Ciudad de Mexico,TPV04-CIU,Carmen Cortes,carmen.cortes76@correo.mx,7986,AMEX,632.03,MXN,APROBADA,QR,N
TRX0001301,2026-04-01 20:33:16,Cafe Aurora,restaurante,Guadalajara,TPV04-GUA,Patricia Herrera,patricia.herrera13@correo.mx,1324,VISA,89.33,MXN,REVERSADA,QR,N
TRX0001302,2026-02-24 12:44:23,VIAJES ALTAMAR,viajes,Cancun,TPV01-CAN,Sofia Nunez,sofia.nunez134@correo.mx,9193,AMEX,25767.86,MXN,REVERSADA,CHIP,N
TRX0001303,2026-04-05 17:15:25,Farmacia del Sol,Farmacia,Ciudad de Mexico,TPV02-CIU,Patricia Mendoza,patricia.mendoza107@correo.mx,8089,MASTERCARD,193.64,MXN,RECHAZADA,CHIP,N
TRX0001304,2026-01-31 18:32:28,Farmacia del Sol,farmacia,Ciudad de Mexico,TPV04-CIU,Luis Ramirez,luis.ramirez39@correo.mx,8712,VISA,834.91,MXN,APROBADA,QR,N
TRX0001305,2026-04-14 12:40:04,BOUTIQUE IRIS,VESTIMENTA,Ciudad de Mexico,TPV02-CIU,Jorge Gonzalez,jorge.gonzalez2@correo.mx,4837,AMEX,4704.94,MXN,REVERSADA,CHIP,N
TRX0001306,2026-04-18 07:18:12,Super Nortenio,SUPER,Monterrey,TPV03-MON,Teresa Herrera,teresa.herrera35@correo.mx,4201,VISA,1696.84,MXN,RECHAZADA,CONTACTLESS,N
TRX0001307,2026-06-01 19:41:19,Super Nortenio,SUPER,Monterrey,TPV03-MON,Elena Zamora,elena.zamora178@correo.mx,7623,AMEX,2877.26,MXN,APROBADA,CONTACTLESS,N
TRX0001308,2026-02-19 15:54:36,Super Nortenio,supermercado,Monterrey,TPV03-MON,Miguel Nunez,miguel.nunez174@correo.mx,2390,MASTERCARD,2709.02,MXN,APROBADA,QR,N
TRX0001309,2026-06-06 07:43:53,FARMACIA DEL SOL,Farmacia,Ciudad de Mexico,TPV04-CIU,Luis Zamora,luis.zamora9@correo.mx,1462,AMEX,773.84,MXN,APROBADA,CHIP,N
TRX0001310,2026-05-03 20:52:58,FARMACIA DEL SOL,FARM,Ciudad de Mexico,TPV02-CIU,Sofia Nunez,sofia.nunez134@correo.mx,8835,VISA,825.52,MXN,REVERSADA,MANUAL,N
TRX0001311,2026-03-18 14:58:24,FARMACIA DEL SOL,farmacia,Ciudad de Mexico,TPV02-CIU,Elena Vargas,elena.vargas89@correo.mx,5689,VISA,133.19,MXN,REVERSADA,CONTACTLESS,N
TRX0001312,2026-04-22 12:11:08,GASOLINERA KM 12,combustible,Puebla,TPV03-PUE,Carmen Cortes,carmen.cortes76@correo.mx,7986,AMEX,972.12,MXN,APROBADA,CHIP,N
TRX0001313,2026-06-22 16:22:48,Cafe Aurora,Restaurante,Guadalajara,TPV02-GUA,Elena Zamora,elena.zamora16@correo.mx,2698,VISA,115.21,MXN,APROBADA,CHIP,N
TRX0001314,2026-05-06 15:34:48,Farmacia del Sol,farmacia,Ciudad de Mexico,TPV03-CIU,Lucia Vargas,lucia.vargas64@correo.mx,5333,VISA,311.79,MXN,REVERSADA,MANUAL,N
TRX0001315,2026-03-23 14:06:04,Farmacia del Sol,Farmacia,Ciudad de Mexico,TPV01-CIU,Teresa Rivas,teresa.rivas6@correo.mx,1505,MASTERCARD,362.04,MXN,APROBADA,QR,N
TRX0001316,2026-03-04 19:15:58,CAFE AURORA,restaurante,Guadalajara,TPV02-GUA,Ana Delgado,ana.delgado171@correo.mx,8676,MASTERCARD,103.75,MXN,APROBADA,QR,N
TRX0001317,2026-04-19 10:10:03,Boutique  Iris,Ropa,Ciudad de Mexico,TPV02-CIU,Rocio Ramirez,rocio.ramirez12@correo.mx,2195,MASTERCARD,3489.41,MXN,APROBADA,CHIP,N
TRX0001318,2026-03-20 14:17:39,Cafe Aurora,restaurante,Guadalajara,TPV03-GUA,Ana Vargas,ana.vargas60@correo.mx,5862,AMEX,279.51,MXN,APROBADA,MANUAL,N
TRX0001319,2026-05-01 10:53:18,CAFE AURORA,restaurante,Guadalajara,TPV01-GUA,Miguel Gonzalez,miguel.gonzalez28@correo.mx,8632,VISA,249.79,MXN,APROBADA,CHIP,N
TRX0001320,2026-03-09 15:38:44,VIAJES ALTAMAR,viajes,Cancun,TPV01-CAN,Ana Trejo,ana.trejo51@correo.mx,9690,MASTERCARD,35227.7,MXN,APROBADA,MANUAL,N
TRX0001321,2026-02-03 09:24:31,Super Nortenio,SUPER,Monterrey,TPV03-MON,Jorge Mendoza,jorge.mendoza47@correo.mx,6756,AMEX,899.93,MXN,APROBADA,CHIP,N
TRX0001322,2026-02-13 12:24:07,Boutique  Iris,ropa,Ciudad de Mexico,TPV02-CIU,Lucia Ramirez,lucia.ramirez43@correo.mx,2509,VISA,800.72,MXN,APROBADA,BANDA,N
TRX0001323,2026-02-17 17:19:43,Super Nortenio,Supermercado,Monterrey,TPV02-MON,Raul Vargas,raul.vargas22@correo.mx,8824,AMEX,975.14,MXN,RECHAZADA,QR,N
TRX0001324,2026-05-28 12:33:52,Gasolinera Km 12,combustible,Puebla,TPV02-PUE,Patricia Vargas,patricia.vargas26@correo.mx,4933,VISA,831.75,MXN,APROBADA,BANDA,N
TRX0001325,2026-02-19 15:46:08,Super Norteno,Supermercado,Monterrey,TPV03-MON,Hector Herrera,hector.herrera79@correo.mx,6221,MASTERCARD,3065.18,MXN,APROBADA,CHIP,N
TRX0001326,2026-04-01 10:51:48,FARMACIA DEL SOL,farmacia,Ciudad de Mexico,TPV04-CIU,Raul Delgado,raul.delgado169@correo.mx,7678,VISA,753.44,MXN,APROBADA,QR,N
TRX0001327,2026-06-24 16:35:19,Gasolinera Km 12,Combustible,Puebla,TPV04-PUE,Ana Zamora,ana.zamora72@correo.mx,8476,VISA,1638.98,MXN,APROBADA,CONTACTLESS,N
TRX0001328,2026-06-11 15:03:34,GASOLINERA KM 12,combustible,Puebla,TPV01-PUE,Ana Mendoza,ana.mendoza27@correo.mx,6032,AMEX,685.94,MXN,APROBADA,CHIP,N
TRX0001329,2026-02-15 16:42:12,Super Nortenio,supermercado,Monterrey,TPV01-MON,Raul Delgado,raul.delgado105@correo.mx,8772,MASTERCARD,1001.75,MXN,APROBADA,CONTACTLESS,N
TRX0001330,2026-01-16 12:01:18,Electro Maya,electronica,Merida,TPV02-MER,Jorge Herrera,jorge.herrera112@correo.mx,5612,MASTERCARD,14837.39,MXN,APROBADA,BANDA,N
TRX0001331,2026-03-17 12:05:25,Cafe Aurora,restaurante,Guadalajara,TPV03-GUA,Raul Trejo,raul.trejo125@correo.mx,4936,VISA,65.82,MXN,APROBADA,BANDA,N
TRX0001332,2026-02-10 18:30:42,SUPER NORTENO,Supermercado,Monterrey,TPV03-MON,Patricia Herrera,patricia.herrera13@correo.mx,1324,VISA,1174.5,MXN,REVERSADA,CONTACTLESS,N
TRX0001333,2026-03-08 11:12:51,Gasolinera Km 12,Combustible,Puebla,TPV01-PUE,Fernando Zamora,fernando.zamora156@correo.mx,3541,MASTERCARD,1423.11,MXN,APROBADA,MANUAL,N
TRX0001334,2026-05-23 12:02:03,Boutique  Iris,Ropa,Ciudad de Mexico,TPV03-CIU,Raul Mendoza,raul.mendoza30@correo.mx,7314,MASTERCARD,567.53,MXN,RECHAZADA,MANUAL,N
TRX0001335,2026-05-25 06:03:43,Super Norteno,supermercado,Monterrey,TPV04-MON,Fernando Nunez,fernando.nunez145@correo.mx,5858,AMEX,1518.93,MXN,APROBADA,BANDA,N
TRX0001336,2026-06-11 19:35:06,Farmacia del Sol ,FARM,Ciudad de Mexico,TPV02-CIU,Fernando Herrera,fernando.herrera177@correo.mx,7418,VISA,459.64,MXN,APROBADA,MANUAL,N
TRX0001337,2026-02-12 08:42:18,Cafe Aurora,Restaurante,Guadalajara,TPV01-GUA,Ivan Trejo,ivan.trejo180@correo.mx,8045,MASTERCARD,168.2,MXN,APROBADA,QR,N
TRX0001338,2026-02-15 14:46:44,Farmacia del Sol ,FARM,Ciudad de Mexico,TPV02-CIU,Miguel Ramirez,miguel.ramirez132@correo.mx,5849,MASTERCARD,749.89,MXN,APROBADA,CHIP,N
TRX0001339,2026-01-26 06:45:30,Boutique  Iris,VESTIMENTA,Ciudad de Mexico,TPV02-CIU,Raul Delgado,raul.delgado169@correo.mx,7678,VISA,3076.66,MXN,APROBADA,QR,N
TRX0001340,2026-05-06 18:09:35,FARMACIA DEL SOL,farmacia,Ciudad de Mexico,TPV04-CIU,Ivan Trejo,ivan.trejo180@correo.mx,8045,MASTERCARD,123.31,MXN,RECHAZADA,MANUAL,N
TRX0001341,2026-06-05 06:26:27,Electro Maya,Electronica,Merida,TPV02-MER,Luis Gonzalez,luis.gonzalez18@correo.mx,5494,VISA,7637.66,MXN,APROBADA,QR,N
TRX0001342,2026-04-19 06:58:11,GASOLINERA KM 12,combustible,Puebla,TPV02-PUE,Lucia Delgado,lucia.delgado120@correo.mx,1162,AMEX,626.19,MXN,APROBADA,CHIP,N
TRX0001343,2026-05-10 06:08:20,Super Nortenio,supermercado,Monterrey,TPV01-MON,Rocio Ramirez,rocio.ramirez94@correo.mx,3489,VISA,1968.99,MXN,REVERSADA,CHIP,N
TRX0001344,2026-04-21 14:29:54,Super Norteno,supermercado,Monterrey,TPV02-MON,Ivan Nunez,ivan.nunez88@correo.mx,1309,MASTERCARD,2744.96,MXN,REVERSADA,MANUAL,N
TRX0001345,2026-05-19 08:49:38,CAFE AURORA,restaurante,Guadalajara,TPV03-GUA,Raul Mendoza,raul.mendoza90@correo.mx,1177,AMEX,367.9,MXN,APROBADA,CONTACTLESS,N
TRX0001346,2026-04-14 07:27:50,Farmacia del Sol ,FARM,Ciudad de Mexico,TPV03-CIU,Patricia Ramirez,patricia.ramirez130@correo.mx,8241,AMEX,643.39,MXN,APROBADA,BANDA,N
TRX0001347,2026-05-28 15:54:40,Farmacia del Sol,farmacia,Ciudad de Mexico,TPV03-CIU,Jorge Rivas,jorge.rivas78@correo.mx,8391,AMEX,802.53,MXN,APROBADA,QR,N
TRX0001348,2026-04-23 15:08:29,Boutique Iris,Ropa,Ciudad de Mexico,TPV03-CIU,Lucia Gonzalez,lucia.gonzalez54@correo.mx,2892,AMEX,3266.98,MXN,APROBADA,QR,N
TRX0001349,2026-06-08 13:56:17,GASOLINERA KM 12,Combustible,Puebla,TPV01-PUE,Elena Cortes,elena.cortes68@correo.mx,5599,AMEX,1638.0,MXN,APROBADA,CONTACTLESS,N
TRX0001350,2026-04-11 17:37:51,GASOLINERA KM 12,Combustible,Puebla,TPV04-PUE,Luis Delgado,luis.delgado150@correo.mx,7838,VISA,784.0,MXN,REVERSADA,MANUAL,N
TRX0001351,2026-04-12 18:24:27,Cafe Aurora,restaurante,Guadalajara,TPV04-GUA,Raul Cortes,raul.cortes116@correo.mx,1792,MASTERCARD,77.71,MXN,APROBADA,MANUAL,N
TRX0001352,2026-01-17 21:47:23,SUPER NORTENO,supermercado,Monterrey,TPV03-MON,Ana Vargas,ana.vargas44@correo.mx,1097,AMEX,452.06,MXN,APROBADA,BANDA,N
TRX0001353,2026-06-06 18:59:25,Super Nortenio,SUPER,Monterrey,TPV04-MON,Carmen Nunez,carmen.nunez31@correo.mx,2556,AMEX,255.89,MXN,APROBADA,MANUAL,N
TRX0001354,2026-06-17 06:03:31,GASOLINERA KM 12,Combustible,Puebla,TPV03-PUE,Raul Rivas,raul.rivas123@correo.mx,5837,MASTERCARD,1156.12,MXN,APROBADA,CHIP,N
TRX0001355,2026-05-22 15:15:34,SUPER NORTENO,supermercado,Monterrey,TPV02-MON,Raul Gonzalez,raul.gonzalez74@correo.mx,9447,VISA,2371.27,MXN,APROBADA,MANUAL,N
TRX0001356,2026-02-08 19:14:47,FARMACIA DEL SOL,FARM,Ciudad de Mexico,TPV03-CIU,Luis Delgado,luis.delgado150@correo.mx,7838,VISA,422.1,MXN,APROBADA,MANUAL,N
TRX0001357,2026-04-12 09:26:42,ELECTRO MAYA,Electronica,Merida,TPV01-MER,Patricia Salazar,patricia.salazar69@correo.mx,4268,MASTERCARD,21291.39,MXN,REVERSADA,CHIP,N
TRX0001358,2026-05-13 17:56:39,Super Norteno,Supermercado,Monterrey,TPV03-MON,Ivan Delgado,ivan.delgado162@correo.mx,2492,AMEX,1071.73,MXN,APROBADA,CONTACTLESS,N
TRX0001359,2026-02-20 18:52:23,GASOLINERA KM 12,Combustible,Puebla,TPV03-PUE,Luis Ramirez,luis.ramirez39@correo.mx,8712,VISA,1546.13,MXN,APROBADA,BANDA,N
TRX0001360,2026-05-13 08:01:32,CAFE AURORA,Restaurante,Guadalajara,TPV03-GUA,Fernando Ramirez,fernando.ramirez126@correo.mx,7487,AMEX,230.0,MXN,APROBADA,MANUAL,N
TRX0001361,2026-02-26 06:17:55,Super Norteno,Supermercado,Monterrey,TPV04-MON,Teresa Gonzalez,teresa.gonzalez24@correo.mx,8230,VISA,429.69,MXN,APROBADA,CHIP,N
TRX0001362,2026-05-30 07:41:01,Electro Maya,Electronica,Merida,TPV01-MER,Ana Delgado,ana.delgado171@correo.mx,8676,MASTERCARD,1856.33,MXN,APROBADA,BANDA,N
TRX0001363,2026-02-07 20:54:25,SUPER NORTENO,SUPER,Monterrey,TPV01-MON,Hector Delgado,hector.delgado137@correo.mx,3321,AMEX,2352.42,MXN,REVERSADA,CHIP,N
TRX0001364,2026-06-11 16:07:38,BOUTIQUE IRIS,VESTIMENTA,Ciudad de Mexico,TPV04-CIU,Miguel Nunez,miguel.nunez82@correo.mx,8132,AMEX,2413.13,MXN,RECHAZADA,BANDA,N
TRX0001365,2026-01-05 08:46:42,ELECTRO MAYA,electronica,Merida,TPV03-MER,Rocio Vargas,rocio.vargas62@correo.mx,4939,MASTERCARD,13778.68,MXN,APROBADA,QR,N
TRX0001366,2026-02-04 18:47:41,Gasolinera Km 12,Combustible,Puebla,TPV03-PUE,Fernando Nunez,fernando.nunez145@correo.mx,5858,AMEX,483.97,MXN,APROBADA,MANUAL,N
TRX0001367,2026-06-06 06:02:10,Super Norteno,Supermercado,Monterrey,TPV03-MON,Miguel Gonzalez,miguel.gonzalez154@correo.mx,8784,AMEX,489.9,MXN,REVERSADA,MANUAL,N
TRX0001368,2026-04-14 07:50:26,Super Norteno,SUPER,Monterrey,TPV04-MON,Lucia Vargas,lucia.vargas7@correo.mx,3320,MASTERCARD,608.26,MXN,APROBADA,CONTACTLESS,N
TRX0001369,2026-01-18 10:26:59,CAFE AURORA,restaurante,Guadalajara,TPV04-GUA,Carmen Ramirez,carmen.ramirez111@correo.mx,1829,VISA,127.55,MXN,APROBADA,BANDA,N
TRX0001370,2026-01-19 12:55:28,Super Nortenio,Supermercado,Monterrey,TPV02-MON,Patricia Mendoza,patricia.mendoza140@correo.mx,5378,VISA,647.04,MXN,APROBADA,CONTACTLESS,N
TRX0001371,2026-02-02 20:05:19,Boutique Iris,ropa,Ciudad de Mexico,TPV04-CIU,Ivan Delgado,ivan.delgado59@correo.mx,3851,AMEX,4012.14,MXN,APROBADA,BANDA,N
TRX0001372,2026-02-19 12:28:30,Farmacia del Sol,FARM,Ciudad de Mexico,TPV04-CIU,Lucia Herrera,lucia.herrera155@correo.mx,9599,MASTERCARD,309.48,MXN,APROBADA,QR,N
TRX0001373,2026-04-02 20:37:24,Electro Maya,electronica,Merida,TPV02-MER,Lucia Trejo,lucia.trejo32@correo.mx,8092,VISA,4502.29,MXN,APROBADA,BANDA,N
TRX0001374,2026-01-08 16:48:11,CAFE AURORA,Restaurante,Guadalajara,TPV03-GUA,Lucia Vargas,lucia.vargas7@correo.mx,3320,MASTERCARD,155.25,MXN,APROBADA,BANDA,N
TRX0001375,2026-01-19 16:25:22,FARMACIA DEL SOL,FARM,Ciudad de Mexico,TPV04-CIU,Rocio Rivas,rocio.rivas87@correo.mx,7957,VISA,854.61,MXN,APROBADA,QR,N
TRX0001376,2026-01-27 08:05:28,Farmacia del Sol,Farmacia,Ciudad de Mexico,TPV02-CIU,Elena Ramirez,elena.ramirez144@correo.mx,3433,VISA,223.29,MXN,APROBADA,BANDA,N
TRX0001377,2026-04-02 07:38:17,SUPER NORTENO,supermercado,Monterrey,TPV02-MON,Teresa Herrera,teresa.herrera35@correo.mx,4201,VISA,2305.22,MXN,REVERSADA,QR,N
TRX0001378,2026-06-29 14:37:54,Farmacia del Sol ,farmacia,Ciudad de Mexico,TPV04-CIU,Patricia Delgado,patricia.delgado167@correo.mx,8972,VISA,609.32,MXN,APROBADA,CONTACTLESS,N
TRX0001379,2026-05-27 21:36:40,Super Norteno,Supermercado,Monterrey,TPV01-MON,Patricia Gonzalez,patricia.gonzalez127@correo.mx,8628,VISA,2797.96,MXN,APROBADA,BANDA,N
TRX0001380,2026-03-03 13:51:02,Gasolinera Km 12,Combustible,Puebla,TPV01-PUE,Luis Salazar,luis.salazar77@correo.mx,1058,AMEX,1268.23,MXN,APROBADA,CHIP,N
TRX0001381,2026-04-15 16:24:58,Gasolinera Km 12,Combustible,Puebla,TPV04-PUE,Elena Vargas,elena.vargas148@correo.mx,9840,AMEX,1176.37,MXN,REVERSADA,CHIP,N
TRX0001382,2026-01-24 16:53:04,Super Norteno,SUPER,Monterrey,TPV02-MON,Raul Vargas,raul.vargas22@correo.mx,8824,AMEX,1605.8,MXN,APROBADA,BANDA,N
TRX0001383,2026-05-22 11:14:08,Cafe Aurora,Restaurante,Guadalajara,TPV01-GUA,Sofia Trejo,sofia.trejo80@correo.mx,8498,MASTERCARD,222.63,MXN,APROBADA,MANUAL,N
TRX0001384,2026-05-21 18:46:07,GASOLINERA KM 12,Combustible,Puebla,TPV04-PUE,Teresa Mendoza,teresa.mendoza159@correo.mx,6739,VISA,1467.21,MXN,APROBADA,BANDA,N
TRX0001385,2026-05-15 09:22:00,SUPER NORTENO,supermercado,Monterrey,TPV02-MON,Elena Vargas,elena.vargas148@correo.mx,9840,AMEX,3118.27,MXN,APROBADA,QR,N
TRX0001386,2026-05-21 10:03:57,GASOLINERA KM 12,combustible,Puebla,TPV01-PUE,Teresa Herrera,teresa.herrera35@correo.mx,4201,VISA,475.49,MXN,RECHAZADA,CONTACTLESS,N
TRX0001387,2026-02-05 15:18:48,Boutique  Iris,ropa,Ciudad de Mexico,TPV02-CIU,Sofia Rivas,sofia.rivas81@correo.mx,4001,VISA,1404.71,MXN,APROBADA,MANUAL,N
TRX0001388,2026-01-06 06:40:54,Boutique Iris,ropa,Ciudad de Mexico,TPV02-CIU,Raul Vargas,raul.vargas37@correo.mx,5573,AMEX,4235.32,MXN,APROBADA,BANDA,N
TRX0001389,2026-05-19 21:38:07,GASOLINERA KM 12,combustible,Puebla,TPV01-PUE,Teresa Herrera,teresa.herrera35@correo.mx,4201,VISA,604.98,MXN,APROBADA,QR,N
TRX0001390,2026-05-22 06:45:43,GASOLINERA KM 12,combustible,Puebla,TPV04-PUE,Ivan Delgado,ivan.delgado162@correo.mx,2492,AMEX,1627.21,MXN,APROBADA,CONTACTLESS,N
TRX0001391,2026-01-19 07:46:13,Farmacia del Sol,Farmacia,Ciudad de Mexico,TPV03-CIU,Patricia Gonzalez,patricia.gonzalez33@correo.mx,5295,AMEX,265.35,MXN,REVERSADA,BANDA,N
TRX0001392,2026-04-21 08:26:03,Boutique Iris,VESTIMENTA,Ciudad de Mexico,TPV02-CIU,Ana Delgado,ana.delgado171@correo.mx,1786,AMEX,3684.91,MXN,APROBADA,CONTACTLESS,N
TRX0001393,2026-05-20 17:05:33,Farmacia del Sol,Farmacia,Ciudad de Mexico,TPV01-CIU,Jorge Rivas,jorge.rivas128@correo.mx,7387,MASTERCARD,640.01,MXN,RECHAZADA,BANDA,N
TRX0001394,2026-06-24 13:10:38,Boutique Iris,VESTIMENTA,Ciudad de Mexico,TPV03-CIU,Sofia Vargas,sofia.vargas19@correo.mx,1099,MASTERCARD,4983.55,MXN,APROBADA,QR,N
TRX0001395,2026-05-19 07:02:50,Cafe Aurora,Restaurante,Guadalajara,TPV04-GUA,Carmen Herrera,carmen.herrera176@correo.mx,1605,VISA,186.54,MXN,REVERSADA,CONTACTLESS,N
TRX0001396,2026-01-04 14:40:44,Super Nortenio,SUPER,Monterrey,TPV01-MON,Jorge Gonzalez,jorge.gonzalez138@correo.mx,4950,AMEX,901.93,MXN,APROBADA,BANDA,N
TRX0001397,2026-06-12 17:59:01,Super Nortenio,supermercado,Monterrey,TPV03-MON,Ivan Ramirez,ivan.ramirez45@correo.mx,8146,AMEX,854.24,MXN,APROBADA,MANUAL,N
TRX0001398,2026-06-12 11:09:11,SUPER NORTENO,Supermercado,Monterrey,TPV01-MON,Lucia Gonzalez,lucia.gonzalez54@correo.mx,2892,AMEX,2236.78,MXN,APROBADA,MANUAL,N
TRX0001399,2026-06-21 20:14:52,CAFE AURORA,restaurante,Guadalajara,TPV01-GUA,Patricia Gonzalez,patricia.gonzalez33@correo.mx,5295,AMEX,69.03,MXN,APROBADA,CONTACTLESS,N
TRX0001400,2026-01-24 09:13:12,Super Nortenio,SUPER,Monterrey,TPV03-MON,Rocio Zamora,rocio.zamora85@correo.mx,2544,AMEX,638.69,MXN,APROBADA,BANDA,N
TRX0001401,2026-03-27 09:55:48,Super Norteno,supermercado,Monterrey,TPV02-MON,Elena Zamora,elena.zamora151@correo.mx,7344,AMEX,708.6,MXN,APROBADA,BANDA,N
TRX0001402,2026-03-09 15:16:47,Cafe Aurora,restaurante,Guadalajara,TPV04-GUA,Carmen Mendoza,carmen.mendoza95@correo.mx,6566,AMEX,430.12,MXN,APROBADA,BANDA,N
TRX0001403,2026-06-23 11:22:29,ELECTRO MAYA,Electronica,Merida,TPV03-MER,Ana Zamora,ana.zamora72@correo.mx,8476,VISA,7382.83,MXN,APROBADA,MANUAL,N
TRX0001404,2026-04-04 14:39:49,SUPER NORTENO,SUPER,Monterrey,TPV04-MON,Rocio Herrera,rocio.herrera165@correo.mx,6020,VISA,2110.73,MXN,APROBADA,CONTACTLESS,N
TRX0001405,2026-04-06 06:12:46,GASOLINERA KM 12,Combustible,Puebla,TPV04-PUE,Miguel Herrera,miguel.herrera166@correo.mx,4697,AMEX,1225.47,MXN,APROBADA,CONTACTLESS,N
TRX0001406,2026-06-11 21:48:05,Cafe Aurora,restaurante,Guadalajara,TPV01-GUA,Patricia Gonzalez,patricia.gonzalez127@correo.mx,8628,VISA,225.16,MXN,REVERSADA,CONTACTLESS,N
TRX0001407,2026-02-24 18:37:24,SUPER NORTENO,Supermercado,Monterrey,TPV02-MON,Patricia Herrera,patricia.herrera13@correo.mx,1324,VISA,1588.21,MXN,APROBADA,MANUAL,N
TRX0001408,2026-02-19 17:12:03,CAFE AURORA,Restaurante,Guadalajara,TPV04-GUA,Patricia Ramirez,patricia.ramirez130@correo.mx,8241,AMEX,341.07,MXN,APROBADA,MANUAL,N
TRX0001409,2026-03-22 15:33:09,Farmacia del Sol,Farmacia,Ciudad de Mexico,TPV03-CIU,Raul Gonzalez,raul.gonzalez74@correo.mx,9447,VISA,522.83,MXN,APROBADA,BANDA,N
TRX0001410,2026-02-01 12:10:58,CAFE AURORA,restaurante,Guadalajara,TPV03-GUA,Raul Vargas,raul.vargas37@correo.mx,5573,AMEX,260.73,MXN,APROBADA,CHIP,N
TRX0001411,2026-01-08 08:25:01,Super Norteno,SUPER,Monterrey,TPV04-MON,Raul Mendoza,raul.mendoza90@correo.mx,1177,AMEX,2587.49,MXN,APROBADA,QR,N
TRX0001412,2026-06-26 19:20:42,SUPER NORTENO,supermercado,Monterrey,TPV03-MON,Ivan Gonzalez,ivan.gonzalez41@correo.mx,2888,AMEX,1969.38,MXN,APROBADA,MANUAL,N
TRX0001413,2026-03-20 11:08:14,GASOLINERA KM 12,Combustible,Puebla,TPV03-PUE,Jorge Nunez,jorge.nunez121@correo.mx,1683,AMEX,1746.97,MXN,REVERSADA,CHIP,N
TRX0001414,2026-03-16 09:43:47,Cafe Aurora,Restaurante,Guadalajara,TPV04-GUA,Ivan Gonzalez,ivan.gonzalez41@correo.mx,2888,AMEX,216.81,MXN,APROBADA,BANDA,N
TRX0001415,2026-05-24 16:58:27,Farmacia del Sol,FARM,Ciudad de Mexico,TPV04-CIU,Elena Trejo,elena.trejo113@correo.mx,4568,MASTERCARD,894.54,MXN,APROBADA,CONTACTLESS,N
TRX0001416,2026-03-16 17:38:17,SUPER NORTENO,SUPER,Monterrey,TPV02-MON,Jorge Vargas,jorge.vargas86@correo.mx,5040,MASTERCARD,2741.4,MXN,APROBADA,MANUAL,N
TRX0001417,2026-02-11 20:29:28,CAFE AURORA,Restaurante,Guadalajara,TPV02-GUA,Elena Ramirez,elena.ramirez8@correo.mx,3648,MASTERCARD,349.21,MXN,APROBADA,MANUAL,N
TRX0001418,2026-05-14 08:19:11,FARMACIA DEL SOL,Farmacia,Ciudad de Mexico,TPV04-CIU,Lucia Vargas,lucia.vargas7@correo.mx,4691,AMEX,124.24,MXN,APROBADA,CHIP,N
TRX0001419,2026-03-17 14:28:32,Super Norteno,Supermercado,Monterrey,TPV02-MON,Hector Delgado,hector.delgado137@correo.mx,3321,AMEX,1058.8,MXN,APROBADA,BANDA,N
TRX0001420,2026-01-15 14:57:18,Cafe Aurora,restaurante,Guadalajara,TPV03-GUA,Patricia Vargas,patricia.vargas26@correo.mx,4933,VISA,327.43,MXN,APROBADA,MANUAL,N
TRX0001421,2026-03-12 12:29:27,Super Norteno,SUPER,Monterrey,TPV01-MON,Lucia Vargas,lucia.vargas7@correo.mx,3320,MASTERCARD,2333.31,MXN,REVERSADA,CHIP,N
TRX0001422,2026-05-10 16:12:31,CAFE AURORA,restaurante,Guadalajara,TPV02-GUA,Elena Ramirez,elena.ramirez4@correo.mx,8580,VISA,188.7,MXN,APROBADA,CONTACTLESS,N
TRX0001423,2026-01-30 06:02:58,FARMACIA DEL SOL,Farmacia,Ciudad de Mexico,TPV01-CIU,Lucia Gonzalez,lucia.gonzalez96@correo.mx,7074,VISA,675.27,MXN,APROBADA,QR,N
TRX0001424,2026-04-24 19:57:43,Boutique Iris,ropa,Ciudad de Mexico,TPV04-CIU,Fernando Ramirez,fernando.ramirez126@correo.mx,7487,AMEX,3219.96,MXN,APROBADA,QR,N
TRX0001425,2026-01-02 07:13:40,ELECTRO MAYA,electronica,Merida,TPV04-MER,Ana Ramirez,ana.ramirez100@correo.mx,7540,MASTERCARD,13478.06,MXN,APROBADA,MANUAL,N
TRX0001426,2026-01-05 13:45:24,GASOLINERA KM 12,Combustible,Puebla,TPV01-PUE,Patricia Delgado,patricia.delgado67@correo.mx,9262,AMEX,568.72,MXN,APROBADA,QR,N
TRX0001427,2026-02-06 08:30:53,GASOLINERA KM 12,Combustible,Puebla,TPV02-PUE,Carmen Cortes,carmen.cortes76@correo.mx,7986,AMEX,1695.04,MXN,APROBADA,CONTACTLESS,N
TRX0001428,2026-01-17 21:28:57,FARMACIA DEL SOL,FARM,Ciudad de Mexico,TPV03-CIU,Ana Vargas,ana.vargas44@correo.mx,1097,AMEX,162.81,MXN,APROBADA,CHIP,N
TRX0001429,2026-04-18 10:50:32,VIAJES ALTAMAR,Viajes,Cancun,TPV02-CAN,Miguel Ramirez,miguel.ramirez132@correo.mx,5849,MASTERCARD,5551.11,MXN,APROBADA,BANDA,N
TRX0001430,2026-02-18 17:30:42,CAFE AURORA,restaurante,Guadalajara,TPV03-GUA,Rocio Nunez,rocio.nunez173@correo.mx,4285,MASTERCARD,183.05,MXN,RECHAZADA,CHIP,N
TRX0001431,2026-04-13 10:26:41,Cafe Aurora,Restaurante,Guadalajara,TPV01-GUA,Raul Delgado,raul.delgado122@correo.mx,1413,VISA,323.47,MXN,RECHAZADA,CONTACTLESS,N
TRX0001432,2026-04-11 15:11:15,GASOLINERA KM 12,Combustible,Puebla,TPV03-PUE,Elena Ramirez,elena.ramirez61@correo.mx,8246,AMEX,1035.01,MXN,APROBADA,CHIP,N
TRX0001433,2026-03-06 15:46:04,Cafe Aurora,Restaurante,Guadalajara,TPV03-GUA,Ivan Gonzalez,ivan.gonzalez163@correo.mx,9280,MASTERCARD,102.73,MXN,APROBADA,QR,N
TRX0001434,2026-01-31 06:29:03,Farmacia del Sol,Farmacia,Ciudad de Mexico,TPV03-CIU,Raul Zamora,raul.zamora124@correo.mx,6787,AMEX,646.99,MXN,APROBADA,BANDA,N
TRX0001435,2026-06-05 18:08:01,SUPER NORTENO,supermercado,Monterrey,TPV01-MON,Fernando Salazar,fernando.salazar63@correo.mx,5089,MASTERCARD,1328.33,MXN,APROBADA,BANDA,N
TRX0001436,2026-02-06 14:26:40,FARMACIA DEL SOL,farmacia,Ciudad de Mexico,TPV04-CIU,Rocio Nunez,rocio.nunez173@correo.mx,4285,MASTERCARD,185.96,MXN,APROBADA,MANUAL,N
TRX0001437,2026-03-25 19:33:25,Super Norteno,Supermercado,Monterrey,TPV02-MON,Lucia Gonzalez,lucia.gonzalez36@correo.mx,8401,AMEX,1932.86,MXN,APROBADA,CONTACTLESS,N
TRX0001438,2026-03-05 08:59:01,Super Norteno,Supermercado,Monterrey,TPV03-MON,Ana Herrera,ana.herrera83@correo.mx,1387,MASTERCARD,2075.64,MXN,APROBADA,CONTACTLESS,N
TRX0001439,2026-01-21 14:18:13,Boutique Iris,ropa,Ciudad de Mexico,TPV01-CIU,Raul Vargas,raul.vargas106@correo.mx,1214,AMEX,3597.62,MXN,REVERSADA,CHIP,N
TRX0001440,2026-03-21 07:35:02,SUPER NORTENO,supermercado,Monterrey,TPV04-MON,Jorge Delgado,jorge.delgado66@correo.mx,7754,VISA,899.55,MXN,APROBADA,QR,N
TRX0001441,2026-03-07 15:29:30,Boutique  Iris,ropa,Ciudad de Mexico,TPV04-CIU,Raul Mendoza,raul.mendoza90@correo.mx,1177,AMEX,1670.08,MXN,APROBADA,CONTACTLESS,N
TRX0001442,2026-06-18 20:15:24,Farmacia del Sol ,farmacia,Ciudad de Mexico,TPV02-CIU,Sofia Vargas,sofia.vargas19@correo.mx,1099,MASTERCARD,731.16,MXN,APROBADA,QR,N
TRX0001443,2026-04-27 18:35:06,GASOLINERA KM 12,combustible,Puebla,TPV02-PUE,Sofia Trejo,sofia.trejo80@correo.mx,8498,MASTERCARD,1449.49,MXN,APROBADA,CONTACTLESS,N
TRX0001444,2026-04-24 09:11:38,Farmacia del Sol ,FARM,Ciudad de Mexico,TPV04-CIU,Patricia Delgado,patricia.delgado167@correo.mx,8972,VISA,843.96,MXN,APROBADA,CHIP,N
TRX0001445,2026-02-24 16:26:02,Boutique  Iris,Ropa,Ciudad de Mexico,TPV03-CIU,Patricia Ramirez,patricia.ramirez130@correo.mx,8241,AMEX,602.37,MXN,APROBADA,BANDA,N
TRX0001446,2026-02-15 14:03:42,CAFE AURORA,restaurante,Guadalajara,TPV03-GUA,Patricia Rivas,patricia.rivas157@correo.mx,8006,VISA,94.15,MXN,REVERSADA,QR,N
TRX0001447,2026-03-22 11:39:30,Farmacia del Sol,farmacia,Ciudad de Mexico,TPV02-CIU,Raul Vargas,raul.vargas106@correo.mx,1214,AMEX,315.01,MXN,APROBADA,MANUAL,N
TRX0001448,2026-01-02 15:49:52,Cafe Aurora,restaurante,Guadalajara,TPV04-GUA,Lucia Gonzalez,lucia.gonzalez96@correo.mx,7074,VISA,156.87,MXN,APROBADA,MANUAL,N
TRX0001449,2026-03-16 16:19:02,FARMACIA DEL SOL,farmacia,Ciudad de Mexico,TPV03-CIU,Fernando Vargas,fernando.vargas65@correo.mx,7747,MASTERCARD,381.11,MXN,REVERSADA,CHIP,N
TRX0001450,2026-05-09 14:42:28,CAFE AURORA,restaurante,Guadalajara,TPV02-GUA,Lucia Ramirez,lucia.ramirez152@correo.mx,6278,MASTERCARD,277.04,MXN,APROBADA,MANUAL,N
TRX0001451,2026-06-12 20:56:39,Super Nortenio,supermercado,Monterrey,TPV01-MON,Raul Herrera,raul.herrera110@correo.mx,7010,VISA,1917.6,MXN,REVERSADA,CONTACTLESS,N
TRX0001452,2026-03-06 16:35:48,Cafe Aurora,Restaurante,Guadalajara,TPV02-GUA,Ana Salazar,ana.salazar102@correo.mx,3316,AMEX,227.94,MXN,APROBADA,MANUAL,N
TRX0001453,2026-04-15 06:50:07,Farmacia del Sol,farmacia,Ciudad de Mexico,TPV01-CIU,Luis Ramirez,luis.ramirez58@correo.mx,8936,MASTERCARD,576.03,MXN,APROBADA,MANUAL,N
TRX0001454,2026-06-10 11:16:58,BOUTIQUE IRIS,ropa,Ciudad de Mexico,TPV03-CIU,Miguel Ramirez,miguel.ramirez132@correo.mx,5849,MASTERCARD,2622.16,MXN,APROBADA,MANUAL,N
TRX0001455,2026-01-09 11:12:44,ELECTRO MAYA,Electronica,Merida,TPV02-MER,Raul Gonzalez,raul.gonzalez179@correo.mx,8333,MASTERCARD,16795.34,MXN,APROBADA,CHIP,N
TRX0001456,2026-02-04 16:17:45,SUPER NORTENO,SUPER,Monterrey,TPV03-MON,Ana Mendoza,ana.mendoza27@correo.mx,5764,VISA,3209.04,MXN,APROBADA,MANUAL,N
TRX0001457,2026-04-04 16:38:26,Boutique  Iris,VESTIMENTA,Ciudad de Mexico,TPV01-CIU,Raul Mendoza,raul.mendoza30@correo.mx,7314,MASTERCARD,3278.37,MXN,APROBADA,CONTACTLESS,N
TRX0001458,2026-05-03 10:17:09,Cafe Aurora,Restaurante,Guadalajara,TPV03-GUA,Fernando Rivas,fernando.rivas133@correo.mx,6714,MASTERCARD,202.36,MXN,APROBADA,CHIP,N
TRX0001459,2026-03-20 16:59:08,SUPER NORTENO,Supermercado,Monterrey,TPV03-MON,Patricia Delgado,patricia.delgado67@correo.mx,9262,AMEX,1376.22,MXN,APROBADA,MANUAL,N
TRX0001460,2026-01-06 20:55:55,Gasolinera Km 12,combustible,Puebla,TPV03-PUE,Elena Ramirez,elena.ramirez4@correo.mx,8580,VISA,1434.87,MXN,APROBADA,BANDA,N
TRX0001461,2026-04-18 09:03:01,Cafe Aurora,restaurante,Guadalajara,TPV02-GUA,Hector Delgado,hector.delgado137@correo.mx,3321,AMEX,423.36,MXN,APROBADA,CONTACTLESS,N
TRX0001462,2026-05-29 12:20:56,SUPER NORTENO,supermercado,Monterrey,TPV04-MON,Lucia Ramirez,lucia.ramirez48@correo.mx,2913,VISA,2267.5,MXN,REVERSADA,BANDA,N
TRX0001463,2026-03-10 20:47:48,FARMACIA DEL SOL,Farmacia,Ciudad de Mexico,TPV03-CIU,Elena Ramirez,elena.ramirez144@correo.mx,8187,MASTERCARD,497.0,MXN,APROBADA,CHIP,N
TRX0001464,2026-03-10 20:25:01,FARMACIA DEL SOL,FARM,Ciudad de Mexico,TPV02-CIU,Lucia Ramirez,lucia.ramirez152@correo.mx,6278,MASTERCARD,582.74,MXN,APROBADA,QR,N
TRX0001465,2026-05-13 08:03:42,Farmacia del Sol,FARM,Ciudad de Mexico,TPV01-CIU,Fernando Gonzalez,fernando.gonzalez14@correo.mx,4950,MASTERCARD,266.48,MXN,RECHAZADA,MANUAL,N
TRX0001466,2026-01-14 12:18:32,SUPER NORTENO,SUPER,Monterrey,TPV01-MON,Jorge Herrera,jorge.herrera46@correo.mx,2925,AMEX,335.5,MXN,APROBADA,QR,N
TRX0001467,2026-04-11 08:24:21,Gasolinera Km 12,Combustible,Puebla,TPV01-PUE,Fernando Nunez,fernando.nunez145@correo.mx,8489,AMEX,436.78,MXN,APROBADA,CONTACTLESS,N
TRX0001468,2026-02-27 18:51:52,Gasolinera Km 12,Combustible,Puebla,TPV03-PUE,Jorge Rivas,jorge.rivas78@correo.mx,8391,AMEX,1273.62,MXN,RECHAZADA,BANDA,N
TRX0001469,2026-05-05 18:03:13,Gasolinera Km 12,combustible,Puebla,TPV04-PUE,Patricia Mendoza,patricia.mendoza107@correo.mx,8089,MASTERCARD,1174.0,MXN,APROBADA,QR,N
TRX0001470,2026-06-14 13:03:02,Farmacia del Sol ,farmacia,Ciudad de Mexico,TPV01-CIU,Raul Vargas,raul.vargas22@correo.mx,8824,AMEX,221.5,MXN,APROBADA,CHIP,N
TRX0001471,2026-05-15 19:34:00,FARMACIA DEL SOL,Farmacia,Ciudad de Mexico,TPV03-CIU,Miguel Ramirez,miguel.ramirez132@correo.mx,5849,MASTERCARD,637.28,MXN,APROBADA,QR,N
TRX0001472,2026-06-01 14:09:25,Super Norteno,SUPER,Monterrey,TPV02-MON,Ivan Gonzalez,ivan.gonzalez163@correo.mx,9280,MASTERCARD,3091.49,MXN,APROBADA,BANDA,N
TRX0001473,2026-01-18 17:22:58,Boutique  Iris,ropa,Ciudad de Mexico,TPV04-CIU,Sofia Trejo,sofia.trejo80@correo.mx,8498,MASTERCARD,1829.26,MXN,APROBADA,BANDA,N
TRX0001474,2026-05-25 15:59:00,Cafe Aurora,restaurante,Guadalajara,TPV02-GUA,Sofia Vargas,sofia.vargas19@correo.mx,1099,MASTERCARD,356.67,MXN,APROBADA,CONTACTLESS,N
TRX0001475,2026-06-19 11:39:27,Cafe Aurora,Restaurante,Guadalajara,TPV04-GUA,Sofia Ramirez,sofia.ramirez84@correo.mx,8467,MASTERCARD,460.77,MXN,APROBADA,QR,N
TRX0001476,2026-05-28 07:00:13,Farmacia del Sol ,Farmacia,Ciudad de Mexico,TPV02-CIU,Carmen Rivas,carmen.rivas139@correo.mx,4822,AMEX,376.18,MXN,APROBADA,CONTACTLESS,N
TRX0001477,2026-06-05 15:52:41,BOUTIQUE IRIS,VESTIMENTA,Ciudad de Mexico,TPV01-CIU,Jorge Rivas,jorge.rivas128@correo.mx,7387,MASTERCARD,3634.85,MXN,APROBADA,CHIP,N
TRX0001478,2026-05-10 15:22:31,Super Nortenio,supermercado,Monterrey,TPV04-MON,Teresa Herrera,teresa.herrera35@correo.mx,4201,VISA,3495.78,MXN,APROBADA,QR,N
TRX0001479,2026-03-30 13:13:54,CAFE AURORA,restaurante,Guadalajara,TPV04-GUA,Fernando Zamora,fernando.zamora156@correo.mx,3541,MASTERCARD,140.38,MXN,APROBADA,CHIP,N
TRX0001480,2026-01-01 15:38:38,BOUTIQUE IRIS,VESTIMENTA,Ciudad de Mexico,TPV01-CIU,Lucia Gonzalez,lucia.gonzalez54@correo.mx,2892,AMEX,2050.44,MXN,APROBADA,CHIP,S
TRX0001481,2026-05-24 09:29:25,Cafe Aurora,Restaurante,Guadalajara,TPV02-GUA,Ana Zamora,ana.zamora72@correo.mx,8476,VISA,61.99,MXN,APROBADA,CHIP,N
TRX0001482,2026-04-11 17:42:37,SUPER NORTENO,Supermercado,Monterrey,TPV04-MON,Jorge Gonzalez,jorge.gonzalez2@correo.mx,4837,AMEX,1860.23,MXN,APROBADA,QR,N
TRX0001483,2026-03-03 20:39:40,Boutique  Iris,Ropa,Ciudad de Mexico,TPV04-CIU,Patricia Gonzalez,patricia.gonzalez33@correo.mx,8690,AMEX,1302.46,MXN,APROBADA,CONTACTLESS,N
TRX0001484,2026-06-17 14:00:36,Boutique  Iris,ropa,Ciudad de Mexico,TPV03-CIU,Fernando Herrera,fernando.herrera177@correo.mx,7418,VISA,3675.81,MXN,APROBADA,CONTACTLESS,N
TRX0001485,2026-05-18 07:10:28,Electro Maya,electronica,Merida,TPV04-MER,Raul Nunez,raul.nunez70@correo.mx,2085,VISA,21485.1,MXN,APROBADA,MANUAL,N
TRX0001486,2026-05-27 17:35:01,CAFE AURORA,Restaurante,Guadalajara,TPV01-GUA,Teresa Salazar,teresa.salazar118@correo.mx,4699,VISA,362.63,MXN,REVERSADA,MANUAL,N
TRX0001487,2026-02-03 10:51:49,Farmacia del Sol ,FARM,Ciudad de Mexico,TPV02-CIU,Raul Vargas,raul.vargas135@correo.mx,8290,AMEX,855.83,MXN,APROBADA,BANDA,N
TRX0001488,2026-03-08 11:40:20,Super Norteno,supermercado,Monterrey,TPV02-MON,Lucia Ramirez,lucia.ramirez152@correo.mx,6278,MASTERCARD,1170.68,MXN,APROBADA,QR,N
TRX0001489,2026-05-03 20:35:35,VIAJES ALTAMAR,Viajes,Cancun,TPV04-CAN,Jorge Herrera,jorge.herrera46@correo.mx,2925,AMEX,8025.36,MXN,RECHAZADA,QR,N
TRX0001490,2026-04-13 16:06:17,FARMACIA DEL SOL,farmacia,Ciudad de Mexico,TPV03-CIU,Miguel Nunez,miguel.nunez82@correo.mx,8132,AMEX,364.98,MXN,REVERSADA,MANUAL,N
TRX0001491,2026-05-12 09:46:48,Cafe Aurora,restaurante,Guadalajara,TPV04-GUA,Ana Salazar,ana.salazar102@correo.mx,3316,AMEX,294.39,MXN,APROBADA,CHIP,N
TRX0001492,2026-04-25 08:44:42,Farmacia del Sol ,Farmacia,Ciudad de Mexico,TPV01-CIU,Patricia Mendoza,patricia.mendoza140@correo.mx,5378,VISA,326.07,MXN,APROBADA,MANUAL,N
TRX0001493,2026-06-09 21:23:27,Super Nortenio,SUPER,Monterrey,TPV04-MON,Sofia Salazar,sofia.salazar146@correo.mx,4742,VISA,1998.57,MXN,APROBADA,MANUAL,N
TRX0001494,2026-01-01 10:45:30,Super Nortenio,supermercado,Monterrey,TPV02-MON,Ana Cortes,ana.cortes53@correo.mx,3646,VISA,650.5,MXN,RECHAZADA,QR,N
TRX0001495,2026-02-24 09:09:20,Farmacia del Sol,farmacia,Ciudad de Mexico,TPV01-CIU,Rocio Salazar,rocio.salazar98@correo.mx,9662,VISA,694.07,MXN,RECHAZADA,CONTACTLESS,N
TRX0001496,2026-03-30 19:33:27,Super Norteno,supermercado,Monterrey,TPV01-MON,Jorge Mendoza,jorge.mendoza47@correo.mx,6756,AMEX,2711.18,MXN,REVERSADA,MANUAL,N
TRX0001497,2026-03-25 10:56:29,Super Nortenio,SUPER,Monterrey,TPV02-MON,Ivan Delgado,ivan.delgado162@correo.mx,2492,AMEX,983.05,MXN,RECHAZADA,BANDA,N
TRX0001498,2026-02-12 08:12:50,Boutique Iris,Ropa,Ciudad de Mexico,TPV03-CIU,Teresa Rivas,teresa.rivas6@correo.mx,1505,MASTERCARD,785.91,MXN,APROBADA,CHIP,N
TRX0001499,2026-03-23 10:27:41,Super Norteno,Supermercado,Monterrey,TPV02-MON,Elena Zamora,elena.zamora16@correo.mx,2698,VISA,1120.3,MXN,APROBADA,MANUAL,N
TRX0001500,2026-02-15 08:36:28,Farmacia del Sol ,Farmacia,Ciudad de Mexico,TPV02-CIU,Lucia Ramirez,lucia.ramirez48@correo.mx,2913,VISA,290.03,MXN,APROBADA,CONTACTLESS,N
TRX0001501,2026-04-24 16:52:48,Cafe Aurora,restaurante,Guadalajara,TPV04-GUA,Raul Cortes,raul.cortes116@correo.mx,1792,MASTERCARD,419.75,MXN,REVERSADA,BANDA,N
TRX0001502,2026-02-27 14:26:36,CAFE AURORA,restaurante,Guadalajara,TPV01-GUA,Rocio Salazar,rocio.salazar98@correo.mx,9662,VISA,73.95,MXN,APROBADA,QR,N
TRX0001503,2026-01-03 14:06:42,Farmacia del Sol,Farmacia,Ciudad de Mexico,TPV01-CIU,Teresa Rivas,teresa.rivas25@correo.mx,6114,AMEX,248.09,MXN,APROBADA,CONTACTLESS,N
TRX0001504,2026-04-08 17:59:27,ELECTRO MAYA,ELECTRO,Merida,TPV02-MER,Rocio Vargas,rocio.vargas62@correo.mx,4939,MASTERCARD,14499.77,MXN,APROBADA,QR,N
TRX0001505,2026-01-12 14:08:11,Super Nortenio,Supermercado,Monterrey,TPV01-MON,Rocio Cortes,rocio.cortes103@correo.mx,8270,VISA,768.88,MXN,APROBADA,BANDA,N
TRX0001506,2026-02-20 20:20:30,GASOLINERA KM 12,combustible,Puebla,TPV02-PUE,Luis Trejo,luis.trejo1@correo.mx,7154,MASTERCARD,359.92,MXN,REVERSADA,MANUAL,N
TRX0001507,2026-01-21 16:11:37,Farmacia del Sol,FARM,Ciudad de Mexico,TPV02-CIU,Carmen Herrera,carmen.herrera176@correo.mx,1605,VISA,683.65,MXN,REVERSADA,QR,N
TRX0001508,2026-03-23 13:31:13,Gasolinera Km 12,Combustible,Puebla,TPV04-PUE,Elena Vargas,elena.vargas148@correo.mx,7654,MASTERCARD,675.75,MXN,APROBADA,CONTACTLESS,N
TRX0001509,2026-04-02 17:46:08,Boutique  Iris,ropa,Ciudad de Mexico,TPV02-CIU,Lucia Ramirez,lucia.ramirez43@correo.mx,2509,VISA,3674.65,MXN,APROBADA,MANUAL,N
TRX0001510,2026-01-03 20:13:41,CAFE AURORA,restaurante,Guadalajara,TPV04-GUA,Raul Vargas,raul.vargas37@correo.mx,5573,AMEX,154.58,MXN,APROBADA,BANDA,N
TRX0001511,2026-03-11 17:17:55,Boutique Iris,Ropa,Ciudad de Mexico,TPV04-CIU,Patricia Gonzalez,patricia.gonzalez127@correo.mx,8628,VISA,2088.01,MXN,APROBADA,CHIP,N
TRX0001512,2026-02-05 17:01:56,Farmacia del Sol ,FARM,Ciudad de Mexico,TPV02-CIU,Sofia Rivas,sofia.rivas93@correo.mx,4177,VISA,343.51,MXN,APROBADA,BANDA,N
TRX0001513,2026-05-08 17:56:18,Farmacia del Sol ,FARM,Ciudad de Mexico,TPV03-CIU,Fernando Rivas,fernando.rivas133@correo.mx,1834,VISA,724.27,MXN,APROBADA,CHIP,N
TRX0001514,2026-01-31 15:55:38,CAFE AURORA,Restaurante,Guadalajara,TPV04-GUA,Raul Delgado,raul.delgado105@correo.mx,8772,MASTERCARD,379.11,MXN,APROBADA,QR,N
TRX0001515,2026-05-04 20:10:55,SUPER NORTENO,SUPER,Monterrey,TPV04-MON,Miguel Herrera,miguel.herrera166@correo.mx,4697,AMEX,894.6,MXN,APROBADA,MANUAL,N
TRX0001516,2026-04-09 11:22:23,SUPER NORTENO,SUPER,Monterrey,TPV03-MON,Rocio Salazar,rocio.salazar98@correo.mx,9662,VISA,2483.79,MXN,APROBADA,QR,N
TRX0001517,2026-02-17 19:58:28,Cafe Aurora,Restaurante,Guadalajara,TPV01-GUA,Ivan Ramirez,ivan.ramirez45@correo.mx,8146,AMEX,80.34,MXN,RECHAZADA,MANUAL,N
TRX0001518,2026-05-28 12:02:55,Electro Maya,ELECTRO,Merida,TPV01-MER,Hector Mendoza,hector.mendoza71@correo.mx,6093,VISA,15585.26,MXN,REVERSADA,QR,N
TRX0001519,2026-01-13 21:30:29,CAFE AURORA,restaurante,Guadalajara,TPV04-GUA,Raul Gonzalez,raul.gonzalez179@correo.mx,8333,MASTERCARD,275.29,MXN,APROBADA,MANUAL,N
TRX0001520,2026-06-14 10:14:23,Farmacia del Sol,Farmacia,Ciudad de Mexico,TPV01-CIU,Miguel Herrera,miguel.herrera166@correo.mx,4697,AMEX,423.71,MXN,REVERSADA,CONTACTLESS,N
TRX0001521,2026-05-03 07:24:36,Super Nortenio,SUPER,Monterrey,TPV03-MON,Lucia Ramirez,lucia.ramirez43@correo.mx,2509,VISA,351.71,MXN,APROBADA,BANDA,N
TRX0001522,2026-01-03 21:09:56,SUPER NORTENO,Supermercado,Monterrey,TPV04-MON,Miguel Gonzalez,miguel.gonzalez172@correo.mx,8638,MASTERCARD,2384.7,MXN,APROBADA,BANDA,N
TRX0001523,2026-05-14 21:34:06,Farmacia del Sol ,farmacia,Ciudad de Mexico,TPV04-CIU,Luis Delgado,luis.delgado150@correo.mx,7838,VISA,270.5,MXN,APROBADA,CONTACTLESS,N
TRX0001524,2026-05-10 15:25:47,Farmacia del Sol ,Farmacia,Ciudad de Mexico,TPV01-CIU,Sofia Ramirez,sofia.ramirez84@correo.mx,1287,MASTERCARD,580.47,MXN,APROBADA,MANUAL,N
TRX0001525,2026-01-09 13:24:18,Boutique  Iris,Ropa,Ciudad de Mexico,TPV01-CIU,Jorge Delgado,jorge.delgado66@correo.mx,7754,VISA,4966.94,MXN,REVERSADA,MANUAL,N
TRX0001526,2026-05-25 19:21:56,SUPER NORTENO,Supermercado,Monterrey,TPV04-MON,Rocio Rivas,rocio.rivas87@correo.mx,7957,VISA,949.01,MXN,APROBADA,BANDA,N
TRX0001527,2026-05-16 07:49:07,SUPER NORTENO,Supermercado,Monterrey,TPV02-MON,Patricia Rivas,patricia.rivas157@correo.mx,8006,VISA,1193.6,MXN,APROBADA,QR,N
TRX0001528,2026-03-19 06:38:46,VIAJES ALTAMAR,viajes,Cancun,TPV04-CAN,Ana Delgado,ana.delgado171@correo.mx,1786,AMEX,17152.5,MXN,APROBADA,QR,N
TRX0001529,2026-03-25 09:02:22,Super Norteno,SUPER,Monterrey,TPV04-MON,Elena Gonzalez,elena.gonzalez143@correo.mx,1660,MASTERCARD,2263.4,MXN,RECHAZADA,CONTACTLESS,N
TRX0001530,2026-03-10 18:10:30,CAFE AURORA,Restaurante,Guadalajara,TPV04-GUA,Elena Gonzalez,elena.gonzalez143@correo.mx,1660,MASTERCARD,210.37,MXN,APROBADA,QR,N
TRX0001531,2026-03-29 11:15:37,ELECTRO MAYA,ELECTRO,Merida,TPV03-MER,Carmen Cortes,carmen.cortes76@correo.mx,7986,AMEX,4574.05,MXN,RECHAZADA,CONTACTLESS,N
TRX0001532,2026-03-19 15:52:06,Farmacia del Sol ,FARM,Ciudad de Mexico,TPV04-CIU,Hector Rivas,hector.rivas50@correo.mx,8897,MASTERCARD,500.75,MXN,RECHAZADA,CHIP,N
TRX0001533,2026-05-15 13:52:39,Farmacia del Sol ,farmacia,Ciudad de Mexico,TPV04-CIU,Patricia Ramirez,patricia.ramirez130@correo.mx,8241,AMEX,124.12,MXN,APROBADA,CONTACTLESS,N
TRX0001534,2026-04-09 12:17:34,SUPER NORTENO,Supermercado,Monterrey,TPV04-MON,Jorge Herrera,jorge.herrera112@correo.mx,5612,MASTERCARD,2819.92,MXN,REVERSADA,BANDA,N
TRX0001535,2026-02-25 14:02:17,Electro Maya,electronica,Merida,TPV04-MER,Patricia Herrera,patricia.herrera3@correo.mx,4061,VISA,6085.43,MXN,RECHAZADA,CHIP,N
TRX0001536,2026-01-24 15:24:27,Electro Maya,ELECTRO,Merida,TPV01-MER,Elena Ramirez,elena.ramirez8@correo.mx,3648,MASTERCARD,13276.24,MXN,APROBADA,BANDA,N
TRX0001537,2026-06-17 19:15:31,FARMACIA DEL SOL,Farmacia,Ciudad de Mexico,TPV02-CIU,Patricia Salazar,patricia.salazar69@correo.mx,4268,MASTERCARD,457.05,MXN,APROBADA,CHIP,N
TRX0001538,2026-01-15 20:20:38,SUPER NORTENO,Supermercado,Monterrey,TPV01-MON,Luis Salazar,luis.salazar75@correo.mx,4376,MASTERCARD,1721.1,MXN,APROBADA,QR,N
TRX0001539,2026-05-20 06:58:33,CAFE AURORA,Restaurante,Guadalajara,TPV04-GUA,Hector Delgado,hector.delgado49@correo.mx,4702,VISA,218.51,MXN,APROBADA,MANUAL,N
TRX0001540,2026-04-20 20:13:27,FARMACIA DEL SOL,FARM,Ciudad de Mexico,TPV03-CIU,Hector Mendoza,hector.mendoza10@correo.mx,6846,VISA,653.49,MXN,APROBADA,BANDA,N
TRX0001541,2026-04-23 09:07:42,Super Norteno,SUPER,Monterrey,TPV03-MON,Carmen Cortes,carmen.cortes76@correo.mx,7986,AMEX,220.58,MXN,APROBADA,BANDA,N
TRX0001542,2026-05-14 09:33:25,CAFE AURORA,restaurante,Guadalajara,TPV04-GUA,Lucia Zamora,lucia.zamora108@correo.mx,3262,MASTERCARD,139.03,MXN,APROBADA,MANUAL,N
TRX0001543,2026-04-24 10:26:19,BOUTIQUE IRIS,ropa,Ciudad de Mexico,TPV04-CIU,Miguel Herrera,miguel.herrera166@correo.mx,4697,AMEX,3566.08,MXN,APROBADA,QR,N
TRX0001544,2026-02-18 17:54:29,Super Nortenio,Supermercado,Monterrey,TPV02-MON,Lucia Herrera,lucia.herrera155@correo.mx,9599,MASTERCARD,208.65,MXN,APROBADA,CHIP,N
TRX0001545,2026-05-30 20:37:37,CAFE AURORA,Restaurante,Guadalajara,TPV04-GUA,Teresa Mendoza,teresa.mendoza159@correo.mx,6739,VISA,122.48,MXN,APROBADA,CHIP,N
TRX0001546,2026-01-30 12:38:40,Farmacia del Sol ,Farmacia,Ciudad de Mexico,TPV02-CIU,Jorge Herrera,jorge.herrera112@correo.mx,5612,MASTERCARD,554.19,MXN,REVERSADA,BANDA,N
TRX0001547,2026-06-11 14:27:43,Super Nortenio,supermercado,Monterrey,TPV04-MON,Luis Rivas,luis.rivas99@correo.mx,1585,MASTERCARD,997.26,MXN,APROBADA,QR,N
TRX0001548,2026-04-13 12:20:36,FARMACIA DEL SOL,farmacia,Ciudad de Mexico,TPV01-CIU,Elena Zamora,elena.zamora178@correo.mx,7623,AMEX,734.76,MXN,APROBADA,CHIP,N
TRX0001549,2026-02-07 20:33:16,BOUTIQUE IRIS,VESTIMENTA,Ciudad de Mexico,TPV04-CIU,Jorge Vargas,jorge.vargas40@correo.mx,2316,AMEX,509.8,MXN,APROBADA,BANDA,S
TRX0001550,2026-02-17 10:51:46,Super Norteno,Supermercado,Monterrey,TPV03-MON,Jorge Herrera,jorge.herrera46@correo.mx,2925,AMEX,1876.85,MXN,APROBADA,CHIP,N
TRX0001551,2026-06-22 11:31:43,FARMACIA DEL SOL,Farmacia,Ciudad de Mexico,TPV04-CIU,Sofia Nunez,sofia.nunez134@correo.mx,8835,VISA,650.97,MXN,APROBADA,QR,N
TRX0001552,2026-03-09 19:03:52,CAFE AURORA,Restaurante,Guadalajara,TPV01-GUA,Elena Ramirez,elena.ramirez4@correo.mx,8580,VISA,70.26,MXN,APROBADA,QR,N
TRX0001553,2026-06-24 16:18:24,Boutique  Iris,ropa,Ciudad de Mexico,TPV01-CIU,Raul Vargas,raul.vargas37@correo.mx,5573,AMEX,5066.35,MXN,APROBADA,CONTACTLESS,N
TRX0001554,2026-05-07 12:47:18,Farmacia del Sol,farmacia,Ciudad de Mexico,TPV04-CIU,Jorge Gonzalez,jorge.gonzalez2@correo.mx,4837,AMEX,249.19,MXN,APROBADA,CHIP,S
TRX0001555,2026-01-14 21:58:12,FARMACIA DEL SOL,farmacia,Ciudad de Mexico,TPV02-CIU,Jorge Gonzalez,jorge.gonzalez2@correo.mx,4837,AMEX,516.14,MXN,RECHAZADA,BANDA,N
TRX0001556,2026-04-07 15:04:09,FARMACIA DEL SOL,FARM,Ciudad de Mexico,TPV02-CIU,Lucia Ramirez,lucia.ramirez43@correo.mx,2509,VISA,283.15,MXN,REVERSADA,CONTACTLESS,N
TRX0001557,2026-06-23 10:43:08,GASOLINERA KM 12,Combustible,Puebla,TPV02-PUE,Elena Vargas,elena.vargas89@correo.mx,5689,VISA,592.77,MXN,APROBADA,BANDA,N
TRX0001558,2026-03-10 15:35:37,FARMACIA DEL SOL,Farmacia,Ciudad de Mexico,TPV02-CIU,Hector Mendoza,hector.mendoza71@correo.mx,6093,VISA,434.35,MXN,APROBADA,QR,N
TRX0001559,2026-06-29 16:52:21,Super Norteno,Supermercado,Monterrey,TPV04-MON,Hector Rivas,hector.rivas50@correo.mx,8897,MASTERCARD,3146.53,MXN,APROBADA,CHIP,N
TRX0001560,2026-04-13 07:30:28,CAFE AURORA,Restaurante,Guadalajara,TPV01-GUA,Rocio Ramirez,rocio.ramirez12@correo.mx,2195,MASTERCARD,283.39,MXN,RECHAZADA,QR,N
TRX0001561,2026-04-08 10:20:56,Gasolinera Km 12,combustible,Puebla,TPV01-PUE,Rocio Nunez,rocio.nunez173@correo.mx,4285,MASTERCARD,1218.55,MXN,APROBADA,BANDA,N
TRX0001562,2026-04-17 21:00:01,Cafe Aurora,restaurante,Guadalajara,TPV03-GUA,Ivan Gonzalez,ivan.gonzalez163@correo.mx,9280,MASTERCARD,351.04,MXN,APROBADA,CONTACTLESS,N
TRX0001563,2026-02-22 08:14:53,Farmacia del Sol ,Farmacia,Ciudad de Mexico,TPV01-CIU,Carmen Vargas,carmen.vargas161@correo.mx,3446,MASTERCARD,352.19,MXN,APROBADA,CHIP,N
TRX0001564,2026-06-18 12:07:55,CAFE AURORA,Restaurante,Guadalajara,TPV04-GUA,Patricia Nunez,patricia.nunez52@correo.mx,8415,VISA,144.6,MXN,APROBADA,QR,N
TRX0001565,2026-05-05 10:10:22,Super Nortenio,Supermercado,Monterrey,TPV01-MON,Miguel Cortes,miguel.cortes97@correo.mx,9422,MASTERCARD,2584.92,MXN,REVERSADA,CONTACTLESS,N
TRX0001566,2026-06-20 12:03:16,Super Nortenio,SUPER,Monterrey,TPV02-MON,Elena Trejo,elena.trejo73@correo.mx,9973,AMEX,1705.65,MXN,REVERSADA,CONTACTLESS,N
TRX0001567,2026-06-05 10:53:20,FARMACIA DEL SOL,FARM,Ciudad de Mexico,TPV01-CIU,Lucia Trejo,lucia.trejo32@correo.mx,8092,VISA,580.3,MXN,APROBADA,MANUAL,N
TRX0001568,2026-03-10 11:19:23,Super Norteno,SUPER,Monterrey,TPV04-MON,Patricia Ramirez,patricia.ramirez130@correo.mx,8241,AMEX,1279.52,MXN,APROBADA,BANDA,N
TRX0001569,2026-01-19 13:52:40,Farmacia del Sol ,Farmacia,Ciudad de Mexico,TPV03-CIU,Raul Delgado,raul.delgado122@correo.mx,1413,VISA,361.94,MXN,APROBADA,MANUAL,N
TRX0001570,2026-01-10 11:42:58,Farmacia del Sol,FARM,Ciudad de Mexico,TPV01-CIU,Rocio Salazar,rocio.salazar15@correo.mx,4224,MASTERCARD,490.57,MXN,RECHAZADA,CONTACTLESS,N
TRX0001571,2026-02-23 10:27:32,Boutique  Iris,ropa,Ciudad de Mexico,TPV01-CIU,Hector Rivas,hector.rivas50@correo.mx,8897,MASTERCARD,666.25,MXN,APROBADA,QR,N
TRX0001572,2026-04-29 12:49:29,FARMACIA DEL SOL,farmacia,Ciudad de Mexico,TPV03-CIU,Sofia Trejo,sofia.trejo80@correo.mx,8498,MASTERCARD,812.73,MXN,APROBADA,CHIP,N
TRX0001573,2026-03-21 21:59:59,Viajes Altamar,Viajes,Cancun,TPV03-CAN,Raul Gonzalez,raul.gonzalez179@correo.mx,8333,MASTERCARD,36836.57,MXN,APROBADA,QR,N
TRX0001574,2026-03-06 14:45:53,Farmacia del Sol,Farmacia,Ciudad de Mexico,TPV03-CIU,Fernando Cortes,fernando.cortes170@correo.mx,6842,AMEX,427.47,MXN,APROBADA,CONTACTLESS,N
TRX0001575,2026-06-22 19:26:43,CAFE AURORA,restaurante,Guadalajara,TPV01-GUA,Lucia Delgado,lucia.delgado141@correo.mx,6423,VISA,221.11,MXN,APROBADA,MANUAL,N
TRX0001576,2026-01-26 12:34:11,FARMACIA DEL SOL,Farmacia,Ciudad de Mexico,TPV01-CIU,Teresa Mendoza,teresa.mendoza159@correo.mx,6739,VISA,250.39,MXN,APROBADA,CONTACTLESS,N
TRX0001577,2026-05-02 17:09:53,Farmacia del Sol,farmacia,Ciudad de Mexico,TPV02-CIU,Fernando Nunez,fernando.nunez145@correo.mx,5858,AMEX,248.29,MXN,APROBADA,CHIP,S
TRX0001578,2026-02-03 11:48:54,Boutique Iris,ropa,Ciudad de Mexico,TPV01-CIU,Jorge Gonzalez,jorge.gonzalez138@correo.mx,4950,AMEX,1067.57,MXN,APROBADA,CONTACTLESS,N
TRX0001579,2026-02-19 08:31:05,Farmacia del Sol,farmacia,Ciudad de Mexico,TPV04-CIU,Sofia Trejo,sofia.trejo80@correo.mx,8498,MASTERCARD,562.2,MXN,APROBADA,CHIP,N
TRX0001580,2026-01-01 16:02:02,SUPER NORTENO,Supermercado,Monterrey,TPV01-MON,Raul Rivas,raul.rivas123@correo.mx,5837,MASTERCARD,1963.59,MXN,APROBADA,BANDA,N
TRX0001581,2026-05-23 19:47:23,BOUTIQUE IRIS,Ropa,Ciudad de Mexico,TPV01-CIU,Jorge Rivas,jorge.rivas147@correo.mx,5919,MASTERCARD,1395.98,MXN,APROBADA,BANDA,N
TRX0001582,2026-05-26 19:42:22,Farmacia del Sol,farmacia,Ciudad de Mexico,TPV02-CIU,Raul Delgado,raul.delgado122@correo.mx,1413,VISA,196.59,MXN,RECHAZADA,CHIP,N
TRX0001583,2026-06-09 07:24:39,Farmacia del Sol ,farmacia,Ciudad de Mexico,TPV01-CIU,Patricia Herrera,patricia.herrera3@correo.mx,4061,VISA,490.08,MXN,APROBADA,CONTACTLESS,N
TRX0001584,2026-03-07 17:19:56,GASOLINERA KM 12,combustible,Puebla,TPV04-PUE,Elena Zamora,elena.zamora151@correo.mx,7344,AMEX,327.79,MXN,APROBADA,BANDA,N
TRX0001585,2026-05-31 13:04:14,Super Norteno,SUPER,Monterrey,TPV02-MON,Patricia Nunez,patricia.nunez52@correo.mx,8415,VISA,3100.37,MXN,APROBADA,BANDA,N
TRX0001586,2026-03-15 12:51:20,CAFE AURORA,Restaurante,Guadalajara,TPV04-GUA,Rocio Cortes,rocio.cortes103@correo.mx,8270,VISA,425.15,MXN,APROBADA,MANUAL,N
TRX0001587,2026-03-03 11:44:49,CAFE AURORA,Restaurante,Guadalajara,TPV01-GUA,Patricia Gonzalez,patricia.gonzalez127@correo.mx,4793,VISA,219.18,MXN,APROBADA,CONTACTLESS,N
TRX0001588,2026-02-09 08:51:43,BOUTIQUE IRIS,ropa,Ciudad de Mexico,TPV04-CIU,Fernando Mendoza,fernando.mendoza109@correo.mx,1447,AMEX,4821.16,MXN,APROBADA,CHIP,N
TRX0001589,2026-04-03 15:14:22,Farmacia del Sol,Farmacia,Ciudad de Mexico,TPV01-CIU,Fernando Cortes,fernando.cortes170@correo.mx,6842,AMEX,194.95,MXN,APROBADA,CONTACTLESS,N
TRX0001590,2026-03-26 11:20:53,Super Norteno,Supermercado,Monterrey,TPV01-MON,Elena Vargas,elena.vargas148@correo.mx,7654,MASTERCARD,1093.05,MXN,APROBADA,QR,N
TRX0001591,2026-05-16 12:56:56,Boutique Iris,VESTIMENTA,Ciudad de Mexico,TPV03-CIU,Fernando Salazar,fernando.salazar63@correo.mx,5089,MASTERCARD,4275.53,MXN,APROBADA,BANDA,S
TRX0001592,2026-06-01 07:50:37,FARMACIA DEL SOL,Farmacia,Ciudad de Mexico,TPV01-CIU,Elena Delgado,elena.delgado149@correo.mx,9248,MASTERCARD,465.55,MXN,APROBADA,CONTACTLESS,N
TRX0001593,2026-01-21 16:22:22,Farmacia del Sol,FARM,Ciudad de Mexico,TPV04-CIU,Elena Ramirez,elena.ramirez8@correo.mx,3648,MASTERCARD,183.7,MXN,RECHAZADA,BANDA,N
TRX0001594,2026-03-29 08:54:50,Super Norteno,SUPER,Monterrey,TPV04-MON,Ivan Gonzalez,ivan.gonzalez163@correo.mx,9280,MASTERCARD,417.08,MXN,APROBADA,CONTACTLESS,N
TRX0001595,2026-01-03 21:45:40,BOUTIQUE IRIS,VESTIMENTA,Ciudad de Mexico,TPV02-CIU,Carmen Herrera,carmen.herrera176@correo.mx,1605,VISA,1305.39,MXN,APROBADA,MANUAL,N
TRX0001596,2026-05-01 17:19:44,Farmacia del Sol ,farmacia,Ciudad de Mexico,TPV01-CIU,Fernando Rivas,fernando.rivas133@correo.mx,6714,MASTERCARD,326.98,MXN,APROBADA,MANUAL,N
TRX0001597,2026-06-09 18:10:28,SUPER NORTENO,SUPER,Monterrey,TPV01-MON,Fernando Salazar,fernando.salazar63@correo.mx,5089,MASTERCARD,2145.06,MXN,APROBADA,QR,N
TRX0001598,2026-01-30 10:24:35,Super Nortenio,supermercado,Monterrey,TPV01-MON,Raul Gonzalez,raul.gonzalez179@correo.mx,8333,MASTERCARD,1284.98,MXN,APROBADA,QR,N
TRX0001599,2026-03-23 06:01:28,Boutique Iris,Ropa,Ciudad de Mexico,TPV01-CIU,Miguel Ramirez,miguel.ramirez132@correo.mx,5849,MASTERCARD,3158.54,MXN,APROBADA,BANDA,N
TRX0001600,2026-02-12 09:26:09,CAFE AURORA,Restaurante,Guadalajara,TPV02-GUA,Ana Mendoza,ana.mendoza27@correo.mx,5764,VISA,326.97,MXN,APROBADA,BANDA,N
TRX0001601,2026-04-03 14:11:33,FARMACIA DEL SOL,Farmacia,Ciudad de Mexico,TPV02-CIU,Elena Ramirez,elena.ramirez175@correo.mx,9442,MASTERCARD,400.29,MXN,APROBADA,CONTACTLESS,N
TRX0001602,2026-01-12 21:15:16,Farmacia del Sol,farmacia,Ciudad de Mexico,TPV04-CIU,Sofia Salazar,sofia.salazar146@correo.mx,4742,VISA,414.31,MXN,APROBADA,CONTACTLESS,N
TRX0001603,2026-01-18 21:31:42,Super Nortenio,SUPER,Monterrey,TPV01-MON,Elena Trejo,elena.trejo113@correo.mx,4568,MASTERCARD,749.96,MXN,RECHAZADA,QR,N
TRX0001604,2026-03-07 13:15:56,Cafe Aurora,restaurante,Guadalajara,TPV04-GUA,Elena Trejo,elena.trejo73@correo.mx,9973,AMEX,135.96,MXN,APROBADA,CONTACTLESS,N
TRX0001605,2026-04-25 06:37:15,SUPER NORTENO,Supermercado,Monterrey,TPV04-MON,Carmen Mendoza,carmen.mendoza95@correo.mx,6566,AMEX,2724.73,MXN,REVERSADA,CONTACTLESS,N
TRX0001606,2026-05-07 11:11:04,Electro Maya,ELECTRO,Merida,TPV04-MER,Sofia Cortes,sofia.cortes153@correo.mx,1495,AMEX,11216.12,MXN,APROBADA,BANDA,N
TRX0001607,2026-06-28 06:32:47,CAFE AURORA,Restaurante,Guadalajara,TPV04-GUA,Hector Herrera,hector.herrera79@correo.mx,3159,VISA,212.69,MXN,APROBADA,CHIP,N
TRX0001608,2026-04-14 08:55:58,CAFE AURORA,restaurante,Guadalajara,TPV02-GUA,Miguel Nunez,miguel.nunez174@correo.mx,2390,MASTERCARD,175.95,MXN,APROBADA,MANUAL,N
TRX0001609,2026-06-24 18:55:03,Farmacia del Sol ,Farmacia,Ciudad de Mexico,TPV01-CIU,Rocio Salazar,rocio.salazar98@correo.mx,9662,VISA,456.21,MXN,REVERSADA,CONTACTLESS,N
TRX0001610,2026-02-13 20:18:24,SUPER NORTENO,SUPER,Monterrey,TPV04-MON,Ana Nunez,ana.nunez17@correo.mx,9063,VISA,1396.81,MXN,APROBADA,CONTACTLESS,N
TRX0001611,2026-01-25 14:53:07,FARMACIA DEL SOL,farmacia,Ciudad de Mexico,TPV03-CIU,Miguel Ramirez,miguel.ramirez132@correo.mx,5849,MASTERCARD,407.06,MXN,REVERSADA,CONTACTLESS,N
TRX0001612,2026-01-02 21:40:39,CAFE AURORA,restaurante,Guadalajara,TPV01-GUA,Hector Herrera,hector.herrera79@correo.mx,3159,VISA,172.93,MXN,RECHAZADA,CONTACTLESS,N
TRX0001613,2026-06-06 21:08:14,Gasolinera Km 12,Combustible,Puebla,TPV01-PUE,Fernando Herrera,fernando.herrera168@correo.mx,8810,VISA,931.21,MXN,REVERSADA,CONTACTLESS,N
TRX0001614,2026-05-08 07:36:58,Super Nortenio,supermercado,Monterrey,TPV03-MON,Fernando Mendoza,fernando.mendoza57@correo.mx,8388,AMEX,718.26,MXN,RECHAZADA,QR,N
TRX0001615,2026-03-22 06:33:24,CAFE AURORA,restaurante,Guadalajara,TPV03-GUA,Miguel Delgado,miguel.delgado23@correo.mx,3807,VISA,189.13,MXN,APROBADA,MANUAL,N
TRX0001616,2026-04-16 16:42:31,Super Norteno,supermercado,Monterrey,TPV03-MON,Sofia Trejo,sofia.trejo80@correo.mx,8498,MASTERCARD,324.7,MXN,APROBADA,QR,N
TRX0001617,2026-05-15 21:49:51,FARMACIA DEL SOL,farmacia,Ciudad de Mexico,TPV04-CIU,Lucia Vargas,lucia.vargas7@correo.mx,3320,MASTERCARD,605.15,MXN,APROBADA,MANUAL,N
TRX0001618,2026-03-24 09:03:26,BOUTIQUE IRIS,ropa,Ciudad de Mexico,TPV03-CIU,Hector Mendoza,hector.mendoza10@correo.mx,6846,VISA,5235.52,MXN,RECHAZADA,MANUAL,N
TRX0001619,2026-04-29 13:55:02,Boutique  Iris,Ropa,Ciudad de Mexico,TPV02-CIU,Raul Gonzalez,raul.gonzalez179@correo.mx,8333,MASTERCARD,1282.85,MXN,APROBADA,CHIP,N
TRX0001620,2026-05-17 12:19:50,SUPER NORTENO,supermercado,Monterrey,TPV01-MON,Elena Zamora,elena.zamora178@correo.mx,7623,AMEX,3236.86,MXN,APROBADA,CONTACTLESS,N
TRX0001621,2026-06-20 16:35:06,FARMACIA DEL SOL,Farmacia,Ciudad de Mexico,TPV04-CIU,Lucia Vargas,lucia.vargas64@correo.mx,5333,VISA,286.03,MXN,APROBADA,CONTACTLESS,N
TRX0001622,2026-06-25 14:52:10,Farmacia del Sol,farmacia,Ciudad de Mexico,TPV03-CIU,Elena Ramirez,elena.ramirez144@correo.mx,8187,MASTERCARD,716.18,MXN,APROBADA,MANUAL,N
TRX0001623,2026-03-25 15:51:08,Farmacia del Sol,Farmacia,Ciudad de Mexico,TPV03-CIU,Sofia Vargas,sofia.vargas19@correo.mx,1099,MASTERCARD,437.45,MXN,REVERSADA,CHIP,N
TRX0001624,2026-04-22 17:06:22,Farmacia del Sol ,farmacia,Ciudad de Mexico,TPV01-CIU,Raul Nunez,raul.nunez70@correo.mx,5287,AMEX,410.1,MXN,APROBADA,QR,N
TRX0001625,2026-02-02 08:35:14,GASOLINERA KM 12,combustible,Puebla,TPV04-PUE,Miguel Gonzalez,miguel.gonzalez172@correo.mx,9785,AMEX,468.27,MXN,RECHAZADA,BANDA,N
TRX0001626,2026-05-15 11:25:43,Super Nortenio,Supermercado,Monterrey,TPV03-MON,Jorge Rivas,jorge.rivas147@correo.mx,5919,MASTERCARD,1622.65,MXN,APROBADA,QR,N
TRX0001627,2026-03-12 07:44:20,FARMACIA DEL SOL,FARM,Ciudad de Mexico,TPV02-CIU,Ana Rivas,ana.rivas117@correo.mx,2975,MASTERCARD,688.49,MXN,APROBADA,MANUAL,N
TRX0001628,2026-04-20 21:22:34,Super Norteno,supermercado,Monterrey,TPV01-MON,Teresa Mendoza,teresa.mendoza55@correo.mx,6130,MASTERCARD,2120.2,MXN,REVERSADA,BANDA,N
TRX0001629,2026-04-27 19:56:09,Boutique Iris,VESTIMENTA,Ciudad de Mexico,TPV04-CIU,Jorge Delgado,jorge.delgado66@correo.mx,7754,VISA,5897.21,MXN,APROBADA,MANUAL,N
TRX0001630,2026-01-10 13:20:00,GASOLINERA KM 12,combustible,Puebla,TPV04-PUE,Patricia Mendoza,patricia.mendoza140@correo.mx,8731,VISA,1020.95,MXN,APROBADA,BANDA,N
TRX0001631,2026-06-18 18:11:21,Gasolinera Km 12,combustible,Puebla,TPV03-PUE,Elena Zamora,elena.zamora178@correo.mx,7623,AMEX,1537.95,MXN,APROBADA,CHIP,N
TRX0001632,2026-05-24 08:15:08,CAFE AURORA,restaurante,Guadalajara,TPV03-GUA,Ana Delgado,ana.delgado171@correo.mx,8676,MASTERCARD,266.07,MXN,RECHAZADA,MANUAL,N
TRX0001633,2026-04-20 16:27:43,Cafe Aurora,Restaurante,Guadalajara,TPV02-GUA,Teresa Rivas,teresa.rivas6@correo.mx,1505,MASTERCARD,185.4,MXN,APROBADA,CHIP,N
TRX0001634,2026-01-08 12:24:12,FARMACIA DEL SOL,farmacia,Ciudad de Mexico,TPV04-CIU,Patricia Delgado,patricia.delgado167@correo.mx,8972,VISA,165.15,MXN,APROBADA,MANUAL,N
TRX0001635,2026-02-14 21:58:49,BOUTIQUE IRIS,Ropa,Ciudad de Mexico,TPV03-CIU,Luis Trejo,luis.trejo1@correo.mx,4572,AMEX,1284.64,MXN,APROBADA,QR,N
TRX0001636,2026-03-07 17:26:04,FARMACIA DEL SOL,FARM,Ciudad de Mexico,TPV02-CIU,Ana Cortes,ana.cortes53@correo.mx,3646,VISA,729.32,MXN,APROBADA,CONTACTLESS,N
TRX0001637,2026-01-11 17:09:15,SUPER NORTENO,SUPER,Monterrey,TPV02-MON,Raul Mendoza,raul.mendoza90@correo.mx,1177,AMEX,1182.8,MXN,APROBADA,CONTACTLESS,N
TRX0001638,2026-04-08 14:35:54,Super Norteno,SUPER,Monterrey,TPV03-MON,Ana Delgado,ana.delgado171@correo.mx,8676,MASTERCARD,1568.49,MXN,APROBADA,BANDA,N
TRX0001639,2026-06-19 20:48:18,Super Nortenio,supermercado,Monterrey,TPV02-MON,Luis Rivas,luis.rivas99@correo.mx,1585,MASTERCARD,1662.83,MXN,APROBADA,CHIP,N
TRX0001640,2026-03-18 13:47:02,Boutique Iris,VESTIMENTA,Ciudad de Mexico,TPV03-CIU,Patricia Mendoza,patricia.mendoza140@correo.mx,8731,VISA,2827.41,MXN,APROBADA,MANUAL,N
TRX0001641,2026-01-25 21:41:02,SUPER NORTENO,Supermercado,Monterrey,TPV01-MON,Jorge Rivas,jorge.rivas128@correo.mx,7387,MASTERCARD,3074.29,MXN,APROBADA,BANDA,N
TRX0001642,2026-01-29 15:43:15,Farmacia del Sol ,FARM,Ciudad de Mexico,TPV03-CIU,Jorge Rivas,jorge.rivas78@correo.mx,8391,AMEX,320.9,MXN,APROBADA,BANDA,N
TRX0001643,2026-05-18 11:55:02,ELECTRO MAYA,Electronica,Merida,TPV03-MER,Rocio Zamora,rocio.zamora85@correo.mx,2544,AMEX,22733.67,MXN,APROBADA,CHIP,N
TRX0001644,2026-06-02 14:38:46,Super Norteno,Supermercado,Monterrey,TPV03-MON,Lucia Gonzalez,lucia.gonzalez36@correo.mx,8401,AMEX,2345.49,MXN,REVERSADA,MANUAL,N
TRX0001645,2026-04-28 16:00:21,Boutique  Iris,Ropa,Ciudad de Mexico,TPV02-CIU,Hector Rivas,hector.rivas50@correo.mx,8897,MASTERCARD,3789.62,MXN,APROBADA,MANUAL,N
TRX0001646,2026-01-12 07:30:16,Farmacia del Sol,Farmacia,Ciudad de Mexico,TPV03-CIU,Fernando Gonzalez,fernando.gonzalez14@correo.mx,4950,MASTERCARD,489.46,MXN,REVERSADA,QR,N
TRX0001647,2026-02-14 11:13:40,Cafe Aurora,restaurante,Guadalajara,TPV03-GUA,Raul Vargas,raul.vargas135@correo.mx,8290,AMEX,157.95,MXN,APROBADA,BANDA,N
TRX0001648,2026-03-06 08:02:48,SUPER NORTENO,SUPER,Monterrey,TPV04-MON,Miguel Cortes,miguel.cortes97@correo.mx,9422,MASTERCARD,2071.38,MXN,REVERSADA,CONTACTLESS,N
TRX0001649,2026-05-23 15:50:23,CAFE AURORA,Restaurante,Guadalajara,TPV01-GUA,Rocio Vargas,rocio.vargas62@correo.mx,4939,MASTERCARD,63.92,MXN,APROBADA,CHIP,N
TRX0001650,2026-06-24 06:51:41,Super Nortenio,Supermercado,Monterrey,TPV02-MON,Ivan Mendoza,ivan.mendoza21@correo.mx,2908,MASTERCARD,949.06,MXN,APROBADA,MANUAL,N
TRX0001651,2026-03-24 19:44:06,CAFE AURORA,restaurante,Guadalajara,TPV04-GUA,Hector Delgado,hector.delgado137@correo.mx,3321,AMEX,98.79,MXN,APROBADA,MANUAL,N
TRX0001652,2026-02-13 13:02:54,Farmacia del Sol ,farmacia,Ciudad de Mexico,TPV02-CIU,Patricia Delgado,patricia.delgado167@correo.mx,8972,VISA,121.64,MXN,APROBADA,MANUAL,N
TRX0001653,2026-06-06 18:07:23,FARMACIA DEL SOL,FARM,Ciudad de Mexico,TPV02-CIU,Rocio Cortes,rocio.cortes103@correo.mx,8270,VISA,241.71,MXN,APROBADA,CONTACTLESS,N
TRX0001654,2026-01-06 09:12:59,Boutique Iris,Ropa,Ciudad de Mexico,TPV02-CIU,Sofia Salazar,sofia.salazar136@correo.mx,7202,AMEX,1322.58,MXN,APROBADA,QR,N
TRX0001655,2026-01-17 21:18:32,FARMACIA DEL SOL,FARM,Ciudad de Mexico,TPV02-CIU,Raul Delgado,raul.delgado122@correo.mx,1413,VISA,811.17,MXN,REVERSADA,QR,N
TRX0001656,2026-01-15 13:41:43,Farmacia del Sol,farmacia,Ciudad de Mexico,TPV02-CIU,Carmen Rivas,carmen.rivas139@correo.mx,4822,AMEX,820.52,MXN,APROBADA,BANDA,N
TRX0001657,2026-06-10 06:32:01,FARMACIA DEL SOL,farmacia,Ciudad de Mexico,TPV02-CIU,Ana Rivas,ana.rivas117@correo.mx,2975,MASTERCARD,895.14,MXN,APROBADA,CHIP,N
TRX0001658,2026-04-29 19:55:06,Farmacia del Sol,farmacia,Ciudad de Mexico,TPV02-CIU,Ana Rivas,ana.rivas117@correo.mx,2975,MASTERCARD,589.99,MXN,APROBADA,QR,N
TRX0001659,2026-01-31 15:45:58,SUPER NORTENO,SUPER,Monterrey,TPV01-MON,Teresa Gonzalez,teresa.gonzalez24@correo.mx,8230,VISA,3330.05,MXN,REVERSADA,BANDA,N
TRX0001660,2026-05-10 13:26:41,BOUTIQUE IRIS,VESTIMENTA,Ciudad de Mexico,TPV03-CIU,Sofia Nunez,sofia.nunez56@correo.mx,5954,AMEX,664.93,MXN,APROBADA,QR,N
TRX0001661,2026-03-26 08:57:29,CAFE AURORA,restaurante,Guadalajara,TPV03-GUA,Raul Vargas,raul.vargas22@correo.mx,8824,AMEX,473.36,MXN,APROBADA,BANDA,N
TRX0001662,2026-01-16 14:37:12,Boutique Iris,ropa,Ciudad de Mexico,TPV03-CIU,Jorge Gonzalez,jorge.gonzalez138@correo.mx,4950,AMEX,480.67,MXN,RECHAZADA,MANUAL,N
TRX0001663,2026-06-10 07:42:20,Super Nortenio,supermercado,Monterrey,TPV02-MON,Ana Ramirez,ana.ramirez100@correo.mx,7540,MASTERCARD,1143.28,MXN,APROBADA,CHIP,N
TRX0001664,2026-02-01 21:25:01,Farmacia del Sol ,farmacia,Ciudad de Mexico,TPV03-CIU,Elena Ramirez,elena.ramirez4@correo.mx,8580,VISA,876.4,MXN,APROBADA,QR,N
TRX0001665,2026-01-30 20:23:06,VIAJES ALTAMAR,Viajes,Cancun,TPV01-CAN,Patricia Gonzalez,patricia.gonzalez127@correo.mx,4793,VISA,39774.52,MXN,RECHAZADA,CONTACTLESS,N
TRX0001666,2026-03-11 13:05:21,SUPER NORTENO,Supermercado,Monterrey,TPV03-MON,Rocio Zamora,rocio.zamora104@correo.mx,6783,MASTERCARD,2624.95,MXN,APROBADA,CONTACTLESS,N
TRX0001667,2026-06-09 07:22:59,Super Nortenio,Supermercado,Monterrey,TPV04-MON,Hector Mendoza,hector.mendoza10@correo.mx,6846,VISA,1091.2,MXN,REVERSADA,MANUAL,N
TRX0001668,2026-06-29 07:42:13,Gasolinera Km 12,Combustible,Puebla,TPV03-PUE,Carmen Vargas,carmen.vargas161@correo.mx,3446,MASTERCARD,762.85,MXN,APROBADA,QR,N
TRX0001669,2026-01-30 21:19:49,GASOLINERA KM 12,combustible,Puebla,TPV01-PUE,Fernando Mendoza,fernando.mendoza109@correo.mx,1447,AMEX,820.66,MXN,APROBADA,BANDA,N
TRX0001670,2026-05-08 10:30:38,Gasolinera Km 12,combustible,Puebla,TPV02-PUE,Raul Delgado,raul.delgado169@correo.mx,7678,VISA,1055.79,MXN,APROBADA,MANUAL,N
TRX0001671,2026-01-23 12:32:23,SUPER NORTENO,SUPER,Monterrey,TPV03-MON,Miguel Trejo,miguel.trejo115@correo.mx,2634,VISA,3105.69,MXN,APROBADA,BANDA,N
TRX0001672,2026-05-14 06:08:26,SUPER NORTENO,Supermercado,Monterrey,TPV04-MON,Rocio Vargas,rocio.vargas62@correo.mx,4939,MASTERCARD,2988.44,MXN,RECHAZADA,QR,N
TRX0001673,2026-03-04 06:43:13,Cafe Aurora,Restaurante,Guadalajara,TPV02-GUA,Elena Zamora,elena.zamora16@correo.mx,2698,VISA,131.37,MXN,APROBADA,BANDA,N
TRX0001674,2026-06-01 10:27:38,ELECTRO MAYA,ELECTRO,Merida,TPV04-MER,Sofia Nunez,sofia.nunez56@correo.mx,5954,AMEX,9362.05,MXN,APROBADA,BANDA,N
TRX0001675,2026-02-02 10:57:53,Super Norteno,Supermercado,Monterrey,TPV03-MON,Carmen Ramirez,carmen.ramirez111@correo.mx,1829,VISA,772.15,MXN,RECHAZADA,CONTACTLESS,N
TRX0001676,2026-02-01 08:32:02,Boutique Iris,ropa,Ciudad de Mexico,TPV04-CIU,Raul Rivas,raul.rivas123@correo.mx,5837,MASTERCARD,1208.06,MXN,APROBADA,CONTACTLESS,N
TRX0001677,2026-06-27 08:04:23,SUPER NORTENO,supermercado,Monterrey,TPV01-MON,Rocio Herrera,rocio.herrera165@correo.mx,6020,VISA,3170.26,MXN,APROBADA,BANDA,N
TRX0001678,2026-06-01 13:50:59,CAFE AURORA,restaurante,Guadalajara,TPV01-GUA,Carmen Gonzalez,carmen.gonzalez129@correo.mx,1346,MASTERCARD,94.0,MXN,APROBADA,QR,N
TRX0001679,2026-02-19 09:46:07,Super Norteno,Supermercado,Monterrey,TPV04-MON,Carmen Rivas,carmen.rivas139@correo.mx,4822,AMEX,2874.22,MXN,APROBADA,MANUAL,N
TRX0001680,2026-01-01 16:15:41,Farmacia del Sol,farmacia,Ciudad de Mexico,TPV03-CIU,Hector Nunez,hector.nunez38@correo.mx,3109,AMEX,576.88,MXN,APROBADA,CONTACTLESS,N
TRX0001681,2026-01-06 18:55:51,Farmacia del Sol ,farmacia,Ciudad de Mexico,TPV01-CIU,Lucia Delgado,lucia.delgado141@correo.mx,6423,VISA,532.73,MXN,RECHAZADA,BANDA,N
TRX0001682,2026-04-05 14:42:52,FARMACIA DEL SOL,Farmacia,Ciudad de Mexico,TPV03-CIU,Hector Delgado,hector.delgado49@correo.mx,4702,VISA,279.63,MXN,APROBADA,QR,N
TRX0001683,2026-04-21 21:30:05,CAFE AURORA,restaurante,Guadalajara,TPV01-GUA,Rocio Ramirez,rocio.ramirez12@correo.mx,2195,MASTERCARD,68.81,MXN,APROBADA,MANUAL,N
TRX0001684,2026-01-03 19:34:36,Super Nortenio,SUPER,Monterrey,TPV02-MON,Raul Cortes,raul.cortes116@correo.mx,1792,MASTERCARD,3228.26,MXN,APROBADA,QR,N
TRX0001685,2026-04-22 11:32:28,Farmacia del Sol,FARM,Ciudad de Mexico,TPV04-CIU,Miguel Cortes,miguel.cortes97@correo.mx,9422,MASTERCARD,779.67,MXN,APROBADA,BANDA,N
TRX0001686,2026-06-22 12:35:12,Super Nortenio,supermercado,Monterrey,TPV01-MON,Elena Trejo,elena.trejo113@correo.mx,4568,MASTERCARD,890.58,MXN,APROBADA,BANDA,N
TRX0001687,2026-06-09 16:24:42,ELECTRO MAYA,Electronica,Merida,TPV01-MER,Hector Ramirez,hector.ramirez164@correo.mx,4352,MASTERCARD,13148.73,MXN,APROBADA,CONTACTLESS,N
TRX0001688,2026-03-06 15:20:37,SUPER NORTENO,supermercado,Monterrey,TPV02-MON,Rocio Nunez,rocio.nunez173@correo.mx,4285,MASTERCARD,221.47,MXN,APROBADA,BANDA,N
TRX0001689,2026-05-02 20:16:14,Farmacia del Sol ,farmacia,Ciudad de Mexico,TPV01-CIU,Rocio Ramirez,rocio.ramirez94@correo.mx,3489,VISA,610.75,MXN,APROBADA,MANUAL,N
TRX0001690,2026-02-10 18:11:13,Super Norteno,supermercado,Monterrey,TPV04-MON,Luis Ramirez,luis.ramirez58@correo.mx,6479,AMEX,3336.02,MXN,APROBADA,BANDA,N
TRX0001691,2026-06-28 16:14:52,VIAJES ALTAMAR,viajes,Cancun,TPV01-CAN,Rocio Rivas,rocio.rivas87@correo.mx,7957,VISA,37916.9,MXN,APROBADA,MANUAL,N
TRX0001692,2026-01-21 15:56:57,Cafe Aurora,restaurante,Guadalajara,TPV04-GUA,Raul Gonzalez,raul.gonzalez74@correo.mx,9447,VISA,373.68,MXN,APROBADA,QR,N
TRX0001693,2026-06-29 17:07:20,Boutique  Iris,Ropa,Ciudad de Mexico,TPV04-CIU,Hector Mendoza,hector.mendoza71@correo.mx,6093,VISA,5175.09,MXN,APROBADA,BANDA,N
TRX0001694,2026-04-02 14:58:40,Super Norteno,SUPER,Monterrey,TPV04-MON,Teresa Herrera,teresa.herrera35@correo.mx,4201,VISA,3323.87,MXN,RECHAZADA,MANUAL,N
TRX0001695,2026-02-27 07:36:01,Super Nortenio,Supermercado,Monterrey,TPV03-MON,Sofia Nunez,sofia.nunez134@correo.mx,9193,AMEX,1176.68,MXN,RECHAZADA,MANUAL,N
TRX0001696,2026-04-01 09:49:30,Super Norteno,Supermercado,Monterrey,TPV02-MON,Raul Vargas,raul.vargas135@correo.mx,8290,AMEX,1792.2,MXN,APROBADA,MANUAL,N
TRX0001697,2026-03-05 12:02:20,GASOLINERA KM 12,Combustible,Puebla,TPV04-PUE,Sofia Nunez,sofia.nunez56@correo.mx,5954,AMEX,322.68,MXN,APROBADA,CHIP,N
TRX0001698,2026-01-02 20:21:25,Farmacia del Sol ,FARM,Ciudad de Mexico,TPV02-CIU,Fernando Zamora,fernando.zamora156@correo.mx,3541,MASTERCARD,877.19,MXN,APROBADA,QR,N
TRX0001699,2026-05-02 20:23:43,Super Norteno,supermercado,Monterrey,TPV03-MON,Raul Mendoza,raul.mendoza30@correo.mx,7314,MASTERCARD,1690.68,MXN,REVERSADA,MANUAL,N
TRX0001700,2026-05-26 13:25:30,Super Norteno,Supermercado,Monterrey,TPV03-MON,Elena Cortes,elena.cortes68@correo.mx,5599,AMEX,1775.88,MXN,RECHAZADA,BANDA,N
TRX0001701,2026-04-24 19:15:52,Boutique  Iris,VESTIMENTA,Ciudad de Mexico,TPV03-CIU,Jorge Herrera,jorge.herrera112@correo.mx,5612,MASTERCARD,857.94,MXN,APROBADA,QR,N
TRX0001702,2026-04-26 09:25:51,SUPER NORTENO,supermercado,Monterrey,TPV03-MON,Teresa Mendoza,teresa.mendoza55@correo.mx,6130,MASTERCARD,1965.91,MXN,APROBADA,MANUAL,N
TRX0001703,2026-06-17 18:07:14,CAFE AURORA,Restaurante,Guadalajara,TPV03-GUA,Jorge Vargas,jorge.vargas86@correo.mx,5040,MASTERCARD,92.0,MXN,REVERSADA,QR,N
TRX0001704,2026-03-19 10:54:47,FARMACIA DEL SOL,farmacia,Ciudad de Mexico,TPV01-CIU,Carmen Herrera,carmen.herrera176@correo.mx,1605,VISA,867.62,MXN,APROBADA,QR,N
TRX0001705,2026-01-07 07:13:54,GASOLINERA KM 12,Combustible,Puebla,TPV04-PUE,Lucia Zamora,lucia.zamora108@correo.mx,3262,MASTERCARD,1737.58,MXN,RECHAZADA,MANUAL,N
TRX0001706,2026-04-06 12:30:15,Boutique  Iris,VESTIMENTA,Ciudad de Mexico,TPV04-CIU,Luis Ramirez,luis.ramirez39@correo.mx,8712,VISA,2677.55,MXN,APROBADA,MANUAL,N
TRX0001707,2026-05-19 13:21:06,Super Norteno,Supermercado,Monterrey,TPV03-MON,Raul Vargas,raul.vargas22@correo.mx,8824,AMEX,458.77,MXN,APROBADA,CHIP,N
TRX0001708,2026-01-02 21:00:46,FARMACIA DEL SOL,FARM,Ciudad de Mexico,TPV03-CIU,Raul Delgado,raul.delgado105@correo.mx,6357,VISA,150.09,MXN,APROBADA,CONTACTLESS,N
TRX0001709,2026-04-24 15:28:33,FARMACIA DEL SOL,farmacia,Ciudad de Mexico,TPV04-CIU,Teresa Rivas,teresa.rivas25@correo.mx,6114,AMEX,402.17,MXN,APROBADA,QR,N
TRX0001710,2026-04-18 16:00:33,Super Nortenio,Supermercado,Monterrey,TPV01-MON,Carmen Nunez,carmen.nunez31@correo.mx,2556,AMEX,1805.73,MXN,APROBADA,CHIP,N
TRX0001711,2026-03-12 13:08:40,Gasolinera Km 12,Combustible,Puebla,TPV04-PUE,Miguel Delgado,miguel.delgado42@correo.mx,7456,VISA,435.18,MXN,APROBADA,CHIP,N
TRX0001712,2026-05-08 07:24:45,CAFE AURORA,restaurante,Guadalajara,TPV04-GUA,Elena Delgado,elena.delgado149@correo.mx,9248,MASTERCARD,97.67,MXN,APROBADA,BANDA,N
TRX0001713,2026-06-18 06:52:43,Electro Maya,Electronica,Merida,TPV03-MER,Jorge Herrera,jorge.herrera112@correo.mx,5612,MASTERCARD,21680.09,MXN,APROBADA,CONTACTLESS,N
TRX0001714,2026-02-25 14:27:11,GASOLINERA KM 12,Combustible,Puebla,TPV01-PUE,Ivan Nunez,ivan.nunez88@correo.mx,1309,MASTERCARD,1777.79,MXN,APROBADA,QR,N
TRX0001715,2026-02-25 08:09:50,Farmacia del Sol,FARM,Ciudad de Mexico,TPV04-CIU,Lucia Herrera,lucia.herrera11@correo.mx,1104,VISA,652.95,MXN,APROBADA,CONTACTLESS,N
TRX0001716,2026-04-30 07:02:44,Super Norteno,supermercado,Monterrey,TPV04-MON,Elena Cortes,elena.cortes68@correo.mx,5599,AMEX,2638.37,MXN,RECHAZADA,MANUAL,N
TRX0001717,2026-03-18 21:52:53,Cafe Aurora,restaurante,Guadalajara,TPV04-GUA,Miguel Cortes,miguel.cortes97@correo.mx,9422,MASTERCARD,271.31,MXN,APROBADA,CONTACTLESS,N
TRX0001718,2026-06-28 08:20:49,FARMACIA DEL SOL,farmacia,Ciudad de Mexico,TPV04-CIU,Lucia Herrera,lucia.herrera11@correo.mx,1104,VISA,872.43,MXN,RECHAZADA,CHIP,N
TRX0001719,2026-04-02 19:33:05,Cafe Aurora,restaurante,Guadalajara,TPV03-GUA,Raul Vargas,raul.vargas22@correo.mx,8824,AMEX,422.74,MXN,APROBADA,BANDA,N
TRX0001720,2026-03-26 09:05:25,SUPER NORTENO,SUPER,Monterrey,TPV03-MON,Patricia Mendoza,patricia.mendoza140@correo.mx,8731,VISA,1307.61,MXN,RECHAZADA,BANDA,N
TRX0001721,2026-01-12 21:44:25,Electro Maya,electronica,Merida,TPV04-MER,Lucia Trejo,lucia.trejo92@correo.mx,3905,MASTERCARD,14921.63,MXN,REVERSADA,QR,N
TRX0001722,2026-02-20 12:53:53,Super Norteno,SUPER,Monterrey,TPV03-MON,Rocio Salazar,rocio.salazar98@correo.mx,9662,VISA,3104.52,MXN,APROBADA,QR,N
TRX0001723,2026-01-03 20:27:08,Super Nortenio,supermercado,Monterrey,TPV01-MON,Luis Salazar,luis.salazar75@correo.mx,4376,MASTERCARD,2091.16,MXN,APROBADA,CHIP,N
TRX0001724,2026-05-27 08:57:59,Super Norteno,supermercado,Monterrey,TPV03-MON,Elena Gonzalez,elena.gonzalez143@correo.mx,1660,MASTERCARD,675.0,MXN,APROBADA,QR,N
TRX0001725,2026-06-09 10:35:12,Farmacia del Sol ,FARM,Ciudad de Mexico,TPV04-CIU,Ana Salazar,ana.salazar102@correo.mx,3316,AMEX,691.78,MXN,RECHAZADA,BANDA,N
TRX0001726,2026-06-05 18:16:36,Super Nortenio,SUPER,Monterrey,TPV02-MON,Fernando Gonzalez,fernando.gonzalez14@correo.mx,4950,MASTERCARD,2252.73,MXN,APROBADA,BANDA,N
TRX0001727,2026-06-02 16:23:13,Viajes Altamar,Viajes,Cancun,TPV01-CAN,Teresa Mendoza,teresa.mendoza55@correo.mx,6130,MASTERCARD,19031.5,MXN,APROBADA,MANUAL,N
TRX0001728,2026-04-19 12:54:05,Super Nortenio,Supermercado,Monterrey,TPV02-MON,Ivan Gonzalez,ivan.gonzalez41@correo.mx,2888,AMEX,1196.99,MXN,APROBADA,CHIP,N
TRX0001729,2026-02-26 19:56:26,Super Nortenio,Supermercado,Monterrey,TPV02-MON,Carmen Mendoza,carmen.mendoza95@correo.mx,6566,AMEX,1142.94,MXN,APROBADA,QR,N
TRX0001730,2026-04-27 11:12:04,GASOLINERA KM 12,combustible,Puebla,TPV03-PUE,Elena Ramirez,elena.ramirez61@correo.mx,8246,AMEX,1683.31,MXN,APROBADA,MANUAL,N
TRX0001731,2026-06-01 16:48:46,Boutique Iris,Ropa,Ciudad de Mexico,TPV04-CIU,Carmen Vargas,carmen.vargas161@correo.mx,3446,MASTERCARD,4858.76,MXN,APROBADA,CHIP,N
TRX0001732,2026-05-22 21:12:38,Super Norteno,supermercado,Monterrey,TPV02-MON,Carmen Mendoza,carmen.mendoza95@correo.mx,6566,AMEX,669.05,MXN,APROBADA,CHIP,N
TRX0001733,2026-01-23 16:06:12,FARMACIA DEL SOL,FARM,Ciudad de Mexico,TPV03-CIU,Rocio Zamora,rocio.zamora104@correo.mx,6783,MASTERCARD,464.01,MXN,RECHAZADA,CONTACTLESS,N
TRX0001734,2026-06-27 17:25:21,Boutique Iris,Ropa,Ciudad de Mexico,TPV03-CIU,Jorge Vargas,jorge.vargas86@correo.mx,5040,MASTERCARD,4177.81,MXN,APROBADA,QR,N
TRX0001735,2026-05-22 17:59:50,GASOLINERA KM 12,combustible,Puebla,TPV02-PUE,Fernando Nunez,fernando.nunez145@correo.mx,8489,AMEX,1375.42,MXN,APROBADA,CHIP,N
TRX0001736,2026-04-07 16:25:52,SUPER NORTENO,Supermercado,Monterrey,TPV02-MON,Carmen Rivas,carmen.rivas139@correo.mx,4822,AMEX,1706.67,MXN,APROBADA,CONTACTLESS,N
TRX0001737,2026-03-11 17:31:02,Gasolinera Km 12,combustible,Puebla,TPV04-PUE,Raul Vargas,raul.vargas37@correo.mx,5573,AMEX,465.23,MXN,APROBADA,QR,N
TRX0001738,2026-04-19 06:13:57,Super Norteno,Supermercado,Monterrey,TPV03-MON,Lucia Delgado,lucia.delgado120@correo.mx,1162,AMEX,2014.79,MXN,APROBADA,CHIP,N
TRX0001739,2026-01-07 13:53:17,CAFE AURORA,Restaurante,Guadalajara,TPV03-GUA,Sofia Nunez,sofia.nunez134@correo.mx,8835,VISA,65.61,MXN,APROBADA,BANDA,N
TRX0001740,2026-04-11 18:53:42,Gasolinera Km 12,combustible,Puebla,TPV02-PUE,Jorge Rivas,jorge.rivas128@correo.mx,7387,MASTERCARD,556.77,MXN,RECHAZADA,CHIP,N
TRX0001741,2026-01-28 09:12:17,Cafe Aurora,Restaurante,Guadalajara,TPV01-GUA,Raul Delgado,raul.delgado122@correo.mx,1413,VISA,158.62,MXN,APROBADA,BANDA,N
TRX0001742,2026-06-27 10:06:00,Farmacia del Sol ,farmacia,Ciudad de Mexico,TPV04-CIU,Elena Vargas,elena.vargas89@correo.mx,5689,VISA,246.6,MXN,REVERSADA,CONTACTLESS,N
TRX0001743,2026-06-12 20:56:08,Cafe Aurora,restaurante,Guadalajara,TPV03-GUA,Teresa Rivas,teresa.rivas6@correo.mx,1505,MASTERCARD,131.84,MXN,APROBADA,BANDA,N
TRX0001744,2026-03-01 07:22:20,Gasolinera Km 12,combustible,Puebla,TPV04-PUE,Teresa Herrera,teresa.herrera35@correo.mx,4201,VISA,1518.75,MXN,APROBADA,QR,N
TRX0001745,2026-06-04 06:46:37,Cafe Aurora,restaurante,Guadalajara,TPV03-GUA,Jorge Nunez,jorge.nunez121@correo.mx,1683,AMEX,392.2,MXN,APROBADA,MANUAL,N
TRX0001746,2026-05-17 12:26:10,BOUTIQUE IRIS,Ropa,Ciudad de Mexico,TPV01-CIU,Jorge Herrera,jorge.herrera112@correo.mx,5612,MASTERCARD,3791.24,MXN,APROBADA,MANUAL,N
TRX0001747,2026-02-09 15:50:46,GASOLINERA KM 12,combustible,Puebla,TPV03-PUE,Ana Herrera,ana.herrera83@correo.mx,1387,MASTERCARD,1111.95,MXN,REVERSADA,CHIP,N
TRX0001748,2026-06-08 16:15:19,Boutique  Iris,ropa,Ciudad de Mexico,TPV01-CIU,Luis Ramirez,luis.ramirez58@correo.mx,6479,AMEX,724.61,MXN,APROBADA,BANDA,N
TRX0001749,2026-04-22 14:19:44,BOUTIQUE IRIS,VESTIMENTA,Ciudad de Mexico,TPV02-CIU,Raul Rivas,raul.rivas123@correo.mx,5837,MASTERCARD,4748.31,MXN,APROBADA,MANUAL,N
TRX0001750,2026-05-04 16:55:43,Cafe Aurora,Restaurante,Guadalajara,TPV01-GUA,Elena Zamora,elena.zamora16@correo.mx,2698,VISA,430.22,MXN,REVERSADA,MANUAL,N
TRX0001751,2026-01-12 09:59:10,Super Norteno,SUPER,Monterrey,TPV03-MON,Miguel Ramirez,miguel.ramirez132@correo.mx,5849,MASTERCARD,2163.44,MXN,APROBADA,CHIP,N
TRX0001752,2026-03-07 07:57:04,FARMACIA DEL SOL,FARM,Ciudad de Mexico,TPV02-CIU,Patricia Vargas,patricia.vargas26@correo.mx,4933,VISA,843.64,MXN,REVERSADA,CHIP,N
TRX0001753,2026-01-16 07:47:23,Electro Maya,Electronica,Merida,TPV01-MER,Luis Herrera,luis.herrera5@correo.mx,3036,MASTERCARD,23521.27,MXN,APROBADA,QR,N
TRX0001754,2026-05-23 09:55:16,Super Norteno,Supermercado,Monterrey,TPV01-MON,Ana Delgado,ana.delgado171@correo.mx,1786,AMEX,704.36,MXN,RECHAZADA,MANUAL,N
TRX0001755,2026-02-26 15:27:36,SUPER NORTENO,SUPER,Monterrey,TPV02-MON,Rocio Ramirez,rocio.ramirez94@correo.mx,3489,VISA,1422.6,MXN,APROBADA,QR,N
TRX0001756,2026-04-10 19:56:08,Super Norteno,supermercado,Monterrey,TPV02-MON,Patricia Mendoza,patricia.mendoza140@correo.mx,5378,VISA,1106.68,MXN,APROBADA,BANDA,N
TRX0001757,2026-04-19 14:05:49,Cafe Aurora,Restaurante,Guadalajara,TPV03-GUA,Jorge Vargas,jorge.vargas40@correo.mx,2316,AMEX,281.58,MXN,APROBADA,QR,N
TRX0001758,2026-04-06 16:21:56,Super Nortenio,SUPER,Monterrey,TPV04-MON,Jorge Vargas,jorge.vargas40@correo.mx,2316,AMEX,604.58,MXN,APROBADA,MANUAL,N
TRX0001759,2026-02-08 16:21:08,Super Nortenio,SUPER,Monterrey,TPV04-MON,Rocio Nunez,rocio.nunez173@correo.mx,4285,MASTERCARD,593.57,MXN,APROBADA,QR,N
TRX0001760,2026-03-10 21:43:49,CAFE AURORA,Restaurante,Guadalajara,TPV01-GUA,Ana Rivas,ana.rivas117@correo.mx,2975,MASTERCARD,299.61,MXN,REVERSADA,CONTACTLESS,N
TRX0001761,2026-03-11 17:50:24,Super Nortenio,SUPER,Monterrey,TPV02-MON,Raul Nunez,raul.nunez70@correo.mx,2085,VISA,1992.06,MXN,APROBADA,CHIP,N
TRX0001762,2026-01-11 20:27:24,Super Nortenio,Supermercado,Monterrey,TPV02-MON,Rocio Ramirez,rocio.ramirez12@correo.mx,2195,MASTERCARD,1726.45,MXN,APROBADA,BANDA,N
TRX0001763,2026-02-24 06:01:03,Super Norteno,SUPER,Monterrey,TPV03-MON,Luis Salazar,luis.salazar75@correo.mx,4376,MASTERCARD,1614.49,MXN,APROBADA,CHIP,N
TRX0001764,2026-06-09 13:02:33,FARMACIA DEL SOL,FARM,Ciudad de Mexico,TPV04-CIU,Elena Ramirez,elena.ramirez4@correo.mx,8580,VISA,696.31,MXN,APROBADA,CHIP,N
TRX0001765,2026-05-24 06:28:55,BOUTIQUE IRIS,Ropa,Ciudad de Mexico,TPV03-CIU,Rocio Zamora,rocio.zamora85@correo.mx,2544,AMEX,5927.43,MXN,APROBADA,BANDA,N
TRX0001766,2026-05-12 20:26:50,Boutique Iris,ropa,Ciudad de Mexico,TPV03-CIU,Patricia Rivas,patricia.rivas157@correo.mx,8006,VISA,4384.42,MXN,APROBADA,CHIP,N
TRX0001767,2026-04-10 06:06:26,SUPER NORTENO,SUPER,Monterrey,TPV01-MON,Fernando Cortes,fernando.cortes170@correo.mx,6842,AMEX,1647.16,MXN,REVERSADA,CHIP,N
TRX0001768,2026-03-25 18:55:22,Boutique  Iris,Ropa,Ciudad de Mexico,TPV03-CIU,Lucia Vargas,lucia.vargas7@correo.mx,3320,MASTERCARD,4131.23,MXN,REVERSADA,QR,N
TRX0001769,2026-04-02 19:33:47,Boutique Iris,VESTIMENTA,Ciudad de Mexico,TPV04-CIU,Teresa Mendoza,teresa.mendoza159@correo.mx,6739,VISA,4888.39,MXN,APROBADA,QR,N
TRX0001770,2026-03-03 18:22:40,Viajes Altamar,viajes,Cancun,TPV04-CAN,Sofia Ramirez,sofia.ramirez84@correo.mx,1287,MASTERCARD,13584.62,MXN,APROBADA,CONTACTLESS,N
TRX0001771,2026-04-30 13:53:21,Super Nortenio,SUPER,Monterrey,TPV01-MON,Lucia Delgado,lucia.delgado120@correo.mx,1162,AMEX,3293.22,MXN,APROBADA,MANUAL,N
TRX0001772,2026-06-10 13:39:55,SUPER NORTENO,SUPER,Monterrey,TPV04-MON,Sofia Rivas,sofia.rivas93@correo.mx,4177,VISA,2085.43,MXN,APROBADA,BANDA,N
TRX0001773,2026-05-21 18:08:03,CAFE AURORA,Restaurante,Guadalajara,TPV02-GUA,Rocio Zamora,rocio.zamora85@correo.mx,2544,AMEX,298.65,MXN,APROBADA,BANDA,N
TRX0001774,2026-04-16 18:15:31,GASOLINERA KM 12,Combustible,Puebla,TPV02-PUE,Miguel Ramirez,miguel.ramirez132@correo.mx,5849,MASTERCARD,1045.61,MXN,APROBADA,BANDA,N
TRX0001775,2026-02-21 11:23:37,Gasolinera Km 12,Combustible,Puebla,TPV02-PUE,Miguel Herrera,miguel.herrera166@correo.mx,4697,AMEX,1278.82,MXN,APROBADA,QR,N
TRX0001776,2026-03-17 08:33:59,Super Norteno,supermercado,Monterrey,TPV04-MON,Carmen Nunez,carmen.nunez31@correo.mx,2556,AMEX,1521.95,MXN,APROBADA,MANUAL,N
TRX0001777,2026-01-04 06:56:05,CAFE AURORA,Restaurante,Guadalajara,TPV03-GUA,Fernando Nunez,fernando.nunez145@correo.mx,8489,AMEX,80.16,MXN,RECHAZADA,CHIP,N
TRX0001778,2026-03-14 07:45:53,FARMACIA DEL SOL,FARM,Ciudad de Mexico,TPV03-CIU,Elena Vargas,elena.vargas89@correo.mx,5689,VISA,363.23,MXN,APROBADA,CONTACTLESS,N
TRX0001779,2026-05-13 13:34:09,ELECTRO MAYA,ELECTRO,Merida,TPV03-MER,Lucia Vargas,lucia.vargas64@correo.mx,5333,VISA,19358.62,MXN,REVERSADA,QR,N
TRX0001780,2026-06-08 12:53:10,Cafe Aurora,Restaurante,Guadalajara,TPV04-GUA,Jorge Gonzalez,jorge.gonzalez2@correo.mx,4837,AMEX,404.94,MXN,APROBADA,BANDA,S
TRX0001781,2026-04-09 09:49:48,Gasolinera Km 12,Combustible,Puebla,TPV02-PUE,Jorge Nunez,jorge.nunez29@correo.mx,5067,AMEX,1087.4,MXN,RECHAZADA,CONTACTLESS,N
TRX0001782,2026-02-20 13:11:26,CAFE AURORA,restaurante,Guadalajara,TPV02-GUA,Sofia Delgado,sofia.delgado119@correo.mx,1778,AMEX,411.55,MXN,APROBADA,MANUAL,N
TRX0001783,2026-05-08 21:22:52,Gasolinera Km 12,combustible,Puebla,TPV04-PUE,Patricia Nunez,patricia.nunez52@correo.mx,8415,VISA,797.19,MXN,APROBADA,CONTACTLESS,N
TRX0001784,2026-01-18 12:06:24,CAFE AURORA,Restaurante,Guadalajara,TPV02-GUA,Lucia Ramirez,lucia.ramirez43@correo.mx,2509,VISA,459.85,MXN,APROBADA,BANDA,N
TRX0001785,2026-06-21 14:56:56,FARMACIA DEL SOL,FARM,Ciudad de Mexico,TPV02-CIU,Miguel Nunez,miguel.nunez82@correo.mx,8132,AMEX,179.22,MXN,APROBADA,QR,N
TRX0001786,2026-01-18 08:55:46,Gasolinera Km 12,Combustible,Puebla,TPV02-PUE,Jorge Nunez,jorge.nunez121@correo.mx,3221,AMEX,1356.48,MXN,APROBADA,MANUAL,N
TRX0001787,2026-03-26 06:44:07,Cafe Aurora,restaurante,Guadalajara,TPV01-GUA,Lucia Trejo,lucia.trejo32@correo.mx,7972,AMEX,471.76,MXN,APROBADA,BANDA,N
TRX0001788,2026-01-28 08:59:37,Gasolinera Km 12,Combustible,Puebla,TPV04-PUE,Ana Rivas,ana.rivas117@correo.mx,2975,MASTERCARD,349.71,MXN,RECHAZADA,CHIP,N
TRX0001789,2026-06-27 10:04:08,Super Nortenio,supermercado,Monterrey,TPV02-MON,Ana Ramirez,ana.ramirez100@correo.mx,7772,VISA,2057.65,MXN,APROBADA,QR,N
TRX0001790,2026-06-08 16:44:05,Gasolinera Km 12,combustible,Puebla,TPV03-PUE,Rocio Salazar,rocio.salazar15@correo.mx,4224,MASTERCARD,1726.59,MXN,APROBADA,QR,N
TRX0001791,2026-02-03 20:45:05,Cafe Aurora,Restaurante,Guadalajara,TPV01-GUA,Patricia Gonzalez,patricia.gonzalez33@correo.mx,8690,AMEX,223.31,MXN,APROBADA,MANUAL,N
TRX0001792,2026-05-23 18:10:34,GASOLINERA KM 12,Combustible,Puebla,TPV02-PUE,Patricia Mendoza,patricia.mendoza140@correo.mx,8731,VISA,526.98,MXN,APROBADA,CONTACTLESS,N
TRX0001793,2026-05-26 16:48:33,Gasolinera Km 12,Combustible,Puebla,TPV03-PUE,Rocio Herrera,rocio.herrera165@correo.mx,6020,VISA,1387.63,MXN,APROBADA,CONTACTLESS,N
TRX0001794,2026-04-04 07:52:39,Viajes Altamar,viajes,Cancun,TPV01-CAN,Ivan Delgado,ivan.delgado59@correo.mx,3851,AMEX,12442.65,MXN,APROBADA,BANDA,N
TRX0001795,2026-01-22 09:21:46,Super Norteno,Supermercado,Monterrey,TPV03-MON,Patricia Ramirez,patricia.ramirez130@correo.mx,8241,AMEX,2418.81,MXN,APROBADA,CHIP,N
TRX0001796,2026-05-23 07:23:39,Boutique  Iris,ropa,Ciudad de Mexico,TPV02-CIU,Elena Vargas,elena.vargas89@correo.mx,5689,VISA,3910.6,MXN,APROBADA,CHIP,N
TRX0001797,2026-03-08 10:25:42,SUPER NORTENO,Supermercado,Monterrey,TPV01-MON,Luis Gonzalez,luis.gonzalez18@correo.mx,5494,VISA,2820.54,MXN,REVERSADA,CONTACTLESS,N
TRX0001798,2026-06-01 09:24:20,Farmacia del Sol,farmacia,Ciudad de Mexico,TPV04-CIU,Luis Delgado,luis.delgado150@correo.mx,7838,VISA,674.0,MXN,REVERSADA,BANDA,N
TRX0001799,2026-02-04 14:42:20,CAFE AURORA,restaurante,Guadalajara,TPV01-GUA,Elena Ramirez,elena.ramirez61@correo.mx,8246,AMEX,453.35,MXN,APROBADA,MANUAL,N
TRX0001800,2026-04-26 20:24:07,Farmacia del Sol ,FARM,Ciudad de Mexico,TPV01-CIU,Fernando Herrera,fernando.herrera177@correo.mx,7418,VISA,209.99,MXN,APROBADA,MANUAL,N
TRX0001801,2026-03-01 21:20:00,Super Nortenio,Supermercado,Monterrey,TPV02-MON,Teresa Mendoza,teresa.mendoza159@correo.mx,6739,VISA,2435.94,MXN,REVERSADA,BANDA,N
TRX0001802,2026-05-26 12:24:13,GASOLINERA KM 12,Combustible,Puebla,TPV01-PUE,Raul Mendoza,raul.mendoza90@correo.mx,1177,AMEX,932.7,MXN,APROBADA,MANUAL,N
TRX0001803,2026-05-16 11:18:35,Farmacia del Sol,farmacia,Ciudad de Mexico,TPV01-CIU,Teresa Mendoza,teresa.mendoza55@correo.mx,6130,MASTERCARD,578.12,MXN,REVERSADA,BANDA,N
TRX0001804,2026-06-08 14:21:23,CAFE AURORA,Restaurante,Guadalajara,TPV03-GUA,Elena Gonzalez,elena.gonzalez143@correo.mx,1660,MASTERCARD,276.28,MXN,REVERSADA,CONTACTLESS,N
TRX0001805,2026-06-28 14:34:20,Super Nortenio,Supermercado,Monterrey,TPV02-MON,Miguel Trejo,miguel.trejo115@correo.mx,2634,VISA,2927.06,MXN,APROBADA,QR,N
TRX0001806,2026-04-01 17:13:52,Super Norteno,supermercado,Monterrey,TPV03-MON,Rocio Zamora,rocio.zamora85@correo.mx,2544,AMEX,1733.83,MXN,APROBADA,QR,N
TRX0001807,2026-02-26 13:59:24,CAFE AURORA,Restaurante,Guadalajara,TPV01-GUA,Patricia Vargas,patricia.vargas26@correo.mx,4933,VISA,434.37,MXN,APROBADA,CHIP,N
TRX0001808,2026-04-01 19:23:26,Farmacia del Sol,Farmacia,Ciudad de Mexico,TPV04-CIU,Carmen Nunez,carmen.nunez31@correo.mx,6697,VISA,253.22,MXN,APROBADA,CHIP,N
TRX0001809,2026-06-27 09:04:52,SUPER NORTENO,Supermercado,Monterrey,TPV04-MON,Raul Delgado,raul.delgado122@correo.mx,1413,VISA,1627.18,MXN,REVERSADA,MANUAL,N
TRX0001810,2026-06-20 06:58:31,Gasolinera Km 12,Combustible,Puebla,TPV03-PUE,Ana Salazar,ana.salazar102@correo.mx,3316,AMEX,658.39,MXN,APROBADA,CHIP,N
TRX0001811,2026-04-11 13:13:57,Farmacia del Sol,FARM,Ciudad de Mexico,TPV02-CIU,Patricia Mendoza,patricia.mendoza107@correo.mx,8089,MASTERCARD,882.79,MXN,APROBADA,CONTACTLESS,N
TRX0001812,2026-06-29 11:04:10,Gasolinera Km 12,Combustible,Puebla,TPV04-PUE,Raul Delgado,raul.delgado142@correo.mx,4207,AMEX,1106.05,MXN,APROBADA,CONTACTLESS,N
TRX0001813,2026-06-02 19:13:19,GASOLINERA KM 12,combustible,Puebla,TPV04-PUE,Jorge Delgado,jorge.delgado66@correo.mx,7754,VISA,1714.68,MXN,APROBADA,CONTACTLESS,N
TRX0001814,2026-05-05 10:00:19,Cafe Aurora,Restaurante,Guadalajara,TPV04-GUA,Miguel Delgado,miguel.delgado23@correo.mx,3807,VISA,258.44,MXN,APROBADA,CHIP,N
TRX0001815,2026-05-25 18:21:16,GASOLINERA KM 12,combustible,Puebla,TPV02-PUE,Ana Rivas,ana.rivas117@correo.mx,2975,MASTERCARD,589.81,MXN,RECHAZADA,MANUAL,N
TRX0001816,2026-02-08 17:34:28,Farmacia del Sol ,farmacia,Ciudad de Mexico,TPV04-CIU,Elena Ramirez,elena.ramirez144@correo.mx,3433,VISA,133.33,MXN,APROBADA,BANDA,N
TRX0001817,2026-02-06 21:53:04,Viajes Altamar,Viajes,Cancun,TPV04-CAN,Rocio Zamora,rocio.zamora85@correo.mx,2544,AMEX,5832.31,MXN,REVERSADA,CHIP,N
TRX0001818,2026-05-06 07:07:24,BOUTIQUE IRIS,Ropa,Ciudad de Mexico,TPV03-CIU,Sofia Salazar,sofia.salazar136@correo.mx,2952,AMEX,5106.3,MXN,APROBADA,QR,N
TRX0001819,2026-04-02 12:08:16,Gasolinera Km 12,Combustible,Puebla,TPV03-PUE,Ivan Gonzalez,ivan.gonzalez41@correo.mx,2888,AMEX,660.34,MXN,APROBADA,CONTACTLESS,N
TRX0001820,2026-04-14 17:57:23,SUPER NORTENO,Supermercado,Monterrey,TPV02-MON,Sofia Salazar,sofia.salazar136@correo.mx,7202,AMEX,3089.22,MXN,APROBADA,QR,N
TRX0001821,2026-01-30 17:46:54,Farmacia del Sol,Farmacia,Ciudad de Mexico,TPV01-CIU,Raul Delgado,raul.delgado142@correo.mx,4207,AMEX,481.03,MXN,APROBADA,CHIP,N
TRX0001822,2026-02-25 07:44:01,Gasolinera Km 12,combustible,Puebla,TPV03-PUE,Lucia Gonzalez,lucia.gonzalez96@correo.mx,7074,VISA,712.79,MXN,REVERSADA,CHIP,N
TRX0001823,2026-06-22 17:19:12,Cafe Aurora,Restaurante,Guadalajara,TPV02-GUA,Raul Delgado,raul.delgado142@correo.mx,4207,AMEX,342.96,MXN,APROBADA,CHIP,N
TRX0001824,2026-05-03 20:55:48,CAFE AURORA,Restaurante,Guadalajara,TPV04-GUA,Sofia Delgado,sofia.delgado119@correo.mx,1778,AMEX,379.78,MXN,APROBADA,MANUAL,N
TRX0001825,2026-06-11 19:15:45,GASOLINERA KM 12,combustible,Puebla,TPV02-PUE,Patricia Delgado,patricia.delgado167@correo.mx,8972,VISA,1532.67,MXN,APROBADA,MANUAL,N
TRX0001826,2026-06-22 17:20:46,Cafe Aurora,Restaurante,Guadalajara,TPV04-GUA,Patricia Mendoza,patricia.mendoza140@correo.mx,5378,VISA,210.76,MXN,APROBADA,CHIP,N
TRX0001827,2026-06-15 06:58:51,Super Norteno,Supermercado,Monterrey,TPV02-MON,Raul Delgado,raul.delgado122@correo.mx,1413,VISA,1974.9,MXN,APROBADA,MANUAL,N
TRX0001828,2026-02-08 11:52:54,Super Nortenio,SUPER,Monterrey,TPV04-MON,Sofia Vargas,sofia.vargas19@correo.mx,1099,MASTERCARD,3361.34,MXN,APROBADA,QR,N
TRX0001829,2026-05-19 10:11:26,Super Nortenio,SUPER,Monterrey,TPV01-MON,Ana Nunez,ana.nunez17@correo.mx,9063,VISA,2710.49,MXN,APROBADA,BANDA,N
TRX0001830,2026-04-16 20:04:23,FARMACIA DEL SOL,Farmacia,Ciudad de Mexico,TPV02-CIU,Patricia Gonzalez,patricia.gonzalez33@correo.mx,8690,AMEX,761.11,MXN,RECHAZADA,BANDA,N
TRX0001831,2026-01-17 07:35:55,Farmacia del Sol,Farmacia,Ciudad de Mexico,TPV02-CIU,Ana Ramirez,ana.ramirez100@correo.mx,7540,MASTERCARD,527.39,MXN,APROBADA,QR,N
TRX0001832,2026-05-27 08:19:52,FARMACIA DEL SOL,Farmacia,Ciudad de Mexico,TPV02-CIU,Rocio Salazar,rocio.salazar15@correo.mx,4224,MASTERCARD,793.93,MXN,RECHAZADA,CHIP,N
TRX0001833,2026-04-09 07:48:58,Super Nortenio,SUPER,Monterrey,TPV02-MON,Raul Vargas,raul.vargas37@correo.mx,5573,AMEX,319.94,MXN,APROBADA,CHIP,N
TRX0001834,2026-05-13 11:35:46,Boutique  Iris,VESTIMENTA,Ciudad de Mexico,TPV03-CIU,Rocio Salazar,rocio.salazar98@correo.mx,9662,VISA,5759.77,MXN,APROBADA,BANDA,N
TRX0001835,2026-03-26 13:03:29,VIAJES ALTAMAR,viajes,Cancun,TPV04-CAN,Lucia Trejo,lucia.trejo32@correo.mx,8092,VISA,8021.94,MXN,APROBADA,CHIP,N
TRX0001836,2026-04-04 06:23:46,SUPER NORTENO,SUPER,Monterrey,TPV03-MON,Fernando Mendoza,fernando.mendoza57@correo.mx,8388,AMEX,1984.4,MXN,APROBADA,MANUAL,N
TRX0001837,2026-02-19 07:07:22,Super Norteno,SUPER,Monterrey,TPV04-MON,Raul Zamora,raul.zamora124@correo.mx,6787,AMEX,599.16,MXN,APROBADA,CHIP,N
TRX0001838,2026-02-04 11:32:30,Super Norteno,SUPER,Monterrey,TPV01-MON,Hector Mendoza,hector.mendoza10@correo.mx,6846,VISA,1845.1,MXN,REVERSADA,QR,N
TRX0001839,2026-04-29 11:23:51,Farmacia del Sol,FARM,Ciudad de Mexico,TPV04-CIU,Ana Vargas,ana.vargas44@correo.mx,1097,AMEX,409.73,MXN,REVERSADA,BANDA,N
TRX0001840,2026-04-10 18:38:03,Electro Maya,electronica,Merida,TPV03-MER,Fernando Nunez,fernando.nunez145@correo.mx,8489,AMEX,6883.72,MXN,RECHAZADA,BANDA,N
TRX0001841,2026-02-11 09:47:02,Super Nortenio,SUPER,Monterrey,TPV02-MON,Raul Vargas,raul.vargas22@correo.mx,8824,AMEX,424.54,MXN,APROBADA,MANUAL,N
TRX0001842,2026-06-13 15:24:52,FARMACIA DEL SOL,farmacia,Ciudad de Mexico,TPV03-CIU,Lucia Gonzalez,lucia.gonzalez96@correo.mx,7074,VISA,760.83,MXN,RECHAZADA,CHIP,N
TRX0001843,2026-02-25 19:50:17,Farmacia del Sol,farmacia,Ciudad de Mexico,TPV03-CIU,Raul Gonzalez,raul.gonzalez179@correo.mx,8333,MASTERCARD,634.07,MXN,RECHAZADA,MANUAL,N
TRX0001844,2026-04-04 09:01:14,Super Norteno,SUPER,Monterrey,TPV02-MON,Elena Ramirez,elena.ramirez61@correo.mx,8246,AMEX,1932.25,MXN,APROBADA,BANDA,N
TRX0001845,2026-01-11 13:24:43,Cafe Aurora,Restaurante,Guadalajara,TPV02-GUA,Carmen Ramirez,carmen.ramirez111@correo.mx,1829,VISA,353.39,MXN,APROBADA,CONTACTLESS,N
TRX0001846,2026-01-18 15:24:28,Farmacia del Sol ,FARM,Ciudad de Mexico,TPV01-CIU,Elena Zamora,elena.zamora178@correo.mx,7623,AMEX,258.51,MXN,REVERSADA,BANDA,N
TRX0001847,2026-04-16 16:32:33,Super Norteno,SUPER,Monterrey,TPV03-MON,Rocio Ramirez,rocio.ramirez12@correo.mx,2195,MASTERCARD,1010.18,MXN,RECHAZADA,BANDA,N
TRX0001848,2026-03-26 15:57:09,FARMACIA DEL SOL,Farmacia,Ciudad de Mexico,TPV04-CIU,Carmen Ramirez,carmen.ramirez111@correo.mx,1829,VISA,884.1,MXN,APROBADA,BANDA,N
TRX0001849,2026-03-04 19:00:26,Cafe Aurora,Restaurante,Guadalajara,TPV04-GUA,Ana Zamora,ana.zamora72@correo.mx,8476,VISA,302.65,MXN,APROBADA,BANDA,N
TRX0001850,2026-02-05 15:30:03,Super Norteno,Supermercado,Monterrey,TPV01-MON,Miguel Cortes,miguel.cortes97@correo.mx,9422,MASTERCARD,3459.41,MXN,RECHAZADA,MANUAL,N
TRX0001851,2026-05-14 09:22:41,SUPER NORTENO,Supermercado,Monterrey,TPV04-MON,Rocio Zamora,rocio.zamora104@correo.mx,6783,MASTERCARD,2584.99,MXN,RECHAZADA,MANUAL,N
TRX0001852,2026-06-27 18:36:03,Farmacia del Sol,FARM,Ciudad de Mexico,TPV02-CIU,Elena Zamora,elena.zamora151@correo.mx,7344,AMEX,799.24,MXN,RECHAZADA,CHIP,N
TRX0001853,2026-05-03 17:37:45,GASOLINERA KM 12,combustible,Puebla,TPV03-PUE,Patricia Gonzalez,patricia.gonzalez127@correo.mx,4793,VISA,1462.22,MXN,REVERSADA,MANUAL,N
TRX0001854,2026-01-25 11:36:42,CAFE AURORA,Restaurante,Guadalajara,TPV01-GUA,Lucia Vargas,lucia.vargas131@correo.mx,3615,MASTERCARD,136.77,MXN,APROBADA,CONTACTLESS,N
TRX0001855,2026-01-19 17:56:01,Gasolinera Km 12,Combustible,Puebla,TPV04-PUE,Lucia Ramirez,lucia.ramirez48@correo.mx,2913,VISA,1390.2,MXN,APROBADA,BANDA,N
TRX0001856,2026-03-05 11:41:02,Super Nortenio,supermercado,Monterrey,TPV03-MON,Patricia Cortes,patricia.cortes160@correo.mx,4485,VISA,1098.59,MXN,RECHAZADA,CONTACTLESS,N
TRX0001857,2026-01-17 10:45:46,Super Nortenio,supermercado,Monterrey,TPV02-MON,Miguel Trejo,miguel.trejo115@correo.mx,2634,VISA,1092.43,MXN,APROBADA,CONTACTLESS,N
TRX0001858,2026-02-27 14:58:26,Super Norteno,Supermercado,Monterrey,TPV03-MON,Miguel Cortes,miguel.cortes97@correo.mx,9422,MASTERCARD,3281.45,MXN,APROBADA,QR,N
TRX0001859,2026-02-19 08:34:26,Super Norteno,Supermercado,Monterrey,TPV02-MON,Teresa Herrera,teresa.herrera35@correo.mx,4201,VISA,1764.12,MXN,APROBADA,CHIP,N
TRX0001860,2026-01-07 20:44:21,Super Nortenio,supermercado,Monterrey,TPV03-MON,Hector Nunez,hector.nunez38@correo.mx,3109,AMEX,3093.27,MXN,APROBADA,BANDA,N
TRX0001861,2026-01-23 17:36:22,Boutique  Iris,ropa,Ciudad de Mexico,TPV03-CIU,Elena Vargas,elena.vargas89@correo.mx,5689,VISA,3330.27,MXN,APROBADA,BANDA,N
TRX0001862,2026-04-03 15:02:59,GASOLINERA KM 12,combustible,Puebla,TPV03-PUE,Sofia Delgado,sofia.delgado119@correo.mx,1778,AMEX,1600.47,MXN,APROBADA,CHIP,N
TRX0001863,2026-05-19 14:54:03,Super Norteno,SUPER,Monterrey,TPV02-MON,Ivan Nunez,ivan.nunez88@correo.mx,1309,MASTERCARD,3460.78,MXN,APROBADA,CONTACTLESS,N
TRX0001864,2026-05-24 09:03:53,SUPER NORTENO,Supermercado,Monterrey,TPV02-MON,Raul Gonzalez,raul.gonzalez74@correo.mx,9447,VISA,2641.25,MXN,APROBADA,BANDA,N
TRX0001865,2026-01-11 11:49:33,Farmacia del Sol ,farmacia,Ciudad de Mexico,TPV04-CIU,Patricia Delgado,patricia.delgado167@correo.mx,8972,VISA,131.73,MXN,APROBADA,MANUAL,N
TRX0001866,2026-06-03 21:05:04,Boutique  Iris,VESTIMENTA,Ciudad de Mexico,TPV02-CIU,Ana Ramirez,ana.ramirez100@correo.mx,7772,VISA,2345.47,MXN,APROBADA,CHIP,N
TRX0001867,2026-05-04 06:42:16,Super Norteno,Supermercado,Monterrey,TPV03-MON,Luis Herrera,luis.herrera5@correo.mx,3036,MASTERCARD,2296.63,MXN,APROBADA,MANUAL,N
TRX0001868,2026-06-24 16:12:13,GASOLINERA KM 12,Combustible,Puebla,TPV04-PUE,Patricia Nunez,patricia.nunez52@correo.mx,8415,VISA,1523.24,MXN,APROBADA,QR,N
TRX0001869,2026-03-03 06:40:08,CAFE AURORA,Restaurante,Guadalajara,TPV02-GUA,Rocio Zamora,rocio.zamora85@correo.mx,2544,AMEX,100.35,MXN,APROBADA,QR,N
TRX0001870,2026-04-12 18:21:46,Farmacia del Sol,FARM,Ciudad de Mexico,TPV03-CIU,Ana Trejo,ana.trejo51@correo.mx,9690,MASTERCARD,371.04,MXN,APROBADA,BANDA,N
TRX0001871,2026-06-22 07:28:18,Farmacia del Sol ,FARM,Ciudad de Mexico,TPV01-CIU,Elena Delgado,elena.delgado149@correo.mx,9248,MASTERCARD,391.59,MXN,REVERSADA,CHIP,N
TRX0001872,2026-03-01 11:06:57,FARMACIA DEL SOL,Farmacia,Ciudad de Mexico,TPV04-CIU,Ivan Mendoza,ivan.mendoza21@correo.mx,2908,MASTERCARD,573.94,MXN,APROBADA,BANDA,S
TRX0001873,2026-04-24 11:02:00,SUPER NORTENO,SUPER,Monterrey,TPV03-MON,Lucia Delgado,lucia.delgado120@correo.mx,1162,AMEX,851.62,MXN,APROBADA,MANUAL,N
TRX0001874,2026-03-27 13:50:57,Super Nortenio,supermercado,Monterrey,TPV01-MON,Lucia Zamora,lucia.zamora108@correo.mx,3262,MASTERCARD,1926.04,MXN,APROBADA,CHIP,N
TRX0001875,2026-04-20 18:35:13,Farmacia del Sol,Farmacia,Ciudad de Mexico,TPV01-CIU,Teresa Rivas,teresa.rivas6@correo.mx,1505,MASTERCARD,827.02,MXN,APROBADA,CHIP,N
TRX0001876,2026-01-11 11:48:46,Farmacia del Sol,FARM,Ciudad de Mexico,TPV01-CIU,Raul Nunez,raul.nunez70@correo.mx,5287,AMEX,757.44,MXN,APROBADA,BANDA,N
TRX0001877,2026-05-03 10:48:25,Electro Maya,Electronica,Merida,TPV01-MER,Raul Zamora,raul.zamora124@correo.mx,6787,AMEX,23823.38,MXN,APROBADA,CONTACTLESS,N
TRX0001878,2026-01-04 09:39:44,Super Norteno,SUPER,Monterrey,TPV01-MON,Lucia Delgado,lucia.delgado120@correo.mx,1162,AMEX,764.11,MXN,RECHAZADA,BANDA,N
TRX0001879,2026-05-15 19:39:41,Farmacia del Sol ,Farmacia,Ciudad de Mexico,TPV04-CIU,Ana Zamora,ana.zamora72@correo.mx,8476,VISA,161.71,MXN,APROBADA,BANDA,N
TRX0001880,2026-02-28 09:26:15,Cafe Aurora,restaurante,Guadalajara,TPV01-GUA,Lucia Ramirez,lucia.ramirez43@correo.mx,2509,VISA,85.35,MXN,APROBADA,BANDA,N
TRX0001881,2026-02-24 10:50:02,FARMACIA DEL SOL,farmacia,Ciudad de Mexico,TPV04-CIU,Lucia Ramirez,lucia.ramirez48@correo.mx,2913,VISA,408.21,MXN,APROBADA,CONTACTLESS,N
TRX0001882,2026-03-18 17:43:00,Super Norteno,SUPER,Monterrey,TPV01-MON,Fernando Vargas,fernando.vargas65@correo.mx,7747,MASTERCARD,1874.56,MXN,REVERSADA,MANUAL,N
TRX0001883,2026-05-19 07:58:22,FARMACIA DEL SOL,Farmacia,Ciudad de Mexico,TPV04-CIU,Carmen Vargas,carmen.vargas161@correo.mx,3446,MASTERCARD,802.21,MXN,APROBADA,BANDA,N
TRX0001884,2026-02-23 08:04:41,SUPER NORTENO,SUPER,Monterrey,TPV04-MON,Luis Zamora,luis.zamora9@correo.mx,1462,AMEX,2072.14,MXN,REVERSADA,QR,N
TRX0001885,2026-04-23 15:40:38,Farmacia del Sol,farmacia,Ciudad de Mexico,TPV01-CIU,Raul Gonzalez,raul.gonzalez74@correo.mx,9447,VISA,457.99,MXN,RECHAZADA,CHIP,N
TRX0001886,2026-03-09 17:00:17,FARMACIA DEL SOL,farmacia,Ciudad de Mexico,TPV01-CIU,Miguel Herrera,miguel.herrera166@correo.mx,4697,AMEX,468.01,MXN,APROBADA,BANDA,N
TRX0001887,2026-01-16 17:48:39,FARMACIA DEL SOL,farmacia,Ciudad de Mexico,TPV03-CIU,Elena Vargas,elena.vargas148@correo.mx,7654,MASTERCARD,343.3,MXN,APROBADA,BANDA,N
TRX0001888,2026-03-06 07:49:51,FARMACIA DEL SOL,farmacia,Ciudad de Mexico,TPV03-CIU,Fernando Zamora,fernando.zamora156@correo.mx,3541,MASTERCARD,580.16,MXN,APROBADA,CONTACTLESS,N
TRX0001889,2026-03-19 20:22:08,VIAJES ALTAMAR,viajes,Cancun,TPV01-CAN,Rocio Salazar,rocio.salazar98@correo.mx,9662,VISA,12408.08,MXN,APROBADA,CONTACTLESS,N
TRX0001890,2026-01-20 11:11:42,Gasolinera Km 12,Combustible,Puebla,TPV04-PUE,Fernando Nunez,fernando.nunez145@correo.mx,5858,AMEX,600.86,MXN,APROBADA,BANDA,N
TRX0001891,2026-02-12 10:22:01,GASOLINERA KM 12,combustible,Puebla,TPV03-PUE,Raul Rivas,raul.rivas123@correo.mx,5837,MASTERCARD,1073.22,MXN,APROBADA,QR,N
TRX0001892,2026-03-12 11:11:52,Boutique  Iris,Ropa,Ciudad de Mexico,TPV03-CIU,Sofia Nunez,sofia.nunez56@correo.mx,5954,AMEX,2613.44,MXN,APROBADA,CHIP,N
TRX0001893,2026-05-06 09:22:13,Farmacia del Sol ,farmacia,Ciudad de Mexico,TPV01-CIU,Teresa Mendoza,teresa.mendoza159@correo.mx,6739,VISA,892.86,MXN,APROBADA,BANDA,N
TRX0001894,2026-02-15 18:19:28,Farmacia del Sol ,FARM,Ciudad de Mexico,TPV01-CIU,Lucia Vargas,lucia.vargas131@correo.mx,3615,MASTERCARD,235.72,MXN,APROBADA,CHIP,N
TRX0001895,2026-01-11 21:53:40,Cafe Aurora,restaurante,Guadalajara,TPV03-GUA,Jorge Gonzalez,jorge.gonzalez138@correo.mx,4950,AMEX,408.85,MXN,APROBADA,CONTACTLESS,N
TRX0001896,2026-04-11 14:58:38,Gasolinera Km 12,combustible,Puebla,TPV03-PUE,Elena Ramirez,elena.ramirez8@correo.mx,3648,MASTERCARD,1667.09,MXN,APROBADA,QR,N
TRX0001897,2026-01-08 08:29:30,ELECTRO MAYA,Electronica,Merida,TPV02-MER,Miguel Gonzalez,miguel.gonzalez28@correo.mx,8632,VISA,10562.58,MXN,RECHAZADA,QR,N
TRX0001898,2026-04-25 15:30:47,GASOLINERA KM 12,combustible,Puebla,TPV02-PUE,Sofia Rivas,sofia.rivas93@correo.mx,9567,VISA,595.37,MXN,APROBADA,QR,N
TRX0001899,2026-05-31 16:41:53,BOUTIQUE IRIS,VESTIMENTA,Ciudad de Mexico,TPV04-CIU,Fernando Mendoza,fernando.mendoza109@correo.mx,1447,AMEX,1238.33,MXN,APROBADA,CHIP,N
TRX0001900,2026-03-19 17:45:14,Super Nortenio,supermercado,Monterrey,TPV04-MON,Patricia Gonzalez,patricia.gonzalez127@correo.mx,4793,VISA,2148.99,MXN,APROBADA,BANDA,N
TRX0001901,2026-03-04 09:59:34,Cafe Aurora,restaurante,Guadalajara,TPV04-GUA,Rocio Zamora,rocio.zamora85@correo.mx,2544,AMEX,188.97,MXN,APROBADA,CHIP,N
TRX0001902,2026-01-11 20:03:42,Super Nortenio,supermercado,Monterrey,TPV03-MON,Fernando Mendoza,fernando.mendoza57@correo.mx,8388,AMEX,1723.79,MXN,APROBADA,CHIP,N
TRX0001903,2026-02-22 21:08:26,Cafe Aurora,restaurante,Guadalajara,TPV04-GUA,Miguel Ramirez,miguel.ramirez132@correo.mx,5849,MASTERCARD,359.6,MXN,RECHAZADA,BANDA,N
TRX0001904,2026-06-13 15:57:36,VIAJES ALTAMAR,Viajes,Cancun,TPV02-CAN,Fernando Herrera,fernando.herrera168@correo.mx,8810,VISA,28491.05,MXN,APROBADA,BANDA,N
TRX0001905,2026-05-07 21:28:28,Farmacia del Sol,Farmacia,Ciudad de Mexico,TPV01-CIU,Raul Cortes,raul.cortes116@correo.mx,1792,MASTERCARD,149.37,MXN,APROBADA,CHIP,N
TRX0001906,2026-02-13 19:14:08,VIAJES ALTAMAR,viajes,Cancun,TPV03-CAN,Elena Ramirez,elena.ramirez144@correo.mx,8187,MASTERCARD,5624.77,MXN,RECHAZADA,QR,N
TRX0001907,2026-05-07 11:46:23,GASOLINERA KM 12,combustible,Puebla,TPV01-PUE,Luis Herrera,luis.herrera5@correo.mx,3036,MASTERCARD,1308.68,MXN,APROBADA,MANUAL,N
TRX0001908,2026-03-02 14:24:09,SUPER NORTENO,Supermercado,Monterrey,TPV01-MON,Carmen Gonzalez,carmen.gonzalez129@correo.mx,1346,MASTERCARD,1115.96,MXN,APROBADA,BANDA,N
TRX0001909,2026-01-13 14:52:25,ELECTRO MAYA,electronica,Merida,TPV03-MER,Raul Gonzalez,raul.gonzalez179@correo.mx,8333,MASTERCARD,21063.97,MXN,REVERSADA,MANUAL,N
TRX0001910,2026-04-18 19:18:33,CAFE AURORA,Restaurante,Guadalajara,TPV01-GUA,Rocio Ramirez,rocio.ramirez12@correo.mx,2195,MASTERCARD,207.96,MXN,APROBADA,CHIP,N
TRX0001911,2026-04-01 16:30:28,Electro Maya,ELECTRO,Merida,TPV02-MER,Elena Ramirez,elena.ramirez175@correo.mx,9442,MASTERCARD,3640.37,MXN,APROBADA,CONTACTLESS,N
TRX0001912,2026-02-15 10:42:04,Super Norteno,Supermercado,Monterrey,TPV03-MON,Patricia Gonzalez,patricia.gonzalez127@correo.mx,4793,VISA,3369.1,MXN,APROBADA,CHIP,N
TRX0001913,2026-05-14 11:31:08,Farmacia del Sol,FARM,Ciudad de Mexico,TPV03-CIU,Hector Ramirez,hector.ramirez164@correo.mx,4352,MASTERCARD,745.52,MXN,APROBADA,BANDA,N
TRX0001914,2026-01-29 14:12:43,ELECTRO MAYA,Electronica,Merida,TPV03-MER,Sofia Trejo,sofia.trejo80@correo.mx,8498,MASTERCARD,2344.63,MXN,APROBADA,BANDA,N
TRX0001915,2026-01-09 21:18:01,Farmacia del Sol ,FARM,Ciudad de Mexico,TPV01-CIU,Raul Herrera,raul.herrera110@correo.mx,7010,VISA,603.61,MXN,APROBADA,QR,N
TRX0001916,2026-05-15 06:12:22,Boutique Iris,VESTIMENTA,Ciudad de Mexico,TPV03-CIU,Ivan Ramirez,ivan.ramirez45@correo.mx,8146,AMEX,4592.82,MXN,RECHAZADA,QR,N
TRX0001917,2026-03-25 17:11:23,SUPER NORTENO,SUPER,Monterrey,TPV02-MON,Ana Vargas,ana.vargas60@correo.mx,5862,AMEX,1461.26,MXN,APROBADA,CHIP,N
TRX0001918,2026-03-12 14:55:52,Super Norteno,SUPER,Monterrey,TPV01-MON,Luis Ramirez,luis.ramirez58@correo.mx,8936,MASTERCARD,3229.92,MXN,REVERSADA,QR,N
TRX0001919,2026-04-17 18:17:44,CAFE AURORA,restaurante,Guadalajara,TPV04-GUA,Patricia Ramirez,patricia.ramirez130@correo.mx,8241,AMEX,451.45,MXN,APROBADA,MANUAL,N
TRX0001920,2026-06-28 20:58:55,CAFE AURORA,restaurante,Guadalajara,TPV04-GUA,Miguel Nunez,miguel.nunez82@correo.mx,8132,AMEX,334.24,MXN,APROBADA,QR,N
TRX0001921,2026-05-08 13:21:48,Cafe Aurora,restaurante,Guadalajara,TPV02-GUA,Teresa Mendoza,teresa.mendoza55@correo.mx,6130,MASTERCARD,277.27,MXN,APROBADA,QR,N
TRX0001922,2026-04-15 19:14:11,Farmacia del Sol,farmacia,Ciudad de Mexico,TPV04-CIU,Luis Gonzalez,luis.gonzalez18@correo.mx,5494,VISA,621.12,MXN,APROBADA,BANDA,N
TRX0001923,2026-06-10 17:09:03,SUPER NORTENO,SUPER,Monterrey,TPV02-MON,Miguel Gonzalez,miguel.gonzalez172@correo.mx,9785,AMEX,594.78,MXN,REVERSADA,CHIP,N
TRX0001924,2026-01-12 06:59:24,Gasolinera Km 12,combustible,Puebla,TPV02-PUE,Ivan Delgado,ivan.delgado162@correo.mx,2492,AMEX,1273.48,MXN,APROBADA,CONTACTLESS,N
TRX0001925,2026-04-20 11:38:20,CAFE AURORA,Restaurante,Guadalajara,TPV02-GUA,Elena Ramirez,elena.ramirez175@correo.mx,9442,MASTERCARD,234.26,MXN,APROBADA,MANUAL,N
TRX0001926,2026-03-09 12:26:36,Super Nortenio,supermercado,Monterrey,TPV03-MON,Miguel Ramirez,miguel.ramirez132@correo.mx,5849,MASTERCARD,1543.64,MXN,APROBADA,CONTACTLESS,N
TRX0001927,2026-05-19 14:07:56,Boutique  Iris,VESTIMENTA,Ciudad de Mexico,TPV01-CIU,Jorge Delgado,jorge.delgado66@correo.mx,7754,VISA,2858.48,MXN,RECHAZADA,CHIP,N
TRX0001928,2026-06-06 11:18:47,Farmacia del Sol,Farmacia,Ciudad de Mexico,TPV03-CIU,Luis Delgado,luis.delgado150@correo.mx,7838,VISA,324.23,MXN,APROBADA,MANUAL,N
TRX0001929,2026-03-14 12:48:54,FARMACIA DEL SOL,farmacia,Ciudad de Mexico,TPV03-CIU,Patricia Mendoza,patricia.mendoza140@correo.mx,5378,VISA,823.27,MXN,REVERSADA,CONTACTLESS,N
TRX0001930,2026-06-04 09:23:48,Super Norteno,Supermercado,Monterrey,TPV01-MON,Carmen Rivas,carmen.rivas139@correo.mx,4822,AMEX,978.82,MXN,APROBADA,CONTACTLESS,N
TRX0001931,2026-05-26 14:41:54,Super Nortenio,Supermercado,Monterrey,TPV01-MON,Lucia Gonzalez,lucia.gonzalez54@correo.mx,2892,AMEX,1685.15,MXN,RECHAZADA,CONTACTLESS,N
TRX0001932,2026-01-18 12:57:58,BOUTIQUE IRIS,Ropa,Ciudad de Mexico,TPV03-CIU,Luis Zamora,luis.zamora9@correo.mx,1462,AMEX,3303.1,MXN,APROBADA,MANUAL,N
TRX0001933,2026-06-10 14:44:56,VIAJES ALTAMAR,viajes,Cancun,TPV04-CAN,Luis Salazar,luis.salazar77@correo.mx,1058,AMEX,17791.49,MXN,APROBADA,MANUAL,N
TRX0001934,2026-04-10 10:49:42,FARMACIA DEL SOL,farmacia,Ciudad de Mexico,TPV02-CIU,Fernando Mendoza,fernando.mendoza109@correo.mx,1447,AMEX,372.53,MXN,RECHAZADA,CHIP,N
TRX0001935,2026-03-19 13:52:48,BOUTIQUE IRIS,VESTIMENTA,Ciudad de Mexico,TPV01-CIU,Ana Herrera,ana.herrera83@correo.mx,1387,MASTERCARD,3675.31,MXN,APROBADA,QR,N
TRX0001936,2026-02-10 17:17:12,Cafe Aurora,restaurante,Guadalajara,TPV02-GUA,Lucia Herrera,lucia.herrera11@correo.mx,1104,VISA,216.14,MXN,APROBADA,QR,N
TRX0001937,2026-02-14 08:46:03,Super Norteno,Supermercado,Monterrey,TPV01-MON,Ana Cortes,ana.cortes53@correo.mx,3646,VISA,1237.43,MXN,APROBADA,CHIP,S
TRX0001938,2026-04-24 07:34:24,Farmacia del Sol,FARM,Ciudad de Mexico,TPV03-CIU,Lucia Vargas,lucia.vargas7@correo.mx,4691,AMEX,834.54,MXN,RECHAZADA,BANDA,N
TRX0001939,2026-01-30 17:03:21,Super Norteno,supermercado,Monterrey,TPV03-MON,Rocio Salazar,rocio.salazar98@correo.mx,9662,VISA,2666.14,MXN,APROBADA,QR,N
TRX0001940,2026-02-14 07:56:52,Cafe Aurora,restaurante,Guadalajara,TPV01-GUA,Rocio Salazar,rocio.salazar15@correo.mx,4224,MASTERCARD,284.22,MXN,APROBADA,CHIP,S
TRX0001941,2026-02-14 14:26:04,Super Norteno,supermercado,Monterrey,TPV02-MON,Hector Delgado,hector.delgado49@correo.mx,4702,VISA,2126.35,MXN,APROBADA,MANUAL,N
TRX0001942,2026-01-18 15:57:08,Electro Maya,ELECTRO,Merida,TPV03-MER,Fernando Gonzalez,fernando.gonzalez14@correo.mx,4950,MASTERCARD,3422.05,MXN,APROBADA,QR,N
TRX0001943,2026-04-15 14:27:06,SUPER NORTENO,supermercado,Monterrey,TPV03-MON,Raul Gonzalez,raul.gonzalez179@correo.mx,8333,MASTERCARD,3268.79,MXN,APROBADA,CONTACTLESS,N
TRX0001944,2026-05-30 20:41:47,Super Norteno,supermercado,Monterrey,TPV04-MON,Patricia Herrera,patricia.herrera3@correo.mx,4061,VISA,2276.02,MXN,APROBADA,QR,N
TRX0001945,2026-01-11 10:13:04,Cafe Aurora,Restaurante,Guadalajara,TPV03-GUA,Hector Nunez,hector.nunez38@correo.mx,3109,AMEX,478.31,MXN,APROBADA,BANDA,N
TRX0001946,2026-06-12 09:00:05,Boutique  Iris,ropa,Ciudad de Mexico,TPV01-CIU,Carmen Rivas,carmen.rivas139@correo.mx,4822,AMEX,1887.39,MXN,RECHAZADA,QR,N
TRX0001947,2026-02-18 17:13:44,SUPER NORTENO,supermercado,Monterrey,TPV02-MON,Teresa Rivas,teresa.rivas25@correo.mx,6114,AMEX,344.27,MXN,APROBADA,BANDA,N
TRX0001948,2026-01-13 08:57:55,Boutique  Iris,VESTIMENTA,Ciudad de Mexico,TPV01-CIU,Lucia Herrera,lucia.herrera155@correo.mx,9599,MASTERCARD,2805.53,MXN,APROBADA,CHIP,N
TRX0001949,2026-04-30 07:46:26,CAFE AURORA,restaurante,Guadalajara,TPV04-GUA,Sofia Nunez,sofia.nunez134@correo.mx,9193,AMEX,351.1,MXN,APROBADA,CHIP,N
TRX0001950,2026-03-13 18:15:48,BOUTIQUE IRIS,Ropa,Ciudad de Mexico,TPV02-CIU,Lucia Herrera,lucia.herrera155@correo.mx,9599,MASTERCARD,3512.98,MXN,APROBADA,BANDA,N
TRX0001951,2026-06-03 14:27:13,Electro Maya,ELECTRO,Merida,TPV03-MER,Miguel Gonzalez,miguel.gonzalez154@correo.mx,8784,AMEX,10800.03,MXN,APROBADA,BANDA,N
TRX0001952,2026-03-27 14:19:11,Super Nortenio,SUPER,Monterrey,TPV02-MON,Ana Salazar,ana.salazar158@correo.mx,2274,MASTERCARD,1233.92,MXN,APROBADA,CONTACTLESS,N
TRX0001953,2026-05-12 12:28:24,Cafe Aurora,Restaurante,Guadalajara,TPV02-GUA,Ivan Nunez,ivan.nunez88@correo.mx,1309,MASTERCARD,240.51,MXN,APROBADA,BANDA,N
TRX0001954,2026-04-27 10:12:23,Cafe Aurora,Restaurante,Guadalajara,TPV03-GUA,Elena Delgado,elena.delgado149@correo.mx,9248,MASTERCARD,104.56,MXN,APROBADA,MANUAL,N
TRX0001955,2026-01-03 15:50:13,Super Nortenio,supermercado,Monterrey,TPV04-MON,Ana Delgado,ana.delgado171@correo.mx,1786,AMEX,614.04,MXN,APROBADA,CHIP,N
TRX0001956,2026-04-29 18:17:56,Super Norteno,supermercado,Monterrey,TPV04-MON,Jorge Nunez,jorge.nunez29@correo.mx,5067,AMEX,1146.68,MXN,APROBADA,CHIP,N
TRX0001957,2026-01-31 07:45:54,Boutique Iris,Ropa,Ciudad de Mexico,TPV04-CIU,Rocio Ramirez,rocio.ramirez12@correo.mx,2195,MASTERCARD,5570.94,MXN,RECHAZADA,BANDA,N
TRX0001958,2026-04-26 12:58:31,FARMACIA DEL SOL,FARM,Ciudad de Mexico,TPV02-CIU,Fernando Mendoza,fernando.mendoza57@correo.mx,6879,AMEX,819.51,MXN,REVERSADA,MANUAL,N
TRX0001959,2026-02-12 17:08:24,Farmacia del Sol ,farmacia,Ciudad de Mexico,TPV03-CIU,Teresa Salazar,teresa.salazar118@correo.mx,4699,VISA,213.96,MXN,APROBADA,CONTACTLESS,N
TRX0001960,2026-05-04 06:13:28,Super Norteno,supermercado,Monterrey,TPV03-MON,Lucia Trejo,lucia.trejo32@correo.mx,8092,VISA,1795.02,MXN,APROBADA,BANDA,N
TRX0001961,2026-06-10 06:50:02,Cafe Aurora,restaurante,Guadalajara,TPV01-GUA,Lucia Ramirez,lucia.ramirez48@correo.mx,2913,VISA,468.1,MXN,APROBADA,BANDA,N
TRX0001962,2026-03-18 16:36:36,Super Norteno,supermercado,Monterrey,TPV04-MON,Teresa Gonzalez,teresa.gonzalez24@correo.mx,8230,VISA,1150.83,MXN,APROBADA,BANDA,N
TRX0001963,2026-04-25 06:56:31,Super Norteno,supermercado,Monterrey,TPV04-MON,Fernando Ramirez,fernando.ramirez126@correo.mx,7487,AMEX,1855.71,MXN,APROBADA,QR,N
TRX0001964,2026-06-16 07:31:12,Super Nortenio,supermercado,Monterrey,TPV03-MON,Sofia Nunez,sofia.nunez134@correo.mx,8835,VISA,2784.3,MXN,APROBADA,MANUAL,N
TRX0001965,2026-03-31 06:01:42,SUPER NORTENO,Supermercado,Monterrey,TPV02-MON,Patricia Mendoza,patricia.mendoza140@correo.mx,8731,VISA,1378.01,MXN,RECHAZADA,CONTACTLESS,N
TRX0001966,2026-02-17 14:00:17,CAFE AURORA,Restaurante,Guadalajara,TPV01-GUA,Jorge Vargas,jorge.vargas40@correo.mx,7531,MASTERCARD,280.62,MXN,APROBADA,MANUAL,N
TRX0001967,2026-04-29 16:40:54,Boutique  Iris,ropa,Ciudad de Mexico,TPV03-CIU,Lucia Vargas,lucia.vargas7@correo.mx,4691,AMEX,5409.18,MXN,APROBADA,BANDA,N
TRX0001968,2026-02-15 07:07:38,FARMACIA DEL SOL,Farmacia,Ciudad de Mexico,TPV04-CIU,Luis Gonzalez,luis.gonzalez18@correo.mx,8351,VISA,760.19,MXN,REVERSADA,BANDA,N
TRX0001969,2026-02-26 18:08:57,Super Nortenio,supermercado,Monterrey,TPV04-MON,Lucia Gonzalez,lucia.gonzalez96@correo.mx,7074,VISA,2420.1,MXN,APROBADA,MANUAL,N
TRX0001970,2026-06-21 21:02:00,Cafe Aurora,Restaurante,Guadalajara,TPV02-GUA,Elena Cortes,elena.cortes68@correo.mx,5599,AMEX,98.31,MXN,APROBADA,BANDA,N
TRX0001971,2026-03-27 07:43:53,Farmacia del Sol,Farmacia,Ciudad de Mexico,TPV02-CIU,Rocio Salazar,rocio.salazar15@correo.mx,4224,MASTERCARD,529.53,MXN,APROBADA,CHIP,N
TRX0001972,2026-04-06 14:29:12,CAFE AURORA,restaurante,Guadalajara,TPV03-GUA,Patricia Salazar,patricia.salazar69@correo.mx,4268,MASTERCARD,108.8,MXN,APROBADA,MANUAL,N
TRX0001973,2026-04-09 17:32:07,Viajes Altamar,Viajes,Cancun,TPV04-CAN,Rocio Zamora,rocio.zamora85@correo.mx,2544,AMEX,39161.95,MXN,RECHAZADA,CHIP,N
TRX0001974,2026-04-30 19:34:31,Super Nortenio,SUPER,Monterrey,TPV02-MON,Luis Salazar,luis.salazar75@correo.mx,4376,MASTERCARD,1649.62,MXN,APROBADA,MANUAL,N
TRX0001975,2026-04-02 21:59:32,Super Nortenio,Supermercado,Monterrey,TPV03-MON,Teresa Gonzalez,teresa.gonzalez24@correo.mx,8230,VISA,2336.79,MXN,APROBADA,CONTACTLESS,N
TRX0001976,2026-01-13 10:16:00,Super Nortenio,supermercado,Monterrey,TPV04-MON,Carmen Vargas,carmen.vargas161@correo.mx,3446,MASTERCARD,1233.36,MXN,APROBADA,MANUAL,N
TRX0001977,2026-06-03 11:10:59,Super Norteno,SUPER,Monterrey,TPV02-MON,Jorge Gonzalez,jorge.gonzalez2@correo.mx,4837,AMEX,1852.56,MXN,APROBADA,CONTACTLESS,N
TRX0001978,2026-05-05 08:53:09,Farmacia del Sol,FARM,Ciudad de Mexico,TPV04-CIU,Patricia Vargas,patricia.vargas26@correo.mx,4933,VISA,177.12,MXN,APROBADA,CONTACTLESS,N
TRX0001979,2026-02-24 12:36:59,CAFE AURORA,Restaurante,Guadalajara,TPV03-GUA,Raul Delgado,raul.delgado169@correo.mx,7678,VISA,170.53,MXN,RECHAZADA,QR,N
TRX0001980,2026-01-08 10:09:14,Farmacia del Sol,Farmacia,Ciudad de Mexico,TPV01-CIU,Luis Trejo,luis.trejo1@correo.mx,7154,MASTERCARD,699.87,MXN,APROBADA,QR,N
TRX0001981,2026-05-10 20:28:23,GASOLINERA KM 12,Combustible,Puebla,TPV03-PUE,Jorge Rivas,jorge.rivas128@correo.mx,7387,MASTERCARD,1289.3,MXN,RECHAZADA,CHIP,N
TRX0001982,2026-05-21 11:27:18,CAFE AURORA,Restaurante,Guadalajara,TPV02-GUA,Lucia Ramirez,lucia.ramirez152@correo.mx,6278,MASTERCARD,281.85,MXN,RECHAZADA,BANDA,N
TRX0001983,2026-04-30 20:37:31,FARMACIA DEL SOL,farmacia,Ciudad de Mexico,TPV04-CIU,Hector Trejo,hector.trejo101@correo.mx,6533,MASTERCARD,133.01,MXN,APROBADA,CHIP,N
TRX0001984,2026-06-13 14:26:32,Cafe Aurora,Restaurante,Guadalajara,TPV03-GUA,Jorge Gonzalez,jorge.gonzalez2@correo.mx,4837,AMEX,456.64,MXN,REVERSADA,MANUAL,N
TRX0001985,2026-04-22 08:31:57,CAFE AURORA,restaurante,Guadalajara,TPV04-GUA,Fernando Ramirez,fernando.ramirez126@correo.mx,7487,AMEX,189.06,MXN,APROBADA,CHIP,N
TRX0001986,2026-01-16 13:43:27,Cafe Aurora,Restaurante,Guadalajara,TPV01-GUA,Fernando Ramirez,fernando.ramirez126@correo.mx,7487,AMEX,133.94,MXN,APROBADA,CONTACTLESS,N
TRX0001987,2026-03-23 11:32:26,BOUTIQUE IRIS,ropa,Ciudad de Mexico,TPV03-CIU,Luis Herrera,luis.herrera5@correo.mx,7395,MASTERCARD,566.18,MXN,APROBADA,BANDA,N
TRX0001988,2026-05-30 19:58:47,Electro Maya,Electronica,Merida,TPV04-MER,Rocio Ramirez,rocio.ramirez94@correo.mx,3489,VISA,2899.28,MXN,APROBADA,BANDA,N
TRX0001989,2026-01-24 11:23:23,SUPER NORTENO,supermercado,Monterrey,TPV01-MON,Sofia Vargas,sofia.vargas19@correo.mx,1099,MASTERCARD,489.93,MXN,APROBADA,MANUAL,N
TRX0001990,2026-01-17 10:02:45,Cafe Aurora,restaurante,Guadalajara,TPV02-GUA,Raul Zamora,raul.zamora124@correo.mx,6787,AMEX,138.21,MXN,APROBADA,QR,N
TRX0001991,2026-06-29 18:35:51,CAFE AURORA,Restaurante,Guadalajara,TPV03-GUA,Hector Trejo,hector.trejo101@correo.mx,6533,MASTERCARD,287.05,MXN,APROBADA,CHIP,N
TRX0001992,2026-04-21 20:03:51,GASOLINERA KM 12,Combustible,Puebla,TPV02-PUE,Hector Trejo,hector.trejo101@correo.mx,6533,MASTERCARD,871.92,MXN,RECHAZADA,BANDA,N
TRX0001993,2026-02-01 18:34:10,Super Norteno,Supermercado,Monterrey,TPV04-MON,Raul Rivas,raul.rivas123@correo.mx,5837,MASTERCARD,1085.13,MXN,APROBADA,MANUAL,N
TRX0001994,2026-01-14 08:27:13,ELECTRO MAYA,ELECTRO,Merida,TPV03-MER,Elena Rivas,elena.rivas20@correo.mx,9752,AMEX,8582.41,MXN,APROBADA,CONTACTLESS,N
TRX0001995,2026-02-04 13:16:10,CAFE AURORA,restaurante,Guadalajara,TPV01-GUA,Ivan Delgado,ivan.delgado162@correo.mx,2492,AMEX,293.49,MXN,RECHAZADA,CHIP,N
TRX0001996,2026-06-01 19:34:39,FARMACIA DEL SOL,FARM,Ciudad de Mexico,TPV02-CIU,Hector Ramirez,hector.ramirez164@correo.mx,4352,MASTERCARD,851.37,MXN,APROBADA,BANDA,N
TRX0001997,2026-02-02 12:03:46,Boutique  Iris,ropa,Ciudad de Mexico,TPV02-CIU,Raul Vargas,raul.vargas22@correo.mx,8824,AMEX,1707.36,MXN,APROBADA,MANUAL,N
TRX0001998,2026-05-14 12:35:09,Super Nortenio,Supermercado,Monterrey,TPV04-MON,Lucia Ramirez,lucia.ramirez152@correo.mx,6278,MASTERCARD,3116.83,MXN,REVERSADA,BANDA,N
TRX0001999,2026-02-05 12:06:47,Gasolinera Km 12,Combustible,Puebla,TPV01-PUE,Carmen Cortes,carmen.cortes76@correo.mx,7986,AMEX,738.56,MXN,APROBADA,CONTACTLESS,N
TRX0002000,2026-04-24 17:01:27,Electro Maya,ELECTRO,Merida,TPV01-MER,Jorge Herrera,jorge.herrera46@correo.mx,2925,AMEX,6892.77,MXN,RECHAZADA,BANDA,N
TRX0002001,2026-03-13 11:45:30,SUPER NORTENO,supermercado,Monterrey,TPV03-MON,Fernando Mendoza,fernando.mendoza109@correo.mx,1447,AMEX,2687.7,MXN,APROBADA,CHIP,N
TRX0002002,2026-02-17 06:45:48,Super Nortenio,SUPER,Monterrey,TPV03-MON,Teresa Gonzalez,teresa.gonzalez24@correo.mx,8230,VISA,1634.36,MXN,APROBADA,MANUAL,N
TRX0002003,2026-01-01 10:00:08,Super Norteno,Supermercado,Monterrey,TPV03-MON,Ana Trejo,ana.trejo51@correo.mx,9690,MASTERCARD,2838.16,MXN,APROBADA,MANUAL,N
TRX0002004,2026-02-03 13:47:44,BOUTIQUE IRIS,ropa,Ciudad de Mexico,TPV02-CIU,Luis Salazar,luis.salazar75@correo.mx,4376,MASTERCARD,3450.3,MXN,RECHAZADA,CONTACTLESS,N
TRX0002005,2026-06-17 20:12:54,Super Nortenio,supermercado,Monterrey,TPV02-MON,Lucia Gonzalez,lucia.gonzalez36@correo.mx,8401,AMEX,1476.63,MXN,APROBADA,QR,N
TRX0002006,2026-02-04 07:42:07,Cafe Aurora,restaurante,Guadalajara,TPV01-GUA,Elena Ramirez,elena.ramirez4@correo.mx,8580,VISA,381.87,MXN,APROBADA,CONTACTLESS,N
TRX0002007,2026-02-01 13:19:44,Farmacia del Sol ,farmacia,Ciudad de Mexico,TPV02-CIU,Jorge Vargas,jorge.vargas86@correo.mx,5040,MASTERCARD,360.49,MXN,APROBADA,BANDA,N
TRX0002008,2026-03-16 08:37:08,Cafe Aurora,restaurante,Guadalajara,TPV04-GUA,Luis Salazar,luis.salazar77@correo.mx,1058,AMEX,97.57,MXN,RECHAZADA,CONTACTLESS,N
TRX0002009,2026-02-27 12:34:30,Super Norteno,SUPER,Monterrey,TPV04-MON,Elena Zamora,elena.zamora16@correo.mx,2698,VISA,2926.88,MXN,APROBADA,CHIP,N
TRX0002010,2026-05-18 21:01:23,Farmacia del Sol,farmacia,Ciudad de Mexico,TPV04-CIU,Sofia Delgado,sofia.delgado119@correo.mx,1778,AMEX,572.82,MXN,APROBADA,CONTACTLESS,N
TRX0002011,2026-06-22 06:24:58,BOUTIQUE IRIS,VESTIMENTA,Ciudad de Mexico,TPV04-CIU,Raul Delgado,raul.delgado105@correo.mx,8772,MASTERCARD,2900.35,MXN,APROBADA,BANDA,N
TRX0002012,2026-04-07 15:00:48,Gasolinera Km 12,Combustible,Puebla,TPV01-PUE,Lucia Delgado,lucia.delgado141@correo.mx,6423,VISA,344.62,MXN,REVERSADA,MANUAL,N
TRX0002013,2026-03-01 21:44:19,Farmacia del Sol,FARM,Ciudad de Mexico,TPV03-CIU,Fernando Rivas,fernando.rivas133@correo.mx,1834,VISA,145.78,MXN,APROBADA,CONTACTLESS,N
TRX0002014,2026-03-29 20:21:17,CAFE AURORA,Restaurante,Guadalajara,TPV03-GUA,Elena Ramirez,elena.ramirez4@correo.mx,8580,VISA,143.98,MXN,RECHAZADA,MANUAL,N
TRX0002015,2026-06-25 19:26:23,CAFE AURORA,Restaurante,Guadalajara,TPV03-GUA,Carmen Cortes,carmen.cortes76@correo.mx,7986,AMEX,270.94,MXN,APROBADA,MANUAL,N
TRX0002016,2026-04-22 15:24:11,CAFE AURORA,Restaurante,Guadalajara,TPV03-GUA,Patricia Salazar,patricia.salazar69@correo.mx,4268,MASTERCARD,371.03,MXN,APROBADA,MANUAL,N
TRX0002017,2026-04-01 21:22:38,Gasolinera Km 12,Combustible,Puebla,TPV01-PUE,Jorge Delgado,jorge.delgado66@correo.mx,7754,VISA,1521.61,MXN,APROBADA,CHIP,N
TRX0002018,2026-02-02 10:06:06,Super Norteno,supermercado,Monterrey,TPV01-MON,Fernando Rivas,fernando.rivas133@correo.mx,6714,MASTERCARD,319.84,MXN,APROBADA,MANUAL,N
TRX0002019,2026-02-26 20:47:26,GASOLINERA KM 12,combustible,Puebla,TPV03-PUE,Lucia Delgado,lucia.delgado120@correo.mx,1162,AMEX,1132.79,MXN,APROBADA,BANDA,N
TRX0002020,2026-01-28 14:46:01,SUPER NORTENO,SUPER,Monterrey,TPV01-MON,Luis Rivas,luis.rivas99@correo.mx,1585,MASTERCARD,1046.82,MXN,APROBADA,MANUAL,N
TRX0002021,2026-04-06 11:30:31,SUPER NORTENO,supermercado,Monterrey,TPV02-MON,Luis Rivas,luis.rivas99@correo.mx,1585,MASTERCARD,2301.84,MXN,RECHAZADA,BANDA,N
TRX0002022,2026-05-27 15:54:49,Farmacia del Sol,farmacia,Ciudad de Mexico,TPV02-CIU,Hector Trejo,hector.trejo101@correo.mx,6533,MASTERCARD,549.59,MXN,APROBADA,QR,N
TRX0002023,2026-02-07 18:52:07,Farmacia del Sol,farmacia,Ciudad de Mexico,TPV04-CIU,Carmen Ramirez,carmen.ramirez111@correo.mx,1829,VISA,625.48,MXN,RECHAZADA,CHIP,N
TRX0002024,2026-05-10 20:59:55,Gasolinera Km 12,combustible,Puebla,TPV04-PUE,Fernando Mendoza,fernando.mendoza57@correo.mx,6879,AMEX,865.62,MXN,APROBADA,CHIP,N
TRX0002025,2026-06-19 19:28:30,CAFE AURORA,Restaurante,Guadalajara,TPV03-GUA,Lucia Gonzalez,lucia.gonzalez36@correo.mx,8401,AMEX,295.78,MXN,RECHAZADA,CONTACTLESS,N
TRX0002026,2026-02-08 08:28:54,Viajes Altamar,viajes,Cancun,TPV04-CAN,Sofia Vargas,sofia.vargas19@correo.mx,1099,MASTERCARD,10424.46,MXN,APROBADA,MANUAL,N
TRX0002027,2026-06-24 10:09:01,Boutique  Iris,ropa,Ciudad de Mexico,TPV03-CIU,Luis Salazar,luis.salazar75@correo.mx,4376,MASTERCARD,2403.29,MXN,APROBADA,QR,N
TRX0002028,2026-04-19 12:01:54,FARMACIA DEL SOL,farmacia,Ciudad de Mexico,TPV03-CIU,Lucia Gonzalez,lucia.gonzalez36@correo.mx,8401,AMEX,645.44,MXN,APROBADA,BANDA,N
TRX0002029,2026-03-27 08:57:16,Super Norteno,supermercado,Monterrey,TPV01-MON,Teresa Salazar,teresa.salazar118@correo.mx,4699,VISA,1981.86,MXN,APROBADA,CONTACTLESS,N
TRX0002030,2026-03-20 10:47:56,CAFE AURORA,Restaurante,Guadalajara,TPV01-GUA,Jorge Vargas,jorge.vargas86@correo.mx,5040,MASTERCARD,387.42,MXN,APROBADA,BANDA,N
TRX0002031,2026-06-18 08:21:34,FARMACIA DEL SOL,FARM,Ciudad de Mexico,TPV04-CIU,Carmen Mendoza,carmen.mendoza95@correo.mx,6566,AMEX,195.49,MXN,APROBADA,QR,N
TRX0002032,2026-01-19 10:36:46,Super Nortenio,supermercado,Monterrey,TPV04-MON,Jorge Rivas,jorge.rivas78@correo.mx,8391,AMEX,1085.15,MXN,RECHAZADA,CONTACTLESS,N
TRX0002033,2026-05-16 16:53:40,Electro Maya,Electronica,Merida,TPV03-MER,Lucia Ramirez,lucia.ramirez152@correo.mx,6278,MASTERCARD,21913.06,MXN,APROBADA,BANDA,N
TRX0002034,2026-04-03 16:03:44,Super Nortenio,Supermercado,Monterrey,TPV02-MON,Miguel Delgado,miguel.delgado42@correo.mx,7456,VISA,2244.01,MXN,REVERSADA,CONTACTLESS,N
TRX0002035,2026-03-22 18:02:52,Super Norteno,supermercado,Monterrey,TPV04-MON,Elena Zamora,elena.zamora16@correo.mx,2698,VISA,284.65,MXN,APROBADA,BANDA,N
TRX0002036,2026-01-09 11:54:13,Super Norteno,SUPER,Monterrey,TPV01-MON,Elena Ramirez,elena.ramirez175@correo.mx,9442,MASTERCARD,3192.15,MXN,APROBADA,MANUAL,N
TRX0002037,2026-06-24 16:27:35,Super Norteno,Supermercado,Monterrey,TPV04-MON,Patricia Cortes,patricia.cortes160@correo.mx,9021,MASTERCARD,1204.49,MXN,APROBADA,MANUAL,N
TRX0002038,2026-01-10 09:13:37,CAFE AURORA,Restaurante,Guadalajara,TPV02-GUA,Miguel Trejo,miguel.trejo115@correo.mx,2634,VISA,254.04,MXN,APROBADA,BANDA,N
TRX0002039,2026-06-01 10:38:13,GASOLINERA KM 12,combustible,Puebla,TPV01-PUE,Rocio Ramirez,rocio.ramirez12@correo.mx,2195,MASTERCARD,1447.06,MXN,APROBADA,QR,N
TRX0002040,2026-01-10 14:58:30,GASOLINERA KM 12,combustible,Puebla,TPV03-PUE,Carmen Ramirez,carmen.ramirez111@correo.mx,1829,VISA,1706.55,MXN,REVERSADA,BANDA,N
TRX0002041,2026-05-29 14:53:38,CAFE AURORA,restaurante,Guadalajara,TPV03-GUA,Luis Zamora,luis.zamora9@correo.mx,1462,AMEX,383.19,MXN,APROBADA,CONTACTLESS,N
TRX0002042,2026-01-14 21:30:08,Gasolinera Km 12,combustible,Puebla,TPV04-PUE,Rocio Zamora,rocio.zamora104@correo.mx,6783,MASTERCARD,1771.91,MXN,APROBADA,MANUAL,N
TRX0002043,2026-02-12 07:50:37,Cafe Aurora,restaurante,Guadalajara,TPV03-GUA,Carmen Gonzalez,carmen.gonzalez129@correo.mx,1346,MASTERCARD,119.25,MXN,APROBADA,CHIP,N
TRX0002044,2026-04-27 20:59:20,Cafe Aurora,Restaurante,Guadalajara,TPV04-GUA,Ana Trejo,ana.trejo51@correo.mx,9690,MASTERCARD,456.94,MXN,REVERSADA,MANUAL,N
TRX0002045,2026-06-24 08:00:06,Viajes Altamar,viajes,Cancun,TPV02-CAN,Luis Gonzalez,luis.gonzalez18@correo.mx,8351,VISA,38771.72,MXN,REVERSADA,MANUAL,N
TRX0002046,2026-01-28 10:05:41,SUPER NORTENO,Supermercado,Monterrey,TPV02-MON,Ivan Delgado,ivan.delgado59@correo.mx,3851,AMEX,1000.2,MXN,APROBADA,CHIP,N
TRX0002047,2026-01-22 06:18:42,Super Norteno,supermercado,Monterrey,TPV03-MON,Ana Nunez,ana.nunez17@correo.mx,9063,VISA,1527.95,MXN,APROBADA,MANUAL,N
TRX0002048,2026-04-27 21:47:52,Super Norteno,Supermercado,Monterrey,TPV01-MON,Elena Ramirez,elena.ramirez8@correo.mx,3648,MASTERCARD,3322.63,MXN,REVERSADA,BANDA,N
TRX0002049,2026-05-30 13:14:27,SUPER NORTENO,supermercado,Monterrey,TPV03-MON,Elena Vargas,elena.vargas89@correo.mx,5689,VISA,1231.4,MXN,APROBADA,MANUAL,N
TRX0002050,2026-04-06 09:55:24,Super Norteno,supermercado,Monterrey,TPV03-MON,Ana Cortes,ana.cortes53@correo.mx,9845,MASTERCARD,264.5,MXN,APROBADA,BANDA,N
TRX0002051,2026-05-14 10:25:01,Cafe Aurora,restaurante,Guadalajara,TPV04-GUA,Luis Salazar,luis.salazar75@correo.mx,4376,MASTERCARD,245.29,MXN,APROBADA,QR,N
TRX0002052,2026-06-15 17:02:52,VIAJES ALTAMAR,Viajes,Cancun,TPV02-CAN,Elena Zamora,elena.zamora16@correo.mx,2698,VISA,10438.07,MXN,APROBADA,CHIP,N
TRX0002053,2026-03-12 16:08:35,SUPER NORTENO,Supermercado,Monterrey,TPV01-MON,Raul Delgado,raul.delgado105@correo.mx,8772,MASTERCARD,2024.03,MXN,APROBADA,CONTACTLESS,N
TRX0002054,2026-02-23 16:08:17,Boutique Iris,Ropa,Ciudad de Mexico,TPV03-CIU,Raul Rivas,raul.rivas123@correo.mx,5837,MASTERCARD,5851.36,MXN,APROBADA,MANUAL,N
TRX0002055,2026-04-22 15:46:34,FARMACIA DEL SOL,farmacia,Ciudad de Mexico,TPV04-CIU,Patricia Mendoza,patricia.mendoza140@correo.mx,8731,VISA,627.65,MXN,APROBADA,CHIP,N
TRX0002056,2026-04-06 20:52:36,FARMACIA DEL SOL,farmacia,Ciudad de Mexico,TPV01-CIU,Lucia Herrera,lucia.herrera11@correo.mx,1104,VISA,738.53,MXN,APROBADA,CONTACTLESS,N
TRX0002057,2026-01-17 17:03:16,Cafe Aurora,restaurante,Guadalajara,TPV02-GUA,Teresa Rivas,teresa.rivas6@correo.mx,1505,MASTERCARD,464.72,MXN,APROBADA,MANUAL,N
TRX0002058,2026-02-07 07:07:34,BOUTIQUE IRIS,VESTIMENTA,Ciudad de Mexico,TPV01-CIU,Lucia Ramirez,lucia.ramirez43@correo.mx,2509,VISA,3135.95,MXN,APROBADA,MANUAL,N
TRX0002059,2026-04-27 10:06:50,Boutique Iris,VESTIMENTA,Ciudad de Mexico,TPV01-CIU,Teresa Gonzalez,teresa.gonzalez24@correo.mx,8230,VISA,3125.79,MXN,REVERSADA,CHIP,N
TRX0002060,2026-05-04 19:02:06,Cafe Aurora,Restaurante,Guadalajara,TPV04-GUA,Hector Herrera,hector.herrera34@correo.mx,9193,VISA,209.31,MXN,APROBADA,BANDA,N
TRX0002061,2026-03-08 18:49:46,Super Norteno,Supermercado,Monterrey,TPV04-MON,Patricia Gonzalez,patricia.gonzalez33@correo.mx,8690,AMEX,2677.29,MXN,APROBADA,CHIP,N
TRX0002062,2026-03-27 12:04:15,Farmacia del Sol ,Farmacia,Ciudad de Mexico,TPV01-CIU,Carmen Gonzalez,carmen.gonzalez129@correo.mx,1346,MASTERCARD,584.2,MXN,REVERSADA,CHIP,N
TRX0002063,2026-03-17 20:34:48,Farmacia del Sol,FARM,Ciudad de Mexico,TPV02-CIU,Lucia Trejo,lucia.trejo92@correo.mx,3905,MASTERCARD,293.28,MXN,RECHAZADA,BANDA,N
TRX0002064,2026-06-28 15:30:40,Super Norteno,Supermercado,Monterrey,TPV03-MON,Carmen Rivas,carmen.rivas139@correo.mx,4822,AMEX,2903.23,MXN,RECHAZADA,MANUAL,N
TRX0002065,2026-05-28 14:56:31,Gasolinera Km 12,Combustible,Puebla,TPV04-PUE,Fernando Salazar,fernando.salazar63@correo.mx,5089,MASTERCARD,625.13,MXN,APROBADA,CHIP,N
TRX0002066,2026-02-12 18:18:03,Super Nortenio,Supermercado,Monterrey,TPV02-MON,Raul Zamora,raul.zamora124@correo.mx,6787,AMEX,3243.53,MXN,REVERSADA,QR,N
TRX0002067,2026-06-11 07:43:26,SUPER NORTENO,SUPER,Monterrey,TPV02-MON,Elena Cortes,elena.cortes68@correo.mx,5599,AMEX,622.29,MXN,REVERSADA,CHIP,N
TRX0002068,2026-05-11 19:37:58,Farmacia del Sol ,farmacia,Ciudad de Mexico,TPV03-CIU,Elena Trejo,elena.trejo113@correo.mx,8853,VISA,306.57,MXN,APROBADA,BANDA,N
TRX0002069,2026-03-06 08:54:31,CAFE AURORA,Restaurante,Guadalajara,TPV01-GUA,Ivan Delgado,ivan.delgado162@correo.mx,2492,AMEX,422.03,MXN,APROBADA,BANDA,N
TRX0002070,2026-06-02 20:08:53,Super Norteno,SUPER,Monterrey,TPV03-MON,Miguel Ramirez,miguel.ramirez132@correo.mx,5849,MASTERCARD,2216.58,MXN,APROBADA,BANDA,N
TRX0002071,2026-02-09 06:56:35,Viajes Altamar,viajes,Cancun,TPV03-CAN,Raul Mendoza,raul.mendoza30@correo.mx,7314,MASTERCARD,30648.77,MXN,APROBADA,CONTACTLESS,N
TRX0002072,2026-03-28 20:30:25,SUPER NORTENO,supermercado,Monterrey,TPV03-MON,Fernando Rivas,fernando.rivas133@correo.mx,6714,MASTERCARD,2494.62,MXN,APROBADA,MANUAL,N
TRX0002073,2026-05-24 20:22:05,Electro Maya,Electronica,Merida,TPV04-MER,Lucia Ramirez,lucia.ramirez48@correo.mx,2913,VISA,9258.21,MXN,REVERSADA,QR,N
TRX0002074,2026-03-31 13:51:15,BOUTIQUE IRIS,Ropa,Ciudad de Mexico,TPV02-CIU,Jorge Rivas,jorge.rivas128@correo.mx,7387,MASTERCARD,2455.21,MXN,APROBADA,QR,N
TRX0002075,2026-01-19 15:05:31,Super Nortenio,SUPER,Monterrey,TPV04-MON,Patricia Vargas,patricia.vargas26@correo.mx,4933,VISA,2271.15,MXN,APROBADA,MANUAL,N
TRX0002076,2026-06-03 08:27:18,Boutique Iris,Ropa,Ciudad de Mexico,TPV04-CIU,Patricia Gonzalez,patricia.gonzalez33@correo.mx,8690,AMEX,690.76,MXN,APROBADA,BANDA,N
TRX0002077,2026-05-10 14:15:31,GASOLINERA KM 12,combustible,Puebla,TPV03-PUE,Patricia Delgado,patricia.delgado67@correo.mx,2557,MASTERCARD,402.88,MXN,APROBADA,CHIP,N
TRX0002078,2026-01-03 21:39:15,GASOLINERA KM 12,combustible,Puebla,TPV02-PUE,Miguel Cortes,miguel.cortes97@correo.mx,9422,MASTERCARD,487.88,MXN,APROBADA,CHIP,N
TRX0002079,2026-05-19 14:55:22,Boutique  Iris,ropa,Ciudad de Mexico,TPV04-CIU,Raul Delgado,raul.delgado169@correo.mx,7678,VISA,3567.44,MXN,APROBADA,BANDA,N
TRX0002080,2026-01-10 11:35:05,SUPER NORTENO,SUPER,Monterrey,TPV04-MON,Elena Zamora,elena.zamora151@correo.mx,7344,AMEX,2259.88,MXN,REVERSADA,MANUAL,N
TRX0002081,2026-03-17 20:15:08,GASOLINERA KM 12,combustible,Puebla,TPV02-PUE,Hector Trejo,hector.trejo101@correo.mx,6533,MASTERCARD,711.38,MXN,APROBADA,MANUAL,N
TRX0002082,2026-04-01 15:13:13,ELECTRO MAYA,ELECTRO,Merida,TPV01-MER,Carmen Cortes,carmen.cortes76@correo.mx,7986,AMEX,18840.94,MXN,APROBADA,QR,N
TRX0002083,2026-05-07 07:16:21,FARMACIA DEL SOL,Farmacia,Ciudad de Mexico,TPV04-CIU,Fernando Zamora,fernando.zamora156@correo.mx,3541,MASTERCARD,408.6,MXN,APROBADA,MANUAL,N
TRX0002084,2026-05-15 10:15:30,GASOLINERA KM 12,Combustible,Puebla,TPV04-PUE,Sofia Nunez,sofia.nunez134@correo.mx,9193,AMEX,759.89,MXN,APROBADA,MANUAL,N
TRX0002085,2026-04-22 15:19:00,Cafe Aurora,restaurante,Guadalajara,TPV03-GUA,Teresa Salazar,teresa.salazar118@correo.mx,4699,VISA,64.61,MXN,APROBADA,CONTACTLESS,N
TRX0002086,2026-05-03 11:58:44,CAFE AURORA,restaurante,Guadalajara,TPV01-GUA,Lucia Delgado,lucia.delgado141@correo.mx,6423,VISA,64.86,MXN,APROBADA,CHIP,N
TRX0002087,2026-04-06 14:19:30,Farmacia del Sol ,FARM,Ciudad de Mexico,TPV04-CIU,Sofia Trejo,sofia.trejo80@correo.mx,8498,MASTERCARD,557.48,MXN,RECHAZADA,CHIP,N
TRX0002088,2026-02-28 07:58:43,Super Norteno,SUPER,Monterrey,TPV03-MON,Miguel Ramirez,miguel.ramirez132@correo.mx,5849,MASTERCARD,1484.93,MXN,APROBADA,CONTACTLESS,N
TRX0002089,2026-03-05 14:20:40,CAFE AURORA,Restaurante,Guadalajara,TPV04-GUA,Sofia Nunez,sofia.nunez56@correo.mx,5954,AMEX,466.77,MXN,APROBADA,CONTACTLESS,N
TRX0002090,2026-05-18 10:34:43,ELECTRO MAYA,ELECTRO,Merida,TPV01-MER,Raul Nunez,raul.nunez70@correo.mx,2085,VISA,8149.4,MXN,RECHAZADA,CONTACTLESS,N
TRX0002091,2026-02-02 18:20:08,Super Norteno,supermercado,Monterrey,TPV01-MON,Rocio Herrera,rocio.herrera165@correo.mx,6020,VISA,539.97,MXN,APROBADA,CONTACTLESS,N
TRX0002092,2026-06-17 20:45:43,Super Norteno,Supermercado,Monterrey,TPV03-MON,Elena Rivas,elena.rivas20@correo.mx,9752,AMEX,1326.11,MXN,RECHAZADA,CHIP,N
TRX0002093,2026-02-09 12:57:58,Cafe Aurora,Restaurante,Guadalajara,TPV02-GUA,Raul Trejo,raul.trejo125@correo.mx,4936,VISA,396.08,MXN,RECHAZADA,QR,N
TRX0002094,2026-03-09 07:21:13,Cafe Aurora,Restaurante,Guadalajara,TPV04-GUA,Luis Delgado,luis.delgado150@correo.mx,7838,VISA,136.68,MXN,APROBADA,CONTACTLESS,N
TRX0002095,2026-03-25 18:00:13,Viajes Altamar,viajes,Cancun,TPV03-CAN,Fernando Nunez,fernando.nunez145@correo.mx,8489,AMEX,4315.87,MXN,RECHAZADA,QR,N
TRX0002096,2026-06-03 15:30:01,SUPER NORTENO,SUPER,Monterrey,TPV03-MON,Fernando Salazar,fernando.salazar63@correo.mx,5089,MASTERCARD,2889.27,MXN,APROBADA,QR,N
TRX0002097,2026-01-03 07:50:53,Cafe Aurora,restaurante,Guadalajara,TPV02-GUA,Fernando Nunez,fernando.nunez145@correo.mx,8489,AMEX,293.35,MXN,RECHAZADA,QR,N
TRX0002098,2026-02-21 15:15:13,SUPER NORTENO,supermercado,Monterrey,TPV02-MON,Lucia Delgado,lucia.delgado141@correo.mx,6423,VISA,802.17,MXN,APROBADA,MANUAL,N
TRX0002099,2026-04-25 13:26:00,Boutique Iris,ropa,Ciudad de Mexico,TPV04-CIU,Rocio Ramirez,rocio.ramirez94@correo.mx,3489,VISA,5286.88,MXN,APROBADA,CHIP,N
TRX0002100,2026-06-11 14:38:28,ELECTRO MAYA,electronica,Merida,TPV02-MER,Raul Trejo,raul.trejo125@correo.mx,4936,VISA,13247.01,MXN,APROBADA,CHIP,N
TRX0002101,2026-05-02 13:59:16,Gasolinera Km 12,combustible,Puebla,TPV03-PUE,Elena Trejo,elena.trejo73@correo.mx,9973,AMEX,1326.7,MXN,RECHAZADA,CONTACTLESS,N
TRX0002102,2026-05-09 13:07:50,Farmacia del Sol,FARM,Ciudad de Mexico,TPV02-CIU,Raul Vargas,raul.vargas135@correo.mx,8290,AMEX,389.72,MXN,APROBADA,CONTACTLESS,N
TRX0002103,2026-06-21 18:50:22,CAFE AURORA,Restaurante,Guadalajara,TPV04-GUA,Patricia Nunez,patricia.nunez52@correo.mx,8415,VISA,364.34,MXN,APROBADA,MANUAL,N
TRX0002104,2026-03-30 21:14:29,Cafe Aurora,Restaurante,Guadalajara,TPV02-GUA,Sofia Vargas,sofia.vargas19@correo.mx,1099,MASTERCARD,465.94,MXN,APROBADA,MANUAL,N
TRX0002105,2026-06-01 20:23:36,FARMACIA DEL SOL,Farmacia,Ciudad de Mexico,TPV04-CIU,Jorge Rivas,jorge.rivas78@correo.mx,8391,AMEX,324.37,MXN,APROBADA,MANUAL,N
TRX0002106,2026-05-13 17:45:53,Farmacia del Sol,Farmacia,Ciudad de Mexico,TPV02-CIU,Rocio Zamora,rocio.zamora104@correo.mx,6783,MASTERCARD,763.63,MXN,APROBADA,MANUAL,N
TRX0002107,2026-02-09 18:46:12,Boutique Iris,Ropa,Ciudad de Mexico,TPV02-CIU,Jorge Gonzalez,jorge.gonzalez138@correo.mx,4950,AMEX,819.75,MXN,APROBADA,CHIP,N
TRX0002108,2026-03-30 17:03:55,Farmacia del Sol,farmacia,Ciudad de Mexico,TPV01-CIU,Lucia Delgado,lucia.delgado120@correo.mx,1162,AMEX,446.14,MXN,REVERSADA,CONTACTLESS,N
TRX0002109,2026-02-05 10:10:56,Cafe Aurora,restaurante,Guadalajara,TPV04-GUA,Raul Zamora,raul.zamora124@correo.mx,6787,AMEX,341.89,MXN,APROBADA,QR,N
TRX0002110,2026-05-17 09:02:48,SUPER NORTENO,supermercado,Monterrey,TPV03-MON,Raul Mendoza,raul.mendoza90@correo.mx,1177,AMEX,1408.19,MXN,APROBADA,CONTACTLESS,N
TRX0002111,2026-05-14 14:27:11,Boutique Iris,VESTIMENTA,Ciudad de Mexico,TPV03-CIU,Ana Trejo,ana.trejo51@correo.mx,9690,MASTERCARD,5199.44,MXN,APROBADA,CONTACTLESS,N
TRX0002112,2026-04-28 17:27:51,Super Norteno,SUPER,Monterrey,TPV04-MON,Teresa Mendoza,teresa.mendoza159@correo.mx,6739,VISA,2008.52,MXN,RECHAZADA,CHIP,N
TRX0002113,2026-04-17 10:12:47,Boutique Iris,ropa,Ciudad de Mexico,TPV04-CIU,Luis Ramirez,luis.ramirez39@correo.mx,8712,VISA,5431.75,MXN,APROBADA,QR,N
TRX0002114,2026-02-11 19:10:32,SUPER NORTENO,supermercado,Monterrey,TPV03-MON,Elena Ramirez,elena.ramirez8@correo.mx,3648,MASTERCARD,3386.83,MXN,APROBADA,QR,N
TRX0002115,2026-03-15 13:58:48,Boutique Iris,VESTIMENTA,Ciudad de Mexico,TPV03-CIU,Elena Ramirez,elena.ramirez175@correo.mx,9442,MASTERCARD,2395.79,MXN,APROBADA,MANUAL,N
TRX0002116,2026-01-12 12:11:40,Farmacia del Sol ,farmacia,Ciudad de Mexico,TPV03-CIU,Lucia Vargas,lucia.vargas7@correo.mx,4691,AMEX,498.29,MXN,APROBADA,CHIP,N
TRX0002117,2026-01-10 13:13:08,FARMACIA DEL SOL,FARM,Ciudad de Mexico,TPV04-CIU,Sofia Trejo,sofia.trejo80@correo.mx,8498,MASTERCARD,545.51,MXN,APROBADA,CHIP,N
TRX0002118,2026-02-22 17:26:06,Farmacia del Sol,farmacia,Ciudad de Mexico,TPV01-CIU,Luis Ramirez,luis.ramirez39@correo.mx,8712,VISA,537.27,MXN,APROBADA,MANUAL,N
TRX0002119,2026-02-23 06:59:48,Super Nortenio,SUPER,Monterrey,TPV04-MON,Ana Herrera,ana.herrera83@correo.mx,1387,MASTERCARD,3374.77,MXN,RECHAZADA,CHIP,N
TRX0002120,2026-01-05 11:22:31,Farmacia del Sol,Farmacia,Ciudad de Mexico,TPV01-CIU,Raul Vargas,raul.vargas22@correo.mx,8824,AMEX,140.78,MXN,REVERSADA,CHIP,N
TRX0002121,2026-04-05 15:51:03,CAFE AURORA,restaurante,Guadalajara,TPV03-GUA,Carmen Ramirez,carmen.ramirez111@correo.mx,1829,VISA,443.26,MXN,REVERSADA,MANUAL,N
TRX0002122,2026-03-03 10:49:37,Cafe Aurora,restaurante,Guadalajara,TPV01-GUA,Fernando Cortes,fernando.cortes170@correo.mx,6842,AMEX,419.6,MXN,APROBADA,CONTACTLESS,N
TRX0002123,2026-05-18 14:27:09,SUPER NORTENO,supermercado,Monterrey,TPV03-MON,Sofia Rivas,sofia.rivas81@correo.mx,4001,VISA,958.68,MXN,APROBADA,CONTACTLESS,N
TRX0002124,2026-01-04 15:04:23,CAFE AURORA,restaurante,Guadalajara,TPV03-GUA,Elena Rivas,elena.rivas20@correo.mx,9752,AMEX,126.4,MXN,APROBADA,BANDA,N
TRX0002125,2026-05-05 07:19:07,CAFE AURORA,Restaurante,Guadalajara,TPV03-GUA,Luis Ramirez,luis.ramirez58@correo.mx,8936,MASTERCARD,123.84,MXN,REVERSADA,MANUAL,N
TRX0002126,2026-06-17 16:57:38,Boutique Iris,Ropa,Ciudad de Mexico,TPV04-CIU,Jorge Vargas,jorge.vargas40@correo.mx,2316,AMEX,5100.38,MXN,APROBADA,MANUAL,N
TRX0002127,2026-04-04 07:10:31,Super Norteno,Supermercado,Monterrey,TPV04-MON,Rocio Salazar,rocio.salazar98@correo.mx,9662,VISA,3489.97,MXN,RECHAZADA,MANUAL,N
TRX0002128,2026-01-22 11:26:09,Super Nortenio,supermercado,Monterrey,TPV04-MON,Miguel Gonzalez,miguel.gonzalez172@correo.mx,9785,AMEX,1753.67,MXN,APROBADA,BANDA,N
TRX0002129,2026-04-10 10:49:21,CAFE AURORA,Restaurante,Guadalajara,TPV04-GUA,Luis Delgado,luis.delgado150@correo.mx,7838,VISA,187.48,MXN,APROBADA,CONTACTLESS,N
TRX0002130,2026-05-30 18:27:37,Super Nortenio,supermercado,Monterrey,TPV01-MON,Jorge Rivas,jorge.rivas128@correo.mx,7387,MASTERCARD,2104.63,MXN,REVERSADA,QR,N
TRX0002131,2026-04-16 06:21:47,CAFE AURORA,restaurante,Guadalajara,TPV03-GUA,Miguel Gonzalez,miguel.gonzalez172@correo.mx,8638,MASTERCARD,401.66,MXN,APROBADA,BANDA,N
TRX0002132,2026-02-08 17:24:53,Farmacia del Sol,Farmacia,Ciudad de Mexico,TPV04-CIU,Ivan Mendoza,ivan.mendoza21@correo.mx,2908,MASTERCARD,846.0,MXN,APROBADA,MANUAL,N
TRX0002133,2026-03-14 11:04:52,SUPER NORTENO,supermercado,Monterrey,TPV03-MON,Elena Ramirez,elena.ramirez8@correo.mx,3648,MASTERCARD,1598.4,MXN,APROBADA,QR,N
TRX0002134,2026-05-04 12:46:14,Super Norteno,Supermercado,Monterrey,TPV01-MON,Rocio Ramirez,rocio.ramirez12@correo.mx,2195,MASTERCARD,3184.1,MXN,APROBADA,QR,N
TRX0002135,2026-06-25 13:09:09,Boutique  Iris,ropa,Ciudad de Mexico,TPV01-CIU,Raul Delgado,raul.delgado142@correo.mx,4207,AMEX,4477.38,MXN,APROBADA,QR,N
TRX0002136,2026-05-03 10:34:59,SUPER NORTENO,SUPER,Monterrey,TPV04-MON,Jorge Rivas,jorge.rivas128@correo.mx,7387,MASTERCARD,1700.31,MXN,APROBADA,MANUAL,N
TRX0002137,2026-06-08 16:52:34,FARMACIA DEL SOL,Farmacia,Ciudad de Mexico,TPV02-CIU,Patricia Mendoza,patricia.mendoza107@correo.mx,8089,MASTERCARD,329.03,MXN,APROBADA,CONTACTLESS,N
TRX0002138,2026-02-20 13:13:36,CAFE AURORA,Restaurante,Guadalajara,TPV03-GUA,Raul Zamora,raul.zamora124@correo.mx,6787,AMEX,165.91,MXN,APROBADA,MANUAL,N
TRX0002139,2026-05-18 16:53:36,Super Nortenio,SUPER,Monterrey,TPV01-MON,Ana Trejo,ana.trejo51@correo.mx,9690,MASTERCARD,2593.1,MXN,APROBADA,CONTACTLESS,N
TRX0002140,2026-01-24 21:13:18,Farmacia del Sol,Farmacia,Ciudad de Mexico,TPV02-CIU,Ana Nunez,ana.nunez17@correo.mx,9063,VISA,893.01,MXN,APROBADA,BANDA,N
TRX0002141,2026-01-14 12:59:50,Super Nortenio,Supermercado,Monterrey,TPV03-MON,Hector Mendoza,hector.mendoza71@correo.mx,6093,VISA,3252.38,MXN,APROBADA,MANUAL,N
TRX0002142,2026-01-01 09:29:05,SUPER NORTENO,Supermercado,Monterrey,TPV03-MON,Hector Herrera,hector.herrera34@correo.mx,9193,VISA,1014.84,MXN,APROBADA,CHIP,N
TRX0002143,2026-01-08 17:42:40,SUPER NORTENO,Supermercado,Monterrey,TPV03-MON,Fernando Cortes,fernando.cortes170@correo.mx,6842,AMEX,1614.42,MXN,APROBADA,MANUAL,N
TRX0002144,2026-06-27 09:00:17,Electro Maya,electronica,Merida,TPV01-MER,Patricia Ramirez,patricia.ramirez130@correo.mx,8241,AMEX,3999.15,MXN,APROBADA,CHIP,N
TRX0002145,2026-04-07 14:34:53,CAFE AURORA,restaurante,Guadalajara,TPV02-GUA,Teresa Rivas,teresa.rivas6@correo.mx,1505,MASTERCARD,214.51,MXN,APROBADA,QR,N
TRX0002146,2026-04-03 09:50:07,GASOLINERA KM 12,combustible,Puebla,TPV04-PUE,Teresa Salazar,teresa.salazar118@correo.mx,4699,VISA,747.31,MXN,APROBADA,QR,N
TRX0002147,2026-02-16 11:54:53,SUPER NORTENO,Supermercado,Monterrey,TPV02-MON,Ana Herrera,ana.herrera83@correo.mx,1387,MASTERCARD,211.92,MXN,APROBADA,BANDA,N
TRX0002148,2026-06-29 17:04:59,Super Nortenio,SUPER,Monterrey,TPV04-MON,Carmen Rivas,carmen.rivas139@correo.mx,4822,AMEX,2535.95,MXN,REVERSADA,CHIP,N
TRX0002149,2026-05-12 18:29:58,Gasolinera Km 12,Combustible,Puebla,TPV03-PUE,Rocio Salazar,rocio.salazar98@correo.mx,9662,VISA,396.04,MXN,APROBADA,MANUAL,N
TRX0002150,2026-01-01 18:15:19,Viajes Altamar,Viajes,Cancun,TPV03-CAN,Fernando Gonzalez,fernando.gonzalez14@correo.mx,4950,MASTERCARD,39657.65,MXN,APROBADA,QR,N
TRX0002151,2026-03-17 19:35:27,Gasolinera Km 12,Combustible,Puebla,TPV02-PUE,Ana Herrera,ana.herrera83@correo.mx,1387,MASTERCARD,1247.78,MXN,REVERSADA,CHIP,N
TRX0002152,2026-04-04 13:56:23,SUPER NORTENO,SUPER,Monterrey,TPV04-MON,Carmen Rivas,carmen.rivas139@correo.mx,4822,AMEX,2490.75,MXN,APROBADA,CONTACTLESS,N
TRX0002153,2026-06-08 14:13:25,Gasolinera Km 12,combustible,Puebla,TPV01-PUE,Carmen Mendoza,carmen.mendoza95@correo.mx,6566,AMEX,1421.88,MXN,APROBADA,BANDA,N
TRX0002154,2026-01-12 10:15:24,SUPER NORTENO,supermercado,Monterrey,TPV03-MON,Fernando Nunez,fernando.nunez145@correo.mx,5858,AMEX,3441.2,MXN,APROBADA,CHIP,N
TRX0002155,2026-05-11 07:55:52,Boutique Iris,Ropa,Ciudad de Mexico,TPV03-CIU,Ana Nunez,ana.nunez17@correo.mx,9063,VISA,1921.71,MXN,APROBADA,QR,N
TRX0002156,2026-03-08 17:35:13,Cafe Aurora,restaurante,Guadalajara,TPV02-GUA,Raul Rivas,raul.rivas114@correo.mx,9720,MASTERCARD,228.8,MXN,APROBADA,CONTACTLESS,N
TRX0002157,2026-01-08 06:22:41,Boutique  Iris,Ropa,Ciudad de Mexico,TPV01-CIU,Lucia Ramirez,lucia.ramirez43@correo.mx,2509,VISA,5987.04,MXN,APROBADA,QR,N
TRX0002158,2026-06-15 19:52:30,FARMACIA DEL SOL,farmacia,Ciudad de Mexico,TPV04-CIU,Carmen Nunez,carmen.nunez31@correo.mx,6697,VISA,405.95,MXN,APROBADA,CONTACTLESS,N
TRX0002159,2026-05-09 19:29:18,Super Norteno,Supermercado,Monterrey,TPV03-MON,Miguel Nunez,miguel.nunez174@correo.mx,2390,MASTERCARD,1829.54,MXN,APROBADA,CHIP,N
TRX0002160,2026-05-22 19:58:51,Farmacia del Sol,Farmacia,Ciudad de Mexico,TPV02-CIU,Patricia Gonzalez,patricia.gonzalez33@correo.mx,8690,AMEX,166.57,MXN,APROBADA,QR,N
TRX0002161,2026-05-23 18:17:23,Gasolinera Km 12,Combustible,Puebla,TPV02-PUE,Sofia Salazar,sofia.salazar146@correo.mx,4742,VISA,1652.82,MXN,APROBADA,CHIP,N
TRX0002162,2026-03-03 10:50:54,Farmacia del Sol ,farmacia,Ciudad de Mexico,TPV04-CIU,Fernando Cortes,fernando.cortes170@correo.mx,6842,AMEX,614.6,MXN,APROBADA,QR,N
TRX0002163,2026-01-21 17:09:54,Super Norteno,supermercado,Monterrey,TPV01-MON,Raul Mendoza,raul.mendoza90@correo.mx,1177,AMEX,571.61,MXN,APROBADA,CONTACTLESS,N
TRX0002164,2026-01-03 15:26:12,Super Norteno,supermercado,Monterrey,TPV01-MON,Hector Mendoza,hector.mendoza71@correo.mx,6093,VISA,279.0,MXN,APROBADA,CHIP,N
TRX0002165,2026-03-05 19:25:55,Farmacia del Sol,farmacia,Ciudad de Mexico,TPV01-CIU,Fernando Rivas,fernando.rivas133@correo.mx,1834,VISA,560.35,MXN,APROBADA,BANDA,N
TRX0002166,2026-04-02 18:52:50,Farmacia del Sol ,Farmacia,Ciudad de Mexico,TPV03-CIU,Jorge Herrera,jorge.herrera46@correo.mx,2925,AMEX,347.01,MXN,APROBADA,BANDA,N
TRX0002167,2026-02-04 09:04:56,Cafe Aurora,restaurante,Guadalajara,TPV02-GUA,Luis Herrera,luis.herrera5@correo.mx,3036,MASTERCARD,212.03,MXN,APROBADA,QR,N
TRX0002168,2026-01-21 16:45:46,FARMACIA DEL SOL,Farmacia,Ciudad de Mexico,TPV04-CIU,Sofia Salazar,sofia.salazar146@correo.mx,4742,VISA,459.44,MXN,REVERSADA,CONTACTLESS,N
TRX0002169,2026-06-24 20:29:58,Farmacia del Sol,Farmacia,Ciudad de Mexico,TPV04-CIU,Jorge Herrera,jorge.herrera112@correo.mx,5612,MASTERCARD,211.6,MXN,APROBADA,QR,N
TRX0002170,2026-06-29 13:11:06,BOUTIQUE IRIS,ropa,Ciudad de Mexico,TPV02-CIU,Luis Rivas,luis.rivas99@correo.mx,1585,MASTERCARD,2044.74,MXN,RECHAZADA,CONTACTLESS,N
TRX0002171,2026-03-27 15:42:11,SUPER NORTENO,supermercado,Monterrey,TPV04-MON,Elena Vargas,elena.vargas148@correo.mx,7654,MASTERCARD,893.85,MXN,APROBADA,MANUAL,N
TRX0002172,2026-02-25 07:22:07,Boutique Iris,VESTIMENTA,Ciudad de Mexico,TPV01-CIU,Teresa Mendoza,teresa.mendoza55@correo.mx,6130,MASTERCARD,4461.66,MXN,APROBADA,MANUAL,N
TRX0002173,2026-03-29 13:48:57,Cafe Aurora,restaurante,Guadalajara,TPV03-GUA,Fernando Mendoza,fernando.mendoza57@correo.mx,6879,AMEX,69.49,MXN,APROBADA,CHIP,N
TRX0002174,2026-01-16 21:34:37,Super Nortenio,SUPER,Monterrey,TPV02-MON,Elena Ramirez,elena.ramirez4@correo.mx,8580,VISA,340.51,MXN,APROBADA,BANDA,N
TRX0002175,2026-03-28 18:12:46,Gasolinera Km 12,combustible,Puebla,TPV01-PUE,Lucia Gonzalez,lucia.gonzalez54@correo.mx,2892,AMEX,1024.39,MXN,RECHAZADA,CONTACTLESS,N
TRX0002176,2026-02-05 10:14:22,Super Nortenio,Supermercado,Monterrey,TPV03-MON,Hector Mendoza,hector.mendoza71@correo.mx,6093,VISA,3002.94,MXN,RECHAZADA,CHIP,N
TRX0002177,2026-06-10 19:18:52,Gasolinera Km 12,combustible,Puebla,TPV01-PUE,Raul Gonzalez,raul.gonzalez74@correo.mx,9447,VISA,1070.69,MXN,APROBADA,CHIP,N
TRX0002178,2026-02-25 07:15:43,Super Norteno,Supermercado,Monterrey,TPV04-MON,Raul Cortes,raul.cortes116@correo.mx,1792,MASTERCARD,1322.81,MXN,REVERSADA,CONTACTLESS,N
TRX0002179,2026-05-01 16:04:03,Boutique Iris,VESTIMENTA,Ciudad de Mexico,TPV03-CIU,Fernando Mendoza,fernando.mendoza57@correo.mx,8388,AMEX,5835.96,MXN,APROBADA,CHIP,N
TRX0002180,2026-01-11 20:18:06,Super Norteno,Supermercado,Monterrey,TPV04-MON,Jorge Gonzalez,jorge.gonzalez138@correo.mx,4950,AMEX,1739.4,MXN,APROBADA,QR,N
TRX0002181,2026-02-20 06:42:29,Viajes Altamar,viajes,Cancun,TPV03-CAN,Raul Delgado,raul.delgado169@correo.mx,7678,VISA,39878.61,MXN,APROBADA,CONTACTLESS,N
TRX0002182,2026-02-06 18:52:37,Farmacia del Sol,FARM,Ciudad de Mexico,TPV04-CIU,Rocio Rivas,rocio.rivas87@correo.mx,7957,VISA,803.81,MXN,APROBADA,BANDA,N
TRX0002183,2026-01-16 17:45:19,Farmacia del Sol ,Farmacia,Ciudad de Mexico,TPV02-CIU,Raul Nunez,raul.nunez70@correo.mx,2085,VISA,170.84,MXN,APROBADA,QR,N
TRX0002184,2026-04-19 21:18:53,Gasolinera Km 12,Combustible,Puebla,TPV01-PUE,Lucia Vargas,lucia.vargas7@correo.mx,4691,AMEX,502.01,MXN,APROBADA,QR,N
TRX0002185,2026-06-26 14:51:45,SUPER NORTENO,SUPER,Monterrey,TPV02-MON,Jorge Nunez,jorge.nunez29@correo.mx,5067,AMEX,1971.02,MXN,RECHAZADA,BANDA,N
TRX0002186,2026-06-13 15:09:14,Super Nortenio,SUPER,Monterrey,TPV03-MON,Sofia Salazar,sofia.salazar136@correo.mx,7202,AMEX,2221.36,MXN,APROBADA,CHIP,N
TRX0002187,2026-03-17 21:20:52,Gasolinera Km 12,combustible,Puebla,TPV04-PUE,Rocio Salazar,rocio.salazar98@correo.mx,9662,VISA,522.72,MXN,APROBADA,CHIP,N
TRX0002188,2026-02-13 20:25:39,Super Norteno,Supermercado,Monterrey,TPV01-MON,Raul Rivas,raul.rivas123@correo.mx,5837,MASTERCARD,2617.19,MXN,APROBADA,CHIP,N
TRX0002189,2026-06-05 17:52:04,Gasolinera Km 12,Combustible,Puebla,TPV03-PUE,Elena Ramirez,elena.ramirez4@correo.mx,8580,VISA,1421.97,MXN,APROBADA,BANDA,N
TRX0002190,2026-05-31 09:09:48,Super Norteno,supermercado,Monterrey,TPV02-MON,Miguel Nunez,miguel.nunez174@correo.mx,2390,MASTERCARD,2898.36,MXN,APROBADA,BANDA,N
TRX0002191,2026-03-30 11:58:28,Farmacia del Sol ,farmacia,Ciudad de Mexico,TPV01-CIU,Ana Salazar,ana.salazar158@correo.mx,2274,MASTERCARD,802.11,MXN,APROBADA,CHIP,N
TRX0002192,2026-04-04 20:59:37,Gasolinera Km 12,combustible,Puebla,TPV03-PUE,Ana Cortes,ana.cortes91@correo.mx,8806,AMEX,458.34,MXN,APROBADA,QR,N
TRX0002193,2026-06-14 11:47:43,CAFE AURORA,restaurante,Guadalajara,TPV04-GUA,Jorge Gonzalez,jorge.gonzalez138@correo.mx,4950,AMEX,379.53,MXN,APROBADA,CONTACTLESS,N
TRX0002194,2026-04-18 07:05:48,Super Nortenio,supermercado,Monterrey,TPV03-MON,Patricia Herrera,patricia.herrera13@correo.mx,1324,VISA,1676.64,MXN,APROBADA,CONTACTLESS,N
TRX0002195,2026-01-24 18:09:29,Farmacia del Sol ,FARM,Ciudad de Mexico,TPV04-CIU,Fernando Cortes,fernando.cortes170@correo.mx,6842,AMEX,817.34,MXN,APROBADA,BANDA,N
TRX0002196,2026-02-02 19:08:33,Super Norteno,supermercado,Monterrey,TPV03-MON,Miguel Trejo,miguel.trejo115@correo.mx,3481,MASTERCARD,1400.8,MXN,APROBADA,CONTACTLESS,N
TRX0002197,2026-05-23 13:25:37,Boutique Iris,Ropa,Ciudad de Mexico,TPV04-CIU,Elena Ramirez,elena.ramirez8@correo.mx,3648,MASTERCARD,4466.58,MXN,APROBADA,BANDA,N
TRX0002198,2026-05-04 18:39:02,BOUTIQUE IRIS,Ropa,Ciudad de Mexico,TPV04-CIU,Jorge Rivas,jorge.rivas78@correo.mx,8391,AMEX,2974.75,MXN,APROBADA,CONTACTLESS,N
TRX0002199,2026-04-30 17:22:15,Electro Maya,electronica,Merida,TPV04-MER,Patricia Delgado,patricia.delgado167@correo.mx,8972,VISA,9746.15,MXN,REVERSADA,CONTACTLESS,N
TRX0002200,2026-02-03 18:57:51,FARMACIA DEL SOL,Farmacia,Ciudad de Mexico,TPV01-CIU,Raul Mendoza,raul.mendoza90@correo.mx,1177,AMEX,434.54,MXN,APROBADA,CONTACTLESS,N
TRX0002201,2026-04-29 12:41:49,VIAJES ALTAMAR,viajes,Cancun,TPV03-CAN,Hector Nunez,hector.nunez38@correo.mx,3109,AMEX,21716.99,MXN,APROBADA,QR,N
TRX0002202,2026-02-08 13:37:48,GASOLINERA KM 12,combustible,Puebla,TPV04-PUE,Lucia Delgado,lucia.delgado141@correo.mx,6423,VISA,437.26,MXN,APROBADA,MANUAL,N
TRX0002203,2026-01-22 16:15:18,Super Norteno,SUPER,Monterrey,TPV02-MON,Sofia Rivas,sofia.rivas81@correo.mx,4001,VISA,3131.81,MXN,APROBADA,MANUAL,N
TRX0002204,2026-02-15 17:48:34,Gasolinera Km 12,combustible,Puebla,TPV02-PUE,Hector Nunez,hector.nunez38@correo.mx,3109,AMEX,958.86,MXN,APROBADA,CONTACTLESS,N
TRX0002205,2026-05-08 10:21:16,Farmacia del Sol,FARM,Ciudad de Mexico,TPV02-CIU,Elena Cortes,elena.cortes68@correo.mx,5599,AMEX,740.53,MXN,APROBADA,QR,N
TRX0002206,2026-02-16 15:17:01,Boutique  Iris,VESTIMENTA,Ciudad de Mexico,TPV01-CIU,Lucia Gonzalez,lucia.gonzalez54@correo.mx,2892,AMEX,5079.45,MXN,REVERSADA,QR,N
TRX0002207,2026-01-14 07:15:15,Super Nortenio,SUPER,Monterrey,TPV02-MON,Raul Gonzalez,raul.gonzalez179@correo.mx,8333,MASTERCARD,3364.2,MXN,APROBADA,CHIP,N
TRX0002208,2026-02-02 07:19:15,SUPER NORTENO,Supermercado,Monterrey,TPV02-MON,Miguel Nunez,miguel.nunez174@correo.mx,2390,MASTERCARD,395.89,MXN,APROBADA,MANUAL,N
TRX0002209,2026-04-02 09:23:31,BOUTIQUE IRIS,VESTIMENTA,Ciudad de Mexico,TPV01-CIU,Fernando Herrera,fernando.herrera177@correo.mx,7418,VISA,5381.66,MXN,APROBADA,MANUAL,N
TRX0002210,2026-05-24 18:13:44,Boutique  Iris,VESTIMENTA,Ciudad de Mexico,TPV02-CIU,Teresa Mendoza,teresa.mendoza55@correo.mx,6130,MASTERCARD,3210.31,MXN,REVERSADA,CONTACTLESS,N
TRX0002211,2026-06-04 06:00:18,Cafe Aurora,restaurante,Guadalajara,TPV03-GUA,Ivan Delgado,ivan.delgado59@correo.mx,3851,AMEX,327.71,MXN,APROBADA,CHIP,N
TRX0002212,2026-04-26 14:08:55,Boutique  Iris,VESTIMENTA,Ciudad de Mexico,TPV04-CIU,Carmen Gonzalez,carmen.gonzalez129@correo.mx,1346,MASTERCARD,3845.03,MXN,APROBADA,MANUAL,N
TRX0002213,2026-05-23 15:37:32,Super Nortenio,supermercado,Monterrey,TPV03-MON,Rocio Ramirez,rocio.ramirez12@correo.mx,2195,MASTERCARD,2376.49,MXN,APROBADA,CONTACTLESS,N
TRX0002214,2026-02-14 11:40:35,CAFE AURORA,restaurante,Guadalajara,TPV03-GUA,Elena Ramirez,elena.ramirez8@correo.mx,3648,MASTERCARD,130.64,MXN,APROBADA,QR,N
TRX0002215,2026-02-24 20:13:36,ELECTRO MAYA,Electronica,Merida,TPV01-MER,Rocio Ramirez,rocio.ramirez12@correo.mx,2195,MASTERCARD,5514.81,MXN,APROBADA,BANDA,N
TRX0002216,2026-04-03 13:40:10,SUPER NORTENO,Supermercado,Monterrey,TPV02-MON,Jorge Rivas,jorge.rivas78@correo.mx,8391,AMEX,1379.56,MXN,APROBADA,BANDA,S
TRX0002217,2026-02-26 12:03:36,Cafe Aurora,restaurante,Guadalajara,TPV03-GUA,Luis Trejo,luis.trejo1@correo.mx,7154,MASTERCARD,339.22,MXN,APROBADA,MANUAL,N
TRX0002218,2026-04-27 19:48:24,FARMACIA DEL SOL,farmacia,Ciudad de Mexico,TPV01-CIU,Lucia Delgado,lucia.delgado120@correo.mx,1162,AMEX,232.05,MXN,APROBADA,CHIP,N
TRX0002219,2026-02-25 19:50:03,Gasolinera Km 12,combustible,Puebla,TPV02-PUE,Jorge Vargas,jorge.vargas86@correo.mx,5040,MASTERCARD,819.12,MXN,APROBADA,QR,N
TRX0002220,2026-03-27 12:33:53,GASOLINERA KM 12,combustible,Puebla,TPV03-PUE,Patricia Rivas,patricia.rivas157@correo.mx,8006,VISA,1192.73,MXN,APROBADA,MANUAL,N
TRX0002221,2026-01-22 12:48:41,ELECTRO MAYA,ELECTRO,Merida,TPV03-MER,Ana Salazar,ana.salazar158@correo.mx,2274,MASTERCARD,15112.93,MXN,APROBADA,CHIP,N
TRX0002222,2026-02-28 08:42:35,CAFE AURORA,restaurante,Guadalajara,TPV04-GUA,Ana Cortes,ana.cortes53@correo.mx,3646,VISA,165.78,MXN,APROBADA,BANDA,N
TRX0002223,2026-02-14 15:00:13,SUPER NORTENO,Supermercado,Monterrey,TPV04-MON,Sofia Trejo,sofia.trejo80@correo.mx,8498,MASTERCARD,2105.56,MXN,RECHAZADA,QR,N
TRX0002224,2026-06-19 16:58:08,Boutique Iris,VESTIMENTA,Ciudad de Mexico,TPV03-CIU,Raul Nunez,raul.nunez70@correo.mx,2085,VISA,875.42,MXN,APROBADA,QR,N
TRX0002225,2026-01-31 08:37:07,Super Norteno,Supermercado,Monterrey,TPV03-MON,Lucia Gonzalez,lucia.gonzalez96@correo.mx,7074,VISA,2065.86,MXN,REVERSADA,CHIP,N
TRX0002226,2026-06-06 20:01:43,Cafe Aurora,restaurante,Guadalajara,TPV01-GUA,Lucia Gonzalez,lucia.gonzalez36@correo.mx,8401,AMEX,72.4,MXN,APROBADA,QR,N
TRX0002227,2026-06-28 12:44:33,CAFE AURORA,restaurante,Guadalajara,TPV02-GUA,Jorge Vargas,jorge.vargas86@correo.mx,5040,MASTERCARD,207.08,MXN,APROBADA,QR,N
TRX0002228,2026-05-18 07:29:29,CAFE AURORA,Restaurante,Guadalajara,TPV01-GUA,Hector Nunez,hector.nunez38@correo.mx,3109,AMEX,97.07,MXN,RECHAZADA,MANUAL,N
TRX0002229,2026-04-28 11:31:21,SUPER NORTENO,Supermercado,Monterrey,TPV04-MON,Luis Herrera,luis.herrera5@correo.mx,3036,MASTERCARD,269.29,MXN,REVERSADA,BANDA,N
TRX0002230,2026-05-08 13:38:17,FARMACIA DEL SOL,FARM,Ciudad de Mexico,TPV03-CIU,Luis Herrera,luis.herrera5@correo.mx,3036,MASTERCARD,814.84,MXN,APROBADA,CONTACTLESS,N
TRX0002231,2026-02-08 11:42:29,Super Nortenio,supermercado,Monterrey,TPV03-MON,Miguel Delgado,miguel.delgado23@correo.mx,3807,VISA,3286.32,MXN,APROBADA,MANUAL,N
TRX0002232,2026-06-17 06:56:56,Super Norteno,supermercado,Monterrey,TPV01-MON,Elena Zamora,elena.zamora16@correo.mx,2698,VISA,979.11,MXN,RECHAZADA,QR,N
TRX0002233,2026-04-28 16:01:14,BOUTIQUE IRIS,ropa,Ciudad de Mexico,TPV01-CIU,Hector Herrera,hector.herrera79@correo.mx,6221,MASTERCARD,2857.5,MXN,RECHAZADA,QR,N
TRX0002234,2026-02-21 21:29:47,Super Norteno,supermercado,Monterrey,TPV03-MON,Ana Vargas,ana.vargas44@correo.mx,1097,AMEX,2840.42,MXN,APROBADA,BANDA,N
TRX0002235,2026-05-15 15:07:23,Super Nortenio,SUPER,Monterrey,TPV02-MON,Ana Vargas,ana.vargas60@correo.mx,5862,AMEX,2836.97,MXN,REVERSADA,QR,N
TRX0002236,2026-04-18 16:25:23,ELECTRO MAYA,electronica,Merida,TPV04-MER,Raul Delgado,raul.delgado122@correo.mx,1413,VISA,21417.81,MXN,APROBADA,MANUAL,N
TRX0002237,2026-04-02 16:43:38,Farmacia del Sol,farmacia,Ciudad de Mexico,TPV03-CIU,Lucia Herrera,lucia.herrera11@correo.mx,1104,VISA,172.95,MXN,APROBADA,CHIP,N
TRX0002238,2026-02-09 13:23:39,Gasolinera Km 12,combustible,Puebla,TPV03-PUE,Lucia Gonzalez,lucia.gonzalez54@correo.mx,2892,AMEX,1454.79,MXN,APROBADA,BANDA,N
TRX0002239,2026-06-10 14:34:43,FARMACIA DEL SOL,farmacia,Ciudad de Mexico,TPV02-CIU,Patricia Ramirez,patricia.ramirez130@correo.mx,8241,AMEX,237.98,MXN,APROBADA,QR,N
TRX0002240,2026-06-12 16:50:34,Super Nortenio,Supermercado,Monterrey,TPV04-MON,Jorge Mendoza,jorge.mendoza47@correo.mx,7512,AMEX,2935.48,MXN,APROBADA,MANUAL,N
TRX0002241,2026-01-05 14:15:31,Cafe Aurora,restaurante,Guadalajara,TPV01-GUA,Lucia Gonzalez,lucia.gonzalez54@correo.mx,2892,AMEX,96.21,MXN,APROBADA,CONTACTLESS,N
TRX0002242,2026-04-24 18:43:31,Electro Maya,Electronica,Merida,TPV02-MER,Lucia Vargas,lucia.vargas131@correo.mx,3615,MASTERCARD,7938.44,MXN,APROBADA,MANUAL,N
TRX0002243,2026-02-09 21:11:09,SUPER NORTENO,SUPER,Monterrey,TPV01-MON,Ivan Ramirez,ivan.ramirez45@correo.mx,8146,AMEX,1669.5,MXN,RECHAZADA,QR,N
TRX0002244,2026-04-29 11:24:41,Cafe Aurora,restaurante,Guadalajara,TPV04-GUA,Hector Delgado,hector.delgado137@correo.mx,3321,AMEX,121.25,MXN,APROBADA,MANUAL,N
TRX0002245,2026-05-25 18:11:07,FARMACIA DEL SOL,Farmacia,Ciudad de Mexico,TPV01-CIU,Elena Ramirez,elena.ramirez144@correo.mx,3433,VISA,339.2,MXN,APROBADA,CHIP,N
TRX0002246,2026-05-10 21:23:12,Super Norteno,supermercado,Monterrey,TPV04-MON,Lucia Gonzalez,lucia.gonzalez54@correo.mx,2892,AMEX,768.31,MXN,APROBADA,MANUAL,N
TRX0002247,2026-03-30 06:08:24,Farmacia del Sol,FARM,Ciudad de Mexico,TPV02-CIU,Ivan Trejo,ivan.trejo180@correo.mx,8045,MASTERCARD,735.07,MXN,RECHAZADA,MANUAL,N
TRX0002248,2026-03-12 21:16:42,Gasolinera Km 12,Combustible,Puebla,TPV03-PUE,Fernando Vargas,fernando.vargas65@correo.mx,6811,AMEX,352.6,MXN,APROBADA,BANDA,N
TRX0002249,2026-02-25 20:43:09,Electro Maya,Electronica,Merida,TPV03-MER,Ivan Mendoza,ivan.mendoza21@correo.mx,2908,MASTERCARD,13998.54,MXN,APROBADA,QR,N
TRX0002250,2026-04-06 20:24:15,Super Norteno,supermercado,Monterrey,TPV03-MON,Ivan Mendoza,ivan.mendoza21@correo.mx,2908,MASTERCARD,1130.82,MXN,APROBADA,QR,N
TRX0002251,2026-03-03 06:24:13,Boutique Iris,ropa,Ciudad de Mexico,TPV04-CIU,Patricia Cortes,patricia.cortes160@correo.mx,4485,VISA,2452.47,MXN,APROBADA,CONTACTLESS,N
TRX0002252,2026-03-10 20:47:53,Super Nortenio,supermercado,Monterrey,TPV03-MON,Miguel Trejo,miguel.trejo115@correo.mx,3481,MASTERCARD,468.46,MXN,APROBADA,BANDA,N
TRX0002253,2026-05-15 19:46:57,GASOLINERA KM 12,combustible,Puebla,TPV03-PUE,Carmen Rivas,carmen.rivas139@correo.mx,4822,AMEX,694.04,MXN,RECHAZADA,QR,N
TRX0002254,2026-03-21 18:39:53,GASOLINERA KM 12,Combustible,Puebla,TPV03-PUE,Patricia Mendoza,patricia.mendoza140@correo.mx,5378,VISA,837.59,MXN,APROBADA,CHIP,N
TRX0002255,2026-04-28 14:08:35,Farmacia del Sol,farmacia,Ciudad de Mexico,TPV03-CIU,Lucia Gonzalez,lucia.gonzalez54@correo.mx,2892,AMEX,302.25,MXN,APROBADA,MANUAL,N
TRX0002256,2026-04-29 08:21:11,Farmacia del Sol ,farmacia,Ciudad de Mexico,TPV03-CIU,Raul Rivas,raul.rivas123@correo.mx,5837,MASTERCARD,156.97,MXN,APROBADA,CONTACTLESS,N
TRX0002257,2026-02-27 12:24:20,FARMACIA DEL SOL,farmacia,Ciudad de Mexico,TPV01-CIU,Elena Gonzalez,elena.gonzalez143@correo.mx,1660,MASTERCARD,584.14,MXN,APROBADA,QR,N
TRX0002258,2026-05-16 14:41:18,Super Norteno,supermercado,Monterrey,TPV04-MON,Raul Vargas,raul.vargas106@correo.mx,1214,AMEX,1982.4,MXN,APROBADA,MANUAL,N
TRX0002259,2026-01-16 12:40:14,BOUTIQUE IRIS,Ropa,Ciudad de Mexico,TPV01-CIU,Patricia Salazar,patricia.salazar69@correo.mx,4268,MASTERCARD,5842.44,MXN,APROBADA,BANDA,N
TRX0002260,2026-01-29 06:16:39,Super Nortenio,Supermercado,Monterrey,TPV02-MON,Luis Herrera,luis.herrera5@correo.mx,3036,MASTERCARD,2896.38,MXN,RECHAZADA,BANDA,N
TRX0002261,2026-05-04 08:36:57,FARMACIA DEL SOL,FARM,Ciudad de Mexico,TPV03-CIU,Elena Delgado,elena.delgado149@correo.mx,9248,MASTERCARD,604.23,MXN,RECHAZADA,MANUAL,N
TRX0002262,2026-03-01 14:50:07,Cafe Aurora,restaurante,Guadalajara,TPV02-GUA,Raul Zamora,raul.zamora124@correo.mx,6787,AMEX,104.15,MXN,APROBADA,CONTACTLESS,N
TRX0002263,2026-03-10 14:53:49,SUPER NORTENO,SUPER,Monterrey,TPV04-MON,Jorge Vargas,jorge.vargas86@correo.mx,5040,MASTERCARD,797.98,MXN,APROBADA,CONTACTLESS,N
TRX0002264,2026-03-14 10:53:11,Super Norteno,supermercado,Monterrey,TPV02-MON,Raul Delgado,raul.delgado122@correo.mx,1413,VISA,3183.82,MXN,APROBADA,QR,N
TRX0002265,2026-01-19 10:38:54,BOUTIQUE IRIS,VESTIMENTA,Ciudad de Mexico,TPV03-CIU,Luis Ramirez,luis.ramirez58@correo.mx,6479,AMEX,3736.94,MXN,APROBADA,CONTACTLESS,N
TRX0002266,2026-06-26 10:20:24,SUPER NORTENO,supermercado,Monterrey,TPV02-MON,Rocio Zamora,rocio.zamora85@correo.mx,2544,AMEX,1484.17,MXN,APROBADA,MANUAL,N
TRX0002267,2026-01-28 21:16:56,Boutique Iris,ropa,Ciudad de Mexico,TPV02-CIU,Carmen Vargas,carmen.vargas161@correo.mx,3446,MASTERCARD,3445.66,MXN,REVERSADA,CHIP,N
TRX0002268,2026-04-22 13:03:11,FARMACIA DEL SOL,farmacia,Ciudad de Mexico,TPV01-CIU,Elena Ramirez,elena.ramirez8@correo.mx,3648,MASTERCARD,378.65,MXN,RECHAZADA,QR,N
TRX0002269,2026-06-25 12:32:08,SUPER NORTENO,Supermercado,Monterrey,TPV04-MON,Ana Vargas,ana.vargas60@correo.mx,5862,AMEX,2797.15,MXN,APROBADA,MANUAL,N
TRX0002270,2026-03-08 14:06:24,Super Nortenio,Supermercado,Monterrey,TPV02-MON,Ivan Delgado,ivan.delgado59@correo.mx,3851,AMEX,1954.41,MXN,REVERSADA,CONTACTLESS,N
TRX0002271,2026-03-26 09:01:08,Super Norteno,supermercado,Monterrey,TPV02-MON,Lucia Delgado,lucia.delgado141@correo.mx,6423,VISA,1894.9,MXN,APROBADA,QR,N
TRX0002272,2026-02-16 13:41:17,Super Norteno,Supermercado,Monterrey,TPV03-MON,Ana Trejo,ana.trejo51@correo.mx,9690,MASTERCARD,1182.26,MXN,APROBADA,BANDA,N
TRX0002273,2026-03-01 14:02:26,VIAJES ALTAMAR,Viajes,Cancun,TPV04-CAN,Elena Zamora,elena.zamora151@correo.mx,7344,AMEX,25082.98,MXN,REVERSADA,CHIP,N
TRX0002274,2026-04-01 11:19:16,Boutique  Iris,VESTIMENTA,Ciudad de Mexico,TPV01-CIU,Patricia Mendoza,patricia.mendoza140@correo.mx,8731,VISA,4607.23,MXN,APROBADA,CHIP,N
TRX0002275,2026-05-01 19:15:38,Electro Maya,Electronica,Merida,TPV03-MER,Lucia Herrera,lucia.herrera11@correo.mx,1104,VISA,4772.45,MXN,APROBADA,QR,N
TRX0002276,2026-06-20 18:48:15,SUPER NORTENO,Supermercado,Monterrey,TPV04-MON,Miguel Trejo,miguel.trejo115@correo.mx,2634,VISA,3246.92,MXN,REVERSADA,BANDA,N
TRX0002277,2026-06-01 18:26:11,FARMACIA DEL SOL,Farmacia,Ciudad de Mexico,TPV04-CIU,Fernando Rivas,fernando.rivas133@correo.mx,1834,VISA,456.55,MXN,APROBADA,CHIP,N
TRX0002278,2026-02-05 13:35:13,SUPER NORTENO,Supermercado,Monterrey,TPV04-MON,Sofia Cortes,sofia.cortes153@correo.mx,1495,AMEX,3315.32,MXN,APROBADA,QR,N
TRX0002279,2026-03-23 07:00:15,Super Norteno,supermercado,Monterrey,TPV01-MON,Jorge Rivas,jorge.rivas147@correo.mx,5919,MASTERCARD,1436.21,MXN,APROBADA,CONTACTLESS,N
TRX0002280,2026-05-13 21:23:17,Boutique  Iris,VESTIMENTA,Ciudad de Mexico,TPV02-CIU,Luis Salazar,luis.salazar75@correo.mx,4376,MASTERCARD,552.42,MXN,APROBADA,CHIP,N
TRX0002281,2026-05-19 21:34:04,Super Nortenio,Supermercado,Monterrey,TPV01-MON,Hector Nunez,hector.nunez38@correo.mx,3109,AMEX,2291.26,MXN,RECHAZADA,QR,N
TRX0002282,2026-05-12 19:15:20,SUPER NORTENO,supermercado,Monterrey,TPV02-MON,Rocio Cortes,rocio.cortes103@correo.mx,8270,VISA,2809.82,MXN,APROBADA,MANUAL,N
TRX0002283,2026-01-24 13:34:14,FARMACIA DEL SOL,Farmacia,Ciudad de Mexico,TPV03-CIU,Fernando Vargas,fernando.vargas65@correo.mx,6811,AMEX,257.26,MXN,APROBADA,CONTACTLESS,N
TRX0002284,2026-01-23 19:35:56,Super Norteno,SUPER,Monterrey,TPV02-MON,Raul Mendoza,raul.mendoza90@correo.mx,1177,AMEX,385.59,MXN,APROBADA,BANDA,N
TRX0002285,2026-03-30 10:12:16,CAFE AURORA,restaurante,Guadalajara,TPV03-GUA,Ana Cortes,ana.cortes91@correo.mx,8806,AMEX,413.15,MXN,APROBADA,BANDA,N
TRX0002286,2026-04-04 09:24:38,Super Nortenio,Supermercado,Monterrey,TPV01-MON,Elena Delgado,elena.delgado149@correo.mx,9248,MASTERCARD,2867.74,MXN,APROBADA,BANDA,N
TRX0002287,2026-02-21 08:56:49,GASOLINERA KM 12,combustible,Puebla,TPV01-PUE,Raul Delgado,raul.delgado169@correo.mx,7678,VISA,1433.96,MXN,REVERSADA,CONTACTLESS,N
TRX0002288,2026-01-03 08:20:29,Super Norteno,SUPER,Monterrey,TPV04-MON,Raul Delgado,raul.delgado169@correo.mx,7678,VISA,3301.41,MXN,APROBADA,BANDA,N
TRX0002289,2026-02-02 10:03:18,Super Norteno,supermercado,Monterrey,TPV04-MON,Carmen Nunez,carmen.nunez31@correo.mx,6697,VISA,1534.34,MXN,APROBADA,BANDA,N
TRX0002290,2026-06-27 12:37:19,Farmacia del Sol ,farmacia,Ciudad de Mexico,TPV02-CIU,Jorge Herrera,jorge.herrera46@correo.mx,2925,AMEX,394.97,MXN,RECHAZADA,CONTACTLESS,N
TRX0002291,2026-05-23 11:43:43,CAFE AURORA,restaurante,Guadalajara,TPV02-GUA,Raul Vargas,raul.vargas135@correo.mx,8290,AMEX,203.16,MXN,APROBADA,MANUAL,N
TRX0002292,2026-02-20 18:42:04,Super Norteno,supermercado,Monterrey,TPV01-MON,Lucia Gonzalez,lucia.gonzalez36@correo.mx,8401,AMEX,3177.7,MXN,APROBADA,CHIP,N
TRX0002293,2026-03-30 07:30:07,SUPER NORTENO,supermercado,Monterrey,TPV03-MON,Teresa Salazar,teresa.salazar118@correo.mx,4699,VISA,3011.86,MXN,REVERSADA,BANDA,N
TRX0002294,2026-03-25 15:13:31,BOUTIQUE IRIS,Ropa,Ciudad de Mexico,TPV01-CIU,Fernando Ramirez,fernando.ramirez126@correo.mx,7487,AMEX,453.01,MXN,APROBADA,CHIP,N
TRX0002295,2026-06-08 21:40:04,Farmacia del Sol,Farmacia,Ciudad de Mexico,TPV04-CIU,Miguel Trejo,miguel.trejo115@correo.mx,3481,MASTERCARD,733.72,MXN,APROBADA,QR,N
TRX0002296,2026-01-10 08:51:48,SUPER NORTENO,Supermercado,Monterrey,TPV02-MON,Fernando Nunez,fernando.nunez145@correo.mx,8489,AMEX,2920.75,MXN,APROBADA,QR,N
TRX0002297,2026-01-01 10:52:31,Cafe Aurora,restaurante,Guadalajara,TPV02-GUA,Elena Rivas,elena.rivas20@correo.mx,9752,AMEX,183.05,MXN,APROBADA,QR,N
TRX0002298,2026-02-10 20:38:48,Super Nortenio,Supermercado,Monterrey,TPV01-MON,Elena Trejo,elena.trejo73@correo.mx,9973,AMEX,2566.27,MXN,APROBADA,MANUAL,N
TRX0002299,2026-05-11 10:21:10,CAFE AURORA,restaurante,Guadalajara,TPV04-GUA,Lucia Vargas,lucia.vargas64@correo.mx,5333,VISA,286.7,MXN,REVERSADA,BANDA,N
TRX0002300,2026-04-04 10:24:49,Farmacia del Sol,FARM,Ciudad de Mexico,TPV03-CIU,Ana Cortes,ana.cortes53@correo.mx,3646,VISA,830.3,MXN,APROBADA,BANDA,N
TRX0002301,2026-04-19 21:58:31,Farmacia del Sol ,farmacia,Ciudad de Mexico,TPV01-CIU,Elena Zamora,elena.zamora16@correo.mx,2698,VISA,274.32,MXN,REVERSADA,CONTACTLESS,N
TRX0002302,2026-06-25 08:37:00,Super Nortenio,Supermercado,Monterrey,TPV03-MON,Raul Gonzalez,raul.gonzalez179@correo.mx,8333,MASTERCARD,833.12,MXN,REVERSADA,BANDA,N
TRX0002303,2026-06-06 10:44:54,SUPER NORTENO,Supermercado,Monterrey,TPV03-MON,Lucia Delgado,lucia.delgado120@correo.mx,1162,AMEX,3187.4,MXN,RECHAZADA,MANUAL,N
TRX0002304,2026-03-11 17:37:15,Electro Maya,ELECTRO,Merida,TPV02-MER,Patricia Vargas,patricia.vargas26@correo.mx,4933,VISA,18186.09,MXN,APROBADA,BANDA,N
TRX0002305,2026-01-07 07:07:11,Farmacia del Sol ,Farmacia,Ciudad de Mexico,TPV03-CIU,Teresa Herrera,teresa.herrera35@correo.mx,4201,VISA,691.05,MXN,APROBADA,QR,N
TRX0002306,2026-04-22 10:49:10,FARMACIA DEL SOL,FARM,Ciudad de Mexico,TPV04-CIU,Ana Trejo,ana.trejo51@correo.mx,9690,MASTERCARD,234.09,MXN,REVERSADA,CHIP,N
TRX0002307,2026-01-03 21:36:24,Boutique Iris,ropa,Ciudad de Mexico,TPV04-CIU,Elena Vargas,elena.vargas89@correo.mx,5689,VISA,1848.65,MXN,APROBADA,BANDA,N
TRX0002308,2026-02-03 06:24:17,Farmacia del Sol ,farmacia,Ciudad de Mexico,TPV03-CIU,Lucia Vargas,lucia.vargas131@correo.mx,3615,MASTERCARD,531.5,MXN,RECHAZADA,QR,N
TRX0002309,2026-06-05 11:37:14,CAFE AURORA,Restaurante,Guadalajara,TPV03-GUA,Elena Zamora,elena.zamora16@correo.mx,2698,VISA,232.46,MXN,RECHAZADA,CONTACTLESS,N
TRX0002310,2026-06-24 08:14:51,FARMACIA DEL SOL,Farmacia,Ciudad de Mexico,TPV01-CIU,Teresa Gonzalez,teresa.gonzalez24@correo.mx,8230,VISA,306.26,MXN,APROBADA,QR,N
TRX0002311,2026-01-27 17:22:14,GASOLINERA KM 12,Combustible,Puebla,TPV02-PUE,Ivan Gonzalez,ivan.gonzalez41@correo.mx,2888,AMEX,1049.89,MXN,APROBADA,QR,N
TRX0002312,2026-04-15 11:12:49,Gasolinera Km 12,Combustible,Puebla,TPV04-PUE,Ivan Delgado,ivan.delgado162@correo.mx,2492,AMEX,480.53,MXN,APROBADA,MANUAL,N
TRX0002313,2026-06-25 15:33:24,SUPER NORTENO,supermercado,Monterrey,TPV02-MON,Raul Mendoza,raul.mendoza90@correo.mx,1177,AMEX,1374.49,MXN,APROBADA,QR,N
TRX0002314,2026-04-23 06:57:00,SUPER NORTENO,Supermercado,Monterrey,TPV01-MON,Raul Trejo,raul.trejo125@correo.mx,4936,VISA,965.46,MXN,APROBADA,CONTACTLESS,N
TRX0002315,2026-05-09 09:22:08,FARMACIA DEL SOL,farmacia,Ciudad de Mexico,TPV02-CIU,Ana Mendoza,ana.mendoza27@correo.mx,5764,VISA,863.37,MXN,APROBADA,BANDA,N
TRX0002316,2026-01-10 10:43:18,CAFE AURORA,restaurante,Guadalajara,TPV02-GUA,Ana Cortes,ana.cortes53@correo.mx,3646,VISA,104.61,MXN,APROBADA,QR,N
TRX0002317,2026-05-19 11:51:12,Farmacia del Sol,Farmacia,Ciudad de Mexico,TPV03-CIU,Fernando Mendoza,fernando.mendoza109@correo.mx,1447,AMEX,402.79,MXN,APROBADA,CONTACTLESS,N
TRX0002318,2026-04-04 12:42:34,Cafe Aurora,restaurante,Guadalajara,TPV03-GUA,Jorge Herrera,jorge.herrera46@correo.mx,2925,AMEX,338.8,MXN,APROBADA,BANDA,N
TRX0002319,2026-01-21 11:29:28,Cafe Aurora,Restaurante,Guadalajara,TPV02-GUA,Jorge Mendoza,jorge.mendoza47@correo.mx,7512,AMEX,449.83,MXN,APROBADA,CONTACTLESS,N
TRX0002320,2026-05-29 21:16:17,Farmacia del Sol ,farmacia,Ciudad de Mexico,TPV01-CIU,Raul Gonzalez,raul.gonzalez74@correo.mx,9447,VISA,177.98,MXN,REVERSADA,CONTACTLESS,N
TRX0002321,2026-04-30 07:02:31,Boutique Iris,Ropa,Ciudad de Mexico,TPV01-CIU,Ana Delgado,ana.delgado171@correo.mx,8676,MASTERCARD,1015.01,MXN,RECHAZADA,MANUAL,N
TRX0002322,2026-05-27 15:26:16,Farmacia del Sol,Farmacia,Ciudad de Mexico,TPV01-CIU,Carmen Ramirez,carmen.ramirez111@correo.mx,1829,VISA,122.11,MXN,APROBADA,MANUAL,N
TRX0002323,2026-04-20 13:15:16,Super Nortenio,supermercado,Monterrey,TPV03-MON,Fernando Rivas,fernando.rivas133@correo.mx,6714,MASTERCARD,1696.82,MXN,APROBADA,BANDA,N
TRX0002324,2026-05-17 13:57:09,Farmacia del Sol ,Farmacia,Ciudad de Mexico,TPV04-CIU,Ana Cortes,ana.cortes91@correo.mx,8806,AMEX,659.38,MXN,APROBADA,CHIP,N
TRX0002325,2026-06-07 16:33:07,FARMACIA DEL SOL,FARM,Ciudad de Mexico,TPV02-CIU,Ivan Delgado,ivan.delgado162@correo.mx,2492,AMEX,546.94,MXN,RECHAZADA,CHIP,N
TRX0002326,2026-02-13 21:11:32,SUPER NORTENO,SUPER,Monterrey,TPV02-MON,Lucia Trejo,lucia.trejo92@correo.mx,3905,MASTERCARD,915.7,MXN,APROBADA,CHIP,N
TRX0002327,2026-01-25 07:45:19,Cafe Aurora,restaurante,Guadalajara,TPV04-GUA,Jorge Herrera,jorge.herrera46@correo.mx,2925,AMEX,469.0,MXN,APROBADA,CHIP,N
TRX0002328,2026-01-04 14:10:55,Farmacia del Sol ,Farmacia,Ciudad de Mexico,TPV01-CIU,Ana Vargas,ana.vargas44@correo.mx,1097,AMEX,197.37,MXN,APROBADA,QR,N
TRX0002329,2026-01-05 18:35:14,SUPER NORTENO,SUPER,Monterrey,TPV03-MON,Elena Trejo,elena.trejo113@correo.mx,4568,MASTERCARD,2708.95,MXN,APROBADA,CHIP,N
TRX0002330,2026-03-08 17:47:29,Farmacia del Sol ,FARM,Ciudad de Mexico,TPV03-CIU,Jorge Herrera,jorge.herrera112@correo.mx,5612,MASTERCARD,672.59,MXN,APROBADA,CONTACTLESS,N
TRX0002331,2026-02-15 21:24:08,Boutique Iris,Ropa,Ciudad de Mexico,TPV01-CIU,Teresa Rivas,teresa.rivas25@correo.mx,6114,AMEX,4556.23,MXN,APROBADA,CHIP,N
TRX0002332,2026-03-05 10:49:25,Boutique  Iris,ropa,Ciudad de Mexico,TPV01-CIU,Jorge Rivas,jorge.rivas147@correo.mx,5919,MASTERCARD,5769.42,MXN,RECHAZADA,MANUAL,N
TRX0002333,2026-03-22 16:58:08,Super Nortenio,SUPER,Monterrey,TPV04-MON,Raul Delgado,raul.delgado105@correo.mx,6357,VISA,288.25,MXN,APROBADA,QR,N
TRX0002334,2026-05-09 16:22:25,CAFE AURORA,Restaurante,Guadalajara,TPV03-GUA,Patricia Rivas,patricia.rivas157@correo.mx,8006,VISA,154.64,MXN,APROBADA,QR,N
TRX0002335,2026-03-04 20:21:49,Boutique  Iris,ropa,Ciudad de Mexico,TPV01-CIU,Hector Mendoza,hector.mendoza71@correo.mx,6093,VISA,3873.45,MXN,APROBADA,CONTACTLESS,N
TRX0002336,2026-06-09 14:06:38,Boutique  Iris,ropa,Ciudad de Mexico,TPV01-CIU,Fernando Ramirez,fernando.ramirez126@correo.mx,7487,AMEX,5245.64,MXN,REVERSADA,MANUAL,N
TRX0002337,2026-01-28 12:15:54,Super Norteno,Supermercado,Monterrey,TPV02-MON,Raul Rivas,raul.rivas123@correo.mx,5837,MASTERCARD,1331.5,MXN,RECHAZADA,CONTACTLESS,N
TRX0002338,2026-06-02 08:46:42,GASOLINERA KM 12,combustible,Puebla,TPV03-PUE,Rocio Zamora,rocio.zamora85@correo.mx,2544,AMEX,384.09,MXN,APROBADA,BANDA,N
TRX0002339,2026-06-24 19:47:53,Super Norteno,Supermercado,Monterrey,TPV01-MON,Carmen Ramirez,carmen.ramirez111@correo.mx,1829,VISA,996.02,MXN,APROBADA,BANDA,N
TRX0002340,2026-05-08 15:41:19,GASOLINERA KM 12,Combustible,Puebla,TPV01-PUE,Elena Trejo,elena.trejo73@correo.mx,9973,AMEX,1200.98,MXN,APROBADA,BANDA,N
TRX0002341,2026-04-11 09:23:44,Farmacia del Sol ,Farmacia,Ciudad de Mexico,TPV02-CIU,Fernando Zamora,fernando.zamora156@correo.mx,3541,MASTERCARD,828.97,MXN,APROBADA,MANUAL,N
TRX0002342,2026-06-12 14:01:42,CAFE AURORA,Restaurante,Guadalajara,TPV03-GUA,Patricia Herrera,patricia.herrera13@correo.mx,1324,VISA,401.24,MXN,APROBADA,BANDA,N
TRX0002343,2026-03-31 19:32:43,FARMACIA DEL SOL,farmacia,Ciudad de Mexico,TPV02-CIU,Raul Delgado,raul.delgado105@correo.mx,6357,VISA,496.37,MXN,APROBADA,QR,N
TRX0002344,2026-03-29 21:26:03,Super Nortenio,SUPER,Monterrey,TPV04-MON,Raul Vargas,raul.vargas135@correo.mx,8290,AMEX,2392.21,MXN,APROBADA,QR,N
TRX0002345,2026-05-26 08:38:20,Farmacia del Sol,Farmacia,Ciudad de Mexico,TPV01-CIU,Luis Zamora,luis.zamora9@correo.mx,1462,AMEX,637.4,MXN,REVERSADA,QR,N
TRX0002346,2026-04-29 06:48:32,Super Norteno,Supermercado,Monterrey,TPV01-MON,Fernando Nunez,fernando.nunez145@correo.mx,8489,AMEX,3361.02,MXN,RECHAZADA,MANUAL,N
TRX0002347,2026-06-22 20:07:16,Farmacia del Sol ,farmacia,Ciudad de Mexico,TPV03-CIU,Ana Salazar,ana.salazar158@correo.mx,2274,MASTERCARD,663.19,MXN,APROBADA,QR,N
TRX0002348,2026-06-03 06:01:38,FARMACIA DEL SOL,FARM,Ciudad de Mexico,TPV02-CIU,Jorge Gonzalez,jorge.gonzalez138@correo.mx,4950,AMEX,772.09,MXN,APROBADA,CHIP,N
TRX0002349,2026-05-09 15:33:56,SUPER NORTENO,supermercado,Monterrey,TPV04-MON,Sofia Ramirez,sofia.ramirez84@correo.mx,1287,MASTERCARD,3257.68,MXN,APROBADA,MANUAL,N
TRX0002350,2026-05-10 18:29:41,Super Nortenio,Supermercado,Monterrey,TPV03-MON,Jorge Nunez,jorge.nunez121@correo.mx,1683,AMEX,1630.24,MXN,APROBADA,CHIP,N
TRX0002351,2026-06-04 12:29:46,CAFE AURORA,restaurante,Guadalajara,TPV04-GUA,Elena Zamora,elena.zamora16@correo.mx,2698,VISA,264.54,MXN,APROBADA,CHIP,N
TRX0002352,2026-04-26 06:07:18,Farmacia del Sol,FARM,Ciudad de Mexico,TPV01-CIU,Elena Zamora,elena.zamora151@correo.mx,7344,AMEX,360.1,MXN,APROBADA,CONTACTLESS,N
TRX0002353,2026-06-16 09:28:18,VIAJES ALTAMAR,viajes,Cancun,TPV03-CAN,Jorge Rivas,jorge.rivas78@correo.mx,8391,AMEX,22436.11,MXN,APROBADA,CHIP,N
TRX0002354,2026-05-13 14:38:13,Farmacia del Sol ,farmacia,Ciudad de Mexico,TPV02-CIU,Patricia Mendoza,patricia.mendoza107@correo.mx,8089,MASTERCARD,897.68,MXN,APROBADA,MANUAL,N
TRX0002355,2026-03-05 08:13:47,Farmacia del Sol ,FARM,Ciudad de Mexico,TPV04-CIU,Ana Rivas,ana.rivas117@correo.mx,2975,MASTERCARD,795.98,MXN,REVERSADA,BANDA,N
TRX0002356,2026-03-04 08:52:20,Gasolinera Km 12,combustible,Puebla,TPV02-PUE,Miguel Ramirez,miguel.ramirez132@correo.mx,5849,MASTERCARD,1207.42,MXN,RECHAZADA,CHIP,N
TRX0002357,2026-06-12 18:26:21,Farmacia del Sol ,farmacia,Ciudad de Mexico,TPV02-CIU,Teresa Mendoza,teresa.mendoza55@correo.mx,6130,MASTERCARD,850.82,MXN,APROBADA,CHIP,N
TRX0002358,2026-01-23 13:54:21,Cafe Aurora,Restaurante,Guadalajara,TPV01-GUA,Raul Nunez,raul.nunez70@correo.mx,5287,AMEX,460.61,MXN,APROBADA,MANUAL,N
TRX0002359,2026-03-31 19:22:04,ELECTRO MAYA,Electronica,Merida,TPV04-MER,Fernando Nunez,fernando.nunez145@correo.mx,8489,AMEX,15476.39,MXN,APROBADA,MANUAL,N
TRX0002360,2026-03-20 12:19:53,BOUTIQUE IRIS,VESTIMENTA,Ciudad de Mexico,TPV02-CIU,Carmen Vargas,carmen.vargas161@correo.mx,3446,MASTERCARD,3785.88,MXN,APROBADA,CHIP,N
TRX0002361,2026-06-03 11:19:46,SUPER NORTENO,SUPER,Monterrey,TPV03-MON,Sofia Nunez,sofia.nunez56@correo.mx,5954,AMEX,2282.64,MXN,APROBADA,CONTACTLESS,N
TRX0002362,2026-01-01 20:17:25,Super Nortenio,Supermercado,Monterrey,TPV04-MON,Patricia Delgado,patricia.delgado67@correo.mx,2557,MASTERCARD,555.46,MXN,RECHAZADA,CONTACTLESS,N
TRX0002363,2026-03-10 11:55:44,CAFE AURORA,Restaurante,Guadalajara,TPV03-GUA,Sofia Rivas,sofia.rivas93@correo.mx,4177,VISA,310.15,MXN,REVERSADA,QR,N
TRX0002364,2026-05-26 12:50:24,Super Nortenio,SUPER,Monterrey,TPV01-MON,Ivan Gonzalez,ivan.gonzalez163@correo.mx,9280,MASTERCARD,2786.51,MXN,APROBADA,BANDA,N
TRX0002365,2026-01-01 16:20:14,Super Nortenio,Supermercado,Monterrey,TPV02-MON,Raul Vargas,raul.vargas106@correo.mx,1214,AMEX,1739.02,MXN,APROBADA,CHIP,N
TRX0002366,2026-05-20 09:58:42,GASOLINERA KM 12,Combustible,Puebla,TPV03-PUE,Patricia Mendoza,patricia.mendoza107@correo.mx,8089,MASTERCARD,1042.18,MXN,APROBADA,CONTACTLESS,N
TRX0002367,2026-02-12 16:40:56,Farmacia del Sol ,FARM,Ciudad de Mexico,TPV04-CIU,Patricia Delgado,patricia.delgado167@correo.mx,8972,VISA,237.39,MXN,APROBADA,CHIP,N
TRX0002368,2026-04-15 15:32:09,Super Norteno,supermercado,Monterrey,TPV02-MON,Sofia Salazar,sofia.salazar146@correo.mx,4742,VISA,1643.34,MXN,APROBADA,CHIP,N
TRX0002369,2026-02-12 08:13:32,GASOLINERA KM 12,combustible,Puebla,TPV03-PUE,Hector Mendoza,hector.mendoza71@correo.mx,6093,VISA,302.11,MXN,APROBADA,BANDA,N
TRX0002370,2026-06-19 11:49:50,Farmacia del Sol ,Farmacia,Ciudad de Mexico,TPV03-CIU,Jorge Gonzalez,jorge.gonzalez2@correo.mx,4837,AMEX,395.93,MXN,APROBADA,BANDA,N
TRX0002371,2026-04-28 16:19:09,CAFE AURORA,Restaurante,Guadalajara,TPV04-GUA,Elena Delgado,elena.delgado149@correo.mx,9248,MASTERCARD,186.5,MXN,RECHAZADA,CHIP,N
TRX0002372,2026-04-24 19:23:46,Farmacia del Sol,farmacia,Ciudad de Mexico,TPV01-CIU,Patricia Ramirez,patricia.ramirez130@correo.mx,8241,AMEX,431.05,MXN,APROBADA,MANUAL,N
TRX0002373,2026-03-04 06:58:53,FARMACIA DEL SOL,Farmacia,Ciudad de Mexico,TPV04-CIU,Jorge Herrera,jorge.herrera46@correo.mx,2925,AMEX,213.61,MXN,APROBADA,QR,N
TRX0002374,2026-03-07 14:09:40,CAFE AURORA,Restaurante,Guadalajara,TPV01-GUA,Raul Vargas,raul.vargas22@correo.mx,8824,AMEX,201.41,MXN,APROBADA,MANUAL,N
TRX0002375,2026-01-15 17:44:34,SUPER NORTENO,supermercado,Monterrey,TPV02-MON,Jorge Herrera,jorge.herrera112@correo.mx,5612,MASTERCARD,1538.93,MXN,APROBADA,MANUAL,N
TRX0002376,2026-06-21 07:39:07,Farmacia del Sol ,FARM,Ciudad de Mexico,TPV02-CIU,Luis Ramirez,luis.ramirez39@correo.mx,8712,VISA,222.08,MXN,APROBADA,CONTACTLESS,N
TRX0002377,2026-01-25 10:09:42,Farmacia del Sol ,Farmacia,Ciudad de Mexico,TPV02-CIU,Fernando Gonzalez,fernando.gonzalez14@correo.mx,4950,MASTERCARD,182.61,MXN,APROBADA,BANDA,N
TRX0002378,2026-06-24 09:24:10,Boutique Iris,Ropa,Ciudad de Mexico,TPV03-CIU,Sofia Nunez,sofia.nunez134@correo.mx,9193,AMEX,2870.68,MXN,APROBADA,MANUAL,S
TRX0002379,2026-01-11 06:13:00,SUPER NORTENO,Supermercado,Monterrey,TPV04-MON,Ivan Delgado,ivan.delgado162@correo.mx,2492,AMEX,2602.73,MXN,REVERSADA,CONTACTLESS,N
TRX0002380,2026-05-24 17:56:24,FARMACIA DEL SOL,Farmacia,Ciudad de Mexico,TPV02-CIU,Fernando Salazar,fernando.salazar63@correo.mx,5089,MASTERCARD,310.57,MXN,APROBADA,BANDA,N
TRX0002381,2026-01-14 11:25:57,Cafe Aurora,Restaurante,Guadalajara,TPV02-GUA,Carmen Gonzalez,carmen.gonzalez129@correo.mx,1346,MASTERCARD,300.69,MXN,APROBADA,QR,N
TRX0002382,2026-04-26 13:39:25,SUPER NORTENO,Supermercado,Monterrey,TPV03-MON,Patricia Cortes,patricia.cortes160@correo.mx,9021,MASTERCARD,1839.18,MXN,APROBADA,CONTACTLESS,N
TRX0002383,2026-06-06 15:12:22,VIAJES ALTAMAR,Viajes,Cancun,TPV02-CAN,Lucia Herrera,lucia.herrera11@correo.mx,1104,VISA,41104.12,MXN,APROBADA,CHIP,N
TRX0002384,2026-01-02 21:31:27,Super Norteno,SUPER,Monterrey,TPV02-MON,Jorge Mendoza,jorge.mendoza47@correo.mx,7512,AMEX,433.03,MXN,REVERSADA,CONTACTLESS,N
TRX0002385,2026-03-27 15:01:34,Farmacia del Sol ,farmacia,Ciudad de Mexico,TPV02-CIU,Raul Vargas,raul.vargas37@correo.mx,5573,AMEX,182.88,MXN,APROBADA,QR,N
TRX0002386,2026-03-31 21:11:08,Super Nortenio,SUPER,Monterrey,TPV04-MON,Hector Trejo,hector.trejo101@correo.mx,6533,MASTERCARD,1285.37,MXN,APROBADA,MANUAL,N
TRX0002387,2026-05-11 16:15:11,Farmacia del Sol ,Farmacia,Ciudad de Mexico,TPV01-CIU,Sofia Rivas,sofia.rivas81@correo.mx,4001,VISA,133.13,MXN,APROBADA,QR,N
TRX0002388,2026-03-23 06:52:39,Cafe Aurora,restaurante,Guadalajara,TPV02-GUA,Raul Rivas,raul.rivas114@correo.mx,9720,MASTERCARD,386.4,MXN,APROBADA,MANUAL,N
TRX0002389,2026-02-02 09:45:10,Farmacia del Sol ,Farmacia,Ciudad de Mexico,TPV03-CIU,Fernando Nunez,fernando.nunez145@correo.mx,8489,AMEX,145.27,MXN,RECHAZADA,QR,N
TRX0002390,2026-01-19 20:35:26,Cafe Aurora,Restaurante,Guadalajara,TPV01-GUA,Ana Vargas,ana.vargas60@correo.mx,5862,AMEX,225.3,MXN,APROBADA,CHIP,N
TRX0002391,2026-01-01 19:34:41,SUPER NORTENO,supermercado,Monterrey,TPV02-MON,Jorge Delgado,jorge.delgado66@correo.mx,7754,VISA,2761.62,MXN,APROBADA,CONTACTLESS,N
TRX0002392,2026-06-25 17:50:11,Super Norteno,Supermercado,Monterrey,TPV03-MON,Raul Nunez,raul.nunez70@correo.mx,5287,AMEX,2238.71,MXN,APROBADA,CONTACTLESS,N
TRX0002393,2026-04-25 16:06:00,Super Nortenio,supermercado,Monterrey,TPV02-MON,Sofia Trejo,sofia.trejo80@correo.mx,8498,MASTERCARD,3006.46,MXN,APROBADA,MANUAL,N
TRX0002394,2026-04-16 12:54:48,Cafe Aurora,restaurante,Guadalajara,TPV02-GUA,Luis Ramirez,luis.ramirez39@correo.mx,8712,VISA,298.46,MXN,APROBADA,MANUAL,N
TRX0002395,2026-05-25 11:16:15,FARMACIA DEL SOL,FARM,Ciudad de Mexico,TPV02-CIU,Raul Vargas,raul.vargas135@correo.mx,8290,AMEX,864.93,MXN,APROBADA,BANDA,N
TRX0002396,2026-04-16 08:51:07,Cafe Aurora,restaurante,Guadalajara,TPV01-GUA,Carmen Rivas,carmen.rivas139@correo.mx,4822,AMEX,196.66,MXN,APROBADA,MANUAL,N
TRX0002397,2026-04-26 19:38:54,SUPER NORTENO,Supermercado,Monterrey,TPV03-MON,Carmen Nunez,carmen.nunez31@correo.mx,6697,VISA,1962.26,MXN,APROBADA,BANDA,N
TRX0002398,2026-04-01 13:32:50,Farmacia del Sol ,farmacia,Ciudad de Mexico,TPV03-CIU,Carmen Mendoza,carmen.mendoza95@correo.mx,6566,AMEX,175.34,MXN,APROBADA,QR,N
TRX0002399,2026-04-26 17:42:29,Farmacia del Sol,farmacia,Ciudad de Mexico,TPV01-CIU,Elena Cortes,elena.cortes68@correo.mx,5599,AMEX,867.89,MXN,APROBADA,QR,N
TRX0002400,2026-03-01 06:44:24,CAFE AURORA,restaurante,Guadalajara,TPV04-GUA,Sofia Vargas,sofia.vargas19@correo.mx,1099,MASTERCARD,352.24,MXN,APROBADA,CHIP,N
TRX0002401,2026-04-09 10:33:12,Farmacia del Sol,FARM,Ciudad de Mexico,TPV04-CIU,Fernando Gonzalez,fernando.gonzalez14@correo.mx,4950,MASTERCARD,896.13,MXN,RECHAZADA,QR,N
TRX0002402,2026-06-13 18:24:09,Farmacia del Sol ,FARM,Ciudad de Mexico,TPV02-CIU,Fernando Ramirez,fernando.ramirez126@correo.mx,7487,AMEX,711.91,MXN,APROBADA,BANDA,N
TRX0002403,2026-01-25 20:19:52,GASOLINERA KM 12,Combustible,Puebla,TPV03-PUE,Lucia Trejo,lucia.trejo32@correo.mx,8092,VISA,731.12,MXN,APROBADA,CHIP,N
TRX0002404,2026-05-08 13:43:29,Super Norteno,Supermercado,Monterrey,TPV03-MON,Luis Herrera,luis.herrera5@correo.mx,7395,MASTERCARD,2517.02,MXN,RECHAZADA,CONTACTLESS,N
TRX0002405,2026-03-01 18:03:44,CAFE AURORA,Restaurante,Guadalajara,TPV01-GUA,Patricia Mendoza,patricia.mendoza140@correo.mx,5378,VISA,230.5,MXN,APROBADA,CONTACTLESS,N
TRX0002406,2026-05-30 12:18:51,Super Norteno,SUPER,Monterrey,TPV04-MON,Ana Salazar,ana.salazar102@correo.mx,3316,AMEX,2574.93,MXN,APROBADA,CHIP,N
TRX0002407,2026-03-13 12:50:42,Farmacia del Sol,Farmacia,Ciudad de Mexico,TPV03-CIU,Teresa Salazar,teresa.salazar118@correo.mx,4699,VISA,468.91,MXN,APROBADA,CONTACTLESS,N
TRX0002408,2026-03-10 21:52:10,SUPER NORTENO,Supermercado,Monterrey,TPV02-MON,Ana Trejo,ana.trejo51@correo.mx,9690,MASTERCARD,2031.67,MXN,APROBADA,CONTACTLESS,N
TRX0002409,2026-02-11 19:19:59,SUPER NORTENO,Supermercado,Monterrey,TPV01-MON,Teresa Rivas,teresa.rivas25@correo.mx,6114,AMEX,912.99,MXN,RECHAZADA,CONTACTLESS,N
TRX0002410,2026-02-19 20:19:41,SUPER NORTENO,SUPER,Monterrey,TPV04-MON,Rocio Vargas,rocio.vargas62@correo.mx,4939,MASTERCARD,3034.56,MXN,REVERSADA,CHIP,N
TRX0002411,2026-02-19 18:29:59,Gasolinera Km 12,Combustible,Puebla,TPV02-PUE,Fernando Vargas,fernando.vargas65@correo.mx,7747,MASTERCARD,381.29,MXN,APROBADA,CHIP,N
TRX0002412,2026-02-10 15:14:17,Boutique  Iris,ropa,Ciudad de Mexico,TPV02-CIU,Fernando Nunez,fernando.nunez145@correo.mx,8489,AMEX,4797.94,MXN,APROBADA,CHIP,N
TRX0002413,2026-02-25 06:13:28,CAFE AURORA,restaurante,Guadalajara,TPV03-GUA,Miguel Trejo,miguel.trejo115@correo.mx,2634,VISA,160.66,MXN,RECHAZADA,CONTACTLESS,N
TRX0002414,2026-01-20 12:14:15,Super Norteno,supermercado,Monterrey,TPV03-MON,Jorge Mendoza,jorge.mendoza47@correo.mx,6756,AMEX,3127.74,MXN,APROBADA,CHIP,N
TRX0002415,2026-06-23 06:32:29,Farmacia del Sol ,FARM,Ciudad de Mexico,TPV04-CIU,Ana Zamora,ana.zamora72@correo.mx,8476,VISA,338.45,MXN,APROBADA,CHIP,N
TRX0002416,2026-05-21 19:37:27,SUPER NORTENO,SUPER,Monterrey,TPV04-MON,Elena Vargas,elena.vargas89@correo.mx,5689,VISA,2290.54,MXN,APROBADA,CONTACTLESS,N
TRX0002417,2026-02-28 16:24:34,Super Norteno,SUPER,Monterrey,TPV04-MON,Raul Vargas,raul.vargas135@correo.mx,8290,AMEX,2832.39,MXN,RECHAZADA,CONTACTLESS,N
TRX0002418,2026-06-21 12:46:35,FARMACIA DEL SOL,Farmacia,Ciudad de Mexico,TPV04-CIU,Miguel Herrera,miguel.herrera166@correo.mx,4697,AMEX,883.66,MXN,REVERSADA,MANUAL,N
TRX0002419,2026-02-20 06:54:27,Super Norteno,Supermercado,Monterrey,TPV02-MON,Teresa Mendoza,teresa.mendoza159@correo.mx,6739,VISA,1514.02,MXN,APROBADA,CONTACTLESS,N
TRX0002420,2026-04-10 10:49:32,Cafe Aurora,restaurante,Guadalajara,TPV02-GUA,Lucia Vargas,lucia.vargas64@correo.mx,5333,VISA,462.78,MXN,REVERSADA,QR,N
TRX0002421,2026-01-12 14:47:21,SUPER NORTENO,SUPER,Monterrey,TPV02-MON,Fernando Vargas,fernando.vargas65@correo.mx,6811,AMEX,3249.51,MXN,APROBADA,QR,N
TRX0002422,2026-04-13 20:26:52,Boutique Iris,VESTIMENTA,Ciudad de Mexico,TPV01-CIU,Patricia Cortes,patricia.cortes160@correo.mx,9021,MASTERCARD,4718.46,MXN,RECHAZADA,MANUAL,N
TRX0002423,2026-04-06 08:48:09,Farmacia del Sol ,Farmacia,Ciudad de Mexico,TPV03-CIU,Lucia Ramirez,lucia.ramirez48@correo.mx,2913,VISA,575.24,MXN,APROBADA,QR,S
TRX0002424,2026-02-22 21:54:38,Cafe Aurora,restaurante,Guadalajara,TPV02-GUA,Rocio Salazar,rocio.salazar15@correo.mx,4224,MASTERCARD,384.27,MXN,APROBADA,CHIP,N
TRX0002425,2026-04-13 08:02:39,Cafe Aurora,restaurante,Guadalajara,TPV02-GUA,Luis Salazar,luis.salazar77@correo.mx,1058,AMEX,394.95,MXN,APROBADA,MANUAL,N
TRX0002426,2026-04-12 11:20:34,Super Nortenio,Supermercado,Monterrey,TPV03-MON,Hector Delgado,hector.delgado137@correo.mx,3321,AMEX,1883.39,MXN,APROBADA,CHIP,N
TRX0002427,2026-03-16 11:20:12,CAFE AURORA,Restaurante,Guadalajara,TPV03-GUA,Luis Zamora,luis.zamora9@correo.mx,1462,AMEX,216.05,MXN,RECHAZADA,CHIP,N
TRX0002428,2026-01-06 11:49:20,SUPER NORTENO,Supermercado,Monterrey,TPV01-MON,Ana Mendoza,ana.mendoza27@correo.mx,5764,VISA,2095.0,MXN,APROBADA,CHIP,N
TRX0002429,2026-02-22 15:57:01,Farmacia del Sol ,farmacia,Ciudad de Mexico,TPV03-CIU,Raul Mendoza,raul.mendoza30@correo.mx,7314,MASTERCARD,166.03,MXN,APROBADA,CONTACTLESS,N
TRX0002430,2026-03-05 10:22:21,Electro Maya,electronica,Merida,TPV02-MER,Teresa Rivas,teresa.rivas25@correo.mx,6114,AMEX,8598.33,MXN,APROBADA,QR,N
TRX0002431,2026-05-11 15:30:16,Gasolinera Km 12,Combustible,Puebla,TPV01-PUE,Raul Mendoza,raul.mendoza30@correo.mx,7314,MASTERCARD,1085.35,MXN,APROBADA,CHIP,N
TRX0002432,2026-03-19 07:58:02,FARMACIA DEL SOL,Farmacia,Ciudad de Mexico,TPV02-CIU,Ivan Gonzalez,ivan.gonzalez163@correo.mx,9280,MASTERCARD,720.28,MXN,APROBADA,CONTACTLESS,N
TRX0002433,2026-04-27 15:22:31,CAFE AURORA,restaurante,Guadalajara,TPV04-GUA,Lucia Gonzalez,lucia.gonzalez54@correo.mx,2892,AMEX,83.59,MXN,APROBADA,CHIP,N
TRX0002434,2026-01-25 12:21:40,Farmacia del Sol,Farmacia,Ciudad de Mexico,TPV01-CIU,Jorge Herrera,jorge.herrera112@correo.mx,5612,MASTERCARD,421.51,MXN,RECHAZADA,MANUAL,N
TRX0002435,2026-05-27 09:39:23,Super Norteno,Supermercado,Monterrey,TPV04-MON,Carmen Ramirez,carmen.ramirez111@correo.mx,1829,VISA,218.03,MXN,APROBADA,BANDA,N
TRX0002436,2026-01-12 06:18:56,Farmacia del Sol ,FARM,Ciudad de Mexico,TPV03-CIU,Ana Vargas,ana.vargas60@correo.mx,5862,AMEX,473.04,MXN,RECHAZADA,MANUAL,N
TRX0002437,2026-02-18 14:37:08,ELECTRO MAYA,electronica,Merida,TPV04-MER,Fernando Gonzalez,fernando.gonzalez14@correo.mx,4950,MASTERCARD,10755.66,MXN,APROBADA,CHIP,N
TRX0002438,2026-01-09 16:29:38,Cafe Aurora,restaurante,Guadalajara,TPV03-GUA,Fernando Nunez,fernando.nunez145@correo.mx,8489,AMEX,473.72,MXN,APROBADA,QR,N
TRX0002439,2026-05-26 17:01:10,SUPER NORTENO,SUPER,Monterrey,TPV01-MON,Ivan Nunez,ivan.nunez88@correo.mx,1309,MASTERCARD,402.2,MXN,APROBADA,CONTACTLESS,N
TRX0002440,2026-01-26 16:38:49,FARMACIA DEL SOL,FARM,Ciudad de Mexico,TPV02-CIU,Raul Delgado,raul.delgado169@correo.mx,7678,VISA,332.02,MXN,APROBADA,MANUAL,N
TRX0002441,2026-06-26 16:31:21,Gasolinera Km 12,Combustible,Puebla,TPV01-PUE,Hector Trejo,hector.trejo101@correo.mx,6533,MASTERCARD,1567.6,MXN,APROBADA,CONTACTLESS,N
TRX0002442,2026-02-24 13:07:16,Super Nortenio,SUPER,Monterrey,TPV03-MON,Elena Ramirez,elena.ramirez175@correo.mx,9442,MASTERCARD,2484.56,MXN,APROBADA,QR,N
TRX0002443,2026-06-12 07:27:15,Super Norteno,supermercado,Monterrey,TPV01-MON,Sofia Nunez,sofia.nunez134@correo.mx,9193,AMEX,467.19,MXN,RECHAZADA,BANDA,N
TRX0002444,2026-06-07 10:40:09,FARMACIA DEL SOL,Farmacia,Ciudad de Mexico,TPV01-CIU,Miguel Delgado,miguel.delgado23@correo.mx,3807,VISA,405.7,MXN,APROBADA,MANUAL,N
TRX0002445,2026-04-18 13:49:13,Super Norteno,Supermercado,Monterrey,TPV04-MON,Fernando Gonzalez,fernando.gonzalez14@correo.mx,4950,MASTERCARD,2996.7,MXN,APROBADA,QR,N
TRX0002446,2026-06-21 06:46:38,Boutique Iris,ropa,Ciudad de Mexico,TPV04-CIU,Patricia Herrera,patricia.herrera3@correo.mx,4061,VISA,3606.33,MXN,APROBADA,BANDA,N
TRX0002447,2026-01-26 10:16:21,Boutique  Iris,Ropa,Ciudad de Mexico,TPV02-CIU,Sofia Rivas,sofia.rivas81@correo.mx,4001,VISA,3171.83,MXN,APROBADA,MANUAL,N
TRX0002448,2026-06-21 06:04:09,Super Norteno,Supermercado,Monterrey,TPV02-MON,Raul Rivas,raul.rivas123@correo.mx,5837,MASTERCARD,2818.26,MXN,APROBADA,MANUAL,N
TRX0002449,2026-02-22 21:02:45,Super Norteno,SUPER,Monterrey,TPV03-MON,Elena Trejo,elena.trejo73@correo.mx,9973,AMEX,304.5,MXN,APROBADA,MANUAL,N
TRX0002450,2026-04-02 08:40:09,CAFE AURORA,Restaurante,Guadalajara,TPV01-GUA,Lucia Vargas,lucia.vargas7@correo.mx,4691,AMEX,274.25,MXN,RECHAZADA,QR,N
TRX0002451,2026-04-26 17:09:00,Boutique  Iris,ropa,Ciudad de Mexico,TPV02-CIU,Jorge Herrera,jorge.herrera112@correo.mx,5612,MASTERCARD,2841.8,MXN,APROBADA,CHIP,N
TRX0002452,2026-05-07 10:32:00,SUPER NORTENO,SUPER,Monterrey,TPV03-MON,Luis Herrera,luis.herrera5@correo.mx,3036,MASTERCARD,3115.79,MXN,REVERSADA,CONTACTLESS,N
TRX0002453,2026-05-18 14:09:14,Cafe Aurora,Restaurante,Guadalajara,TPV04-GUA,Hector Delgado,hector.delgado137@correo.mx,3321,AMEX,322.34,MXN,APROBADA,BANDA,N
TRX0002454,2026-05-13 17:27:27,Gasolinera Km 12,Combustible,Puebla,TPV01-PUE,Carmen Nunez,carmen.nunez31@correo.mx,2556,AMEX,317.39,MXN,APROBADA,CONTACTLESS,N
TRX0002455,2026-04-01 16:48:35,SUPER NORTENO,Supermercado,Monterrey,TPV01-MON,Luis Trejo,luis.trejo1@correo.mx,4572,AMEX,942.41,MXN,APROBADA,MANUAL,N
TRX0002456,2026-04-12 17:23:20,Gasolinera Km 12,combustible,Puebla,TPV04-PUE,Carmen Rivas,carmen.rivas139@correo.mx,4822,AMEX,417.14,MXN,APROBADA,BANDA,N
TRX0002457,2026-04-09 17:59:59,Farmacia del Sol ,farmacia,Ciudad de Mexico,TPV02-CIU,Raul Mendoza,raul.mendoza30@correo.mx,7314,MASTERCARD,420.61,MXN,RECHAZADA,QR,N
TRX0002458,2026-02-12 12:53:18,CAFE AURORA,Restaurante,Guadalajara,TPV02-GUA,Jorge Herrera,jorge.herrera46@correo.mx,2925,AMEX,325.61,MXN,APROBADA,MANUAL,N
TRX0002459,2026-03-14 07:29:36,Super Nortenio,SUPER,Monterrey,TPV04-MON,Jorge Vargas,jorge.vargas86@correo.mx,5040,MASTERCARD,1013.13,MXN,APROBADA,MANUAL,N
TRX0002460,2026-06-26 14:42:34,Farmacia del Sol ,Farmacia,Ciudad de Mexico,TPV04-CIU,Teresa Herrera,teresa.herrera35@correo.mx,4201,VISA,296.87,MXN,APROBADA,BANDA,N
TRX0002461,2026-05-07 10:18:06,Super Norteno,supermercado,Monterrey,TPV02-MON,Lucia Gonzalez,lucia.gonzalez54@correo.mx,2892,AMEX,2708.04,MXN,APROBADA,CONTACTLESS,N
TRX0002462,2026-05-22 08:48:13,Boutique  Iris,Ropa,Ciudad de Mexico,TPV02-CIU,Carmen Herrera,carmen.herrera176@correo.mx,1605,VISA,731.06,MXN,APROBADA,CONTACTLESS,N
TRX0002463,2026-05-21 18:25:47,CAFE AURORA,Restaurante,Guadalajara,TPV01-GUA,Carmen Gonzalez,carmen.gonzalez129@correo.mx,1346,MASTERCARD,333.25,MXN,APROBADA,CHIP,N
TRX0002464,2026-05-11 07:01:00,BOUTIQUE IRIS,Ropa,Ciudad de Mexico,TPV02-CIU,Luis Delgado,luis.delgado150@correo.mx,7838,VISA,5675.92,MXN,RECHAZADA,CONTACTLESS,N
TRX0002465,2026-01-08 15:38:45,Super Norteno,supermercado,Monterrey,TPV03-MON,Raul Gonzalez,raul.gonzalez179@correo.mx,8333,MASTERCARD,691.84,MXN,APROBADA,QR,N
TRX0002466,2026-02-23 17:51:57,Gasolinera Km 12,combustible,Puebla,TPV03-PUE,Miguel Ramirez,miguel.ramirez132@correo.mx,5849,MASTERCARD,496.58,MXN,APROBADA,CONTACTLESS,N
TRX0002467,2026-04-26 07:32:20,Farmacia del Sol ,farmacia,Ciudad de Mexico,TPV04-CIU,Raul Delgado,raul.delgado105@correo.mx,8772,MASTERCARD,664.5,MXN,APROBADA,BANDA,N
TRX0002468,2026-01-15 11:29:55,CAFE AURORA,Restaurante,Guadalajara,TPV02-GUA,Lucia Delgado,lucia.delgado120@correo.mx,1162,AMEX,347.87,MXN,APROBADA,BANDA,N
TRX0002469,2026-06-22 19:47:54,Super Norteno,supermercado,Monterrey,TPV02-MON,Carmen Gonzalez,carmen.gonzalez129@correo.mx,1346,MASTERCARD,3114.69,MXN,APROBADA,BANDA,N
TRX0002470,2026-04-27 16:27:01,VIAJES ALTAMAR,Viajes,Cancun,TPV02-CAN,Hector Delgado,hector.delgado49@correo.mx,4702,VISA,39964.03,MXN,APROBADA,MANUAL,N
TRX0002471,2026-03-08 11:46:00,Super Norteno,SUPER,Monterrey,TPV03-MON,Hector Delgado,hector.delgado49@correo.mx,4702,VISA,487.5,MXN,APROBADA,CHIP,N
TRX0002472,2026-05-08 18:18:54,Cafe Aurora,restaurante,Guadalajara,TPV04-GUA,Patricia Delgado,patricia.delgado167@correo.mx,8972,VISA,359.18,MXN,APROBADA,CONTACTLESS,N
TRX0002473,2026-06-03 09:10:23,Farmacia del Sol ,farmacia,Ciudad de Mexico,TPV03-CIU,Ana Rivas,ana.rivas117@correo.mx,2975,MASTERCARD,338.67,MXN,APROBADA,QR,N
TRX0002474,2026-01-19 14:17:51,Super Norteno,SUPER,Monterrey,TPV01-MON,Miguel Ramirez,miguel.ramirez132@correo.mx,5849,MASTERCARD,2960.45,MXN,APROBADA,BANDA,N
TRX0002475,2026-04-27 12:40:13,Cafe Aurora,restaurante,Guadalajara,TPV03-GUA,Elena Ramirez,elena.ramirez144@correo.mx,8187,MASTERCARD,479.3,MXN,APROBADA,BANDA,N
TRX0002476,2026-06-27 09:47:32,Super Nortenio,supermercado,Monterrey,TPV02-MON,Ivan Ramirez,ivan.ramirez45@correo.mx,8146,AMEX,465.68,MXN,APROBADA,BANDA,N
TRX0002477,2026-06-10 18:38:03,FARMACIA DEL SOL,farmacia,Ciudad de Mexico,TPV03-CIU,Ivan Delgado,ivan.delgado59@correo.mx,3851,AMEX,427.14,MXN,APROBADA,BANDA,N
TRX0002478,2026-03-14 14:04:59,GASOLINERA KM 12,Combustible,Puebla,TPV02-PUE,Miguel Herrera,miguel.herrera166@correo.mx,4697,AMEX,1037.53,MXN,APROBADA,CHIP,N
TRX0002479,2026-01-29 19:48:03,Boutique Iris,ropa,Ciudad de Mexico,TPV02-CIU,Elena Vargas,elena.vargas89@correo.mx,5689,VISA,4852.97,MXN,APROBADA,MANUAL,N
TRX0002480,2026-01-21 10:56:09,Cafe Aurora,restaurante,Guadalajara,TPV01-GUA,Luis Gonzalez,luis.gonzalez18@correo.mx,5494,VISA,300.48,MXN,APROBADA,BANDA,N
TRX0002481,2026-03-07 15:41:32,FARMACIA DEL SOL,Farmacia,Ciudad de Mexico,TPV03-CIU,Luis Ramirez,luis.ramirez39@correo.mx,8712,VISA,368.54,MXN,RECHAZADA,MANUAL,N
TRX0002482,2026-04-30 07:48:19,Farmacia del Sol,Farmacia,Ciudad de Mexico,TPV01-CIU,Fernando Mendoza,fernando.mendoza57@correo.mx,6879,AMEX,571.53,MXN,RECHAZADA,MANUAL,N
TRX0002483,2026-03-16 11:12:57,ELECTRO MAYA,electronica,Merida,TPV02-MER,Luis Delgado,luis.delgado150@correo.mx,7838,VISA,12061.31,MXN,APROBADA,QR,N
TRX0002484,2026-05-24 10:42:38,Super Nortenio,supermercado,Monterrey,TPV01-MON,Fernando Nunez,fernando.nunez145@correo.mx,5858,AMEX,2770.79,MXN,RECHAZADA,QR,N
TRX0002485,2026-02-18 08:20:14,Cafe Aurora,Restaurante,Guadalajara,TPV01-GUA,Carmen Cortes,carmen.cortes76@correo.mx,7986,AMEX,357.45,MXN,APROBADA,QR,N
TRX0002486,2026-03-27 10:47:14,Boutique Iris,Ropa,Ciudad de Mexico,TPV03-CIU,Carmen Cortes,carmen.cortes76@correo.mx,7986,AMEX,5065.86,MXN,APROBADA,MANUAL,N
TRX0002487,2026-06-22 12:18:40,GASOLINERA KM 12,combustible,Puebla,TPV04-PUE,Fernando Mendoza,fernando.mendoza57@correo.mx,8388,AMEX,1364.86,MXN,APROBADA,BANDA,N
TRX0002488,2026-04-21 15:00:34,ELECTRO MAYA,ELECTRO,Merida,TPV02-MER,Miguel Trejo,miguel.trejo115@correo.mx,3481,MASTERCARD,12480.68,MXN,APROBADA,BANDA,N
TRX0002489,2026-05-02 07:16:12,CAFE AURORA,restaurante,Guadalajara,TPV04-GUA,Luis Delgado,luis.delgado150@correo.mx,7838,VISA,448.56,MXN,APROBADA,BANDA,N
TRX0002490,2026-06-23 07:32:24,Super Norteno,Supermercado,Monterrey,TPV01-MON,Rocio Salazar,rocio.salazar15@correo.mx,4224,MASTERCARD,1765.65,MXN,REVERSADA,BANDA,N
TRX0002491,2026-04-12 16:03:16,Super Nortenio,Supermercado,Monterrey,TPV03-MON,Ana Salazar,ana.salazar158@correo.mx,2274,MASTERCARD,1124.96,MXN,APROBADA,CHIP,N
TRX0002492,2026-02-01 11:52:17,SUPER NORTENO,SUPER,Monterrey,TPV01-MON,Luis Ramirez,luis.ramirez58@correo.mx,8936,MASTERCARD,3119.51,MXN,APROBADA,BANDA,N
TRX0002493,2026-06-13 12:29:14,VIAJES ALTAMAR,Viajes,Cancun,TPV01-CAN,Rocio Nunez,rocio.nunez173@correo.mx,4285,MASTERCARD,36935.39,MXN,APROBADA,QR,N
TRX0002494,2026-02-12 07:52:26,CAFE AURORA,restaurante,Guadalajara,TPV02-GUA,Elena Ramirez,elena.ramirez8@correo.mx,3648,MASTERCARD,392.39,MXN,REVERSADA,MANUAL,N
TRX0002495,2026-02-26 19:59:55,CAFE AURORA,Restaurante,Guadalajara,TPV01-GUA,Miguel Trejo,miguel.trejo115@correo.mx,2634,VISA,463.29,MXN,APROBADA,QR,N
TRX0002496,2026-03-28 14:47:30,GASOLINERA KM 12,Combustible,Puebla,TPV02-PUE,Elena Ramirez,elena.ramirez61@correo.mx,8246,AMEX,1442.87,MXN,APROBADA,BANDA,N
TRX0002497,2026-02-25 15:02:42,CAFE AURORA,restaurante,Guadalajara,TPV02-GUA,Fernando Nunez,fernando.nunez145@correo.mx,5858,AMEX,364.58,MXN,REVERSADA,QR,N
TRX0002498,2026-05-24 09:44:46,BOUTIQUE IRIS,VESTIMENTA,Ciudad de Mexico,TPV01-CIU,Rocio Cortes,rocio.cortes103@correo.mx,8270,VISA,2945.55,MXN,RECHAZADA,CONTACTLESS,N
TRX0002499,2026-04-11 19:50:10,FARMACIA DEL SOL,farmacia,Ciudad de Mexico,TPV01-CIU,Raul Herrera,raul.herrera110@correo.mx,7010,VISA,381.5,MXN,RECHAZADA,QR,N
TRX0002500,2026-01-11 10:28:27,CAFE AURORA,Restaurante,Guadalajara,TPV01-GUA,Ana Zamora,ana.zamora72@correo.mx,8476,VISA,90.24,MXN,RECHAZADA,CONTACTLESS,N
TRX0002501,2026-03-23 16:26:43,Farmacia del Sol ,farmacia,Ciudad de Mexico,TPV04-CIU,Hector Trejo,hector.trejo101@correo.mx,6533,MASTERCARD,896.77,MXN,APROBADA,MANUAL,N
TRX0002502,2026-05-20 21:54:19,Boutique  Iris,VESTIMENTA,Ciudad de Mexico,TPV03-CIU,Raul Delgado,raul.delgado142@correo.mx,4207,AMEX,5666.57,MXN,APROBADA,BANDA,N
TRX0002503,2026-06-02 09:45:53,Cafe Aurora,restaurante,Guadalajara,TPV01-GUA,Ana Nunez,ana.nunez17@correo.mx,9063,VISA,64.73,MXN,APROBADA,QR,N
TRX0002504,2026-03-23 14:45:39,Cafe Aurora,Restaurante,Guadalajara,TPV03-GUA,Carmen Mendoza,carmen.mendoza95@correo.mx,6566,AMEX,467.45,MXN,APROBADA,MANUAL,N
TRX0002505,2026-04-14 21:23:45,GASOLINERA KM 12,combustible,Puebla,TPV04-PUE,Carmen Ramirez,carmen.ramirez111@correo.mx,1829,VISA,806.35,MXN,REVERSADA,QR,N
TRX0002506,2026-01-09 06:35:07,CAFE AURORA,Restaurante,Guadalajara,TPV04-GUA,Miguel Delgado,miguel.delgado42@correo.mx,7456,VISA,476.78,MXN,APROBADA,QR,N
TRX0002507,2026-04-25 16:13:57,Super Norteno,Supermercado,Monterrey,TPV03-MON,Elena Gonzalez,elena.gonzalez143@correo.mx,1660,MASTERCARD,2400.9,MXN,REVERSADA,BANDA,N
TRX0002508,2026-03-19 08:48:25,Boutique  Iris,VESTIMENTA,Ciudad de Mexico,TPV01-CIU,Ana Mendoza,ana.mendoza27@correo.mx,5764,VISA,2622.36,MXN,APROBADA,BANDA,N
TRX0002509,2026-02-09 20:52:48,SUPER NORTENO,supermercado,Monterrey,TPV04-MON,Rocio Herrera,rocio.herrera165@correo.mx,6020,VISA,2362.13,MXN,APROBADA,QR,N
TRX0002510,2026-05-07 13:35:10,VIAJES ALTAMAR,Viajes,Cancun,TPV02-CAN,Raul Vargas,raul.vargas106@correo.mx,1214,AMEX,44199.52,MXN,RECHAZADA,MANUAL,N
TRX0002511,2026-06-06 11:23:41,Super Norteno,supermercado,Monterrey,TPV02-MON,Fernando Mendoza,fernando.mendoza109@correo.mx,1447,AMEX,800.14,MXN,APROBADA,QR,N
TRX0002512,2026-06-23 21:25:42,SUPER NORTENO,SUPER,Monterrey,TPV02-MON,Fernando Herrera,fernando.herrera177@correo.mx,7418,VISA,2509.77,MXN,APROBADA,QR,N
TRX0002513,2026-05-26 14:15:24,SUPER NORTENO,SUPER,Monterrey,TPV02-MON,Elena Vargas,elena.vargas89@correo.mx,5689,VISA,218.32,MXN,APROBADA,BANDA,N
TRX0002514,2026-06-21 12:30:50,Super Nortenio,Supermercado,Monterrey,TPV01-MON,Lucia Delgado,lucia.delgado120@correo.mx,1162,AMEX,3433.06,MXN,APROBADA,BANDA,N
TRX0002515,2026-03-13 08:53:35,FARMACIA DEL SOL,Farmacia,Ciudad de Mexico,TPV03-CIU,Patricia Nunez,patricia.nunez52@correo.mx,8415,VISA,613.84,MXN,APROBADA,CONTACTLESS,N
TRX0002516,2026-03-08 11:57:19,Boutique  Iris,VESTIMENTA,Ciudad de Mexico,TPV02-CIU,Fernando Vargas,fernando.vargas65@correo.mx,7747,MASTERCARD,1245.76,MXN,RECHAZADA,BANDA,N
TRX0002517,2026-02-10 18:53:21,Farmacia del Sol ,farmacia,Ciudad de Mexico,TPV04-CIU,Ana Rivas,ana.rivas117@correo.mx,2975,MASTERCARD,665.27,MXN,APROBADA,QR,N
TRX0002518,2026-04-08 18:18:12,CAFE AURORA,restaurante,Guadalajara,TPV03-GUA,Elena Rivas,elena.rivas20@correo.mx,9752,AMEX,95.9,MXN,REVERSADA,CHIP,N
TRX0002519,2026-05-25 16:40:51,Boutique Iris,ropa,Ciudad de Mexico,TPV01-CIU,Ana Vargas,ana.vargas44@correo.mx,1097,AMEX,4432.97,MXN,APROBADA,MANUAL,N
TRX0002520,2026-01-16 06:34:58,BOUTIQUE IRIS,ropa,Ciudad de Mexico,TPV04-CIU,Jorge Gonzalez,jorge.gonzalez2@correo.mx,4837,AMEX,5696.73,MXN,APROBADA,BANDA,N
TRX0002521,2026-01-05 18:41:59,Farmacia del Sol ,FARM,Ciudad de Mexico,TPV04-CIU,Rocio Herrera,rocio.herrera165@correo.mx,6020,VISA,717.57,MXN,APROBADA,QR,N
TRX0002522,2026-06-07 21:56:27,CAFE AURORA,restaurante,Guadalajara,TPV03-GUA,Sofia Rivas,sofia.rivas81@correo.mx,4001,VISA,347.87,MXN,APROBADA,MANUAL,N
TRX0002523,2026-03-30 06:43:33,Farmacia del Sol,FARM,Ciudad de Mexico,TPV04-CIU,Elena Ramirez,elena.ramirez144@correo.mx,3433,VISA,776.58,MXN,RECHAZADA,MANUAL,N
TRX0002524,2026-05-15 16:28:39,ELECTRO MAYA,electronica,Merida,TPV02-MER,Elena Gonzalez,elena.gonzalez143@correo.mx,1660,MASTERCARD,2958.63,MXN,APROBADA,CONTACTLESS,N
TRX0002525,2026-02-15 17:53:35,Farmacia del Sol ,farmacia,Ciudad de Mexico,TPV02-CIU,Carmen Ramirez,carmen.ramirez111@correo.mx,1829,VISA,270.01,MXN,APROBADA,CHIP,N
TRX0002526,2026-06-02 10:10:02,Gasolinera Km 12,combustible,Puebla,TPV04-PUE,Jorge Herrera,jorge.herrera112@correo.mx,5612,MASTERCARD,1336.09,MXN,RECHAZADA,BANDA,N
TRX0002527,2026-05-30 11:31:50,Farmacia del Sol,farmacia,Ciudad de Mexico,TPV01-CIU,Hector Herrera,hector.herrera79@correo.mx,3159,VISA,172.81,MXN,APROBADA,MANUAL,N
TRX0002528,2026-01-08 12:12:19,Super Norteno,SUPER,Monterrey,TPV03-MON,Sofia Nunez,sofia.nunez56@correo.mx,5954,AMEX,2409.15,MXN,APROBADA,CHIP,N
TRX0002529,2026-02-03 19:55:19,Super Norteno,SUPER,Monterrey,TPV01-MON,Fernando Mendoza,fernando.mendoza109@correo.mx,1447,AMEX,1509.18,MXN,APROBADA,BANDA,N
TRX0002530,2026-06-20 11:09:22,SUPER NORTENO,Supermercado,Monterrey,TPV03-MON,Jorge Herrera,jorge.herrera112@correo.mx,5612,MASTERCARD,2154.57,MXN,APROBADA,CONTACTLESS,N
TRX0002531,2026-04-19 19:07:40,Super Nortenio,supermercado,Monterrey,TPV02-MON,Luis Ramirez,luis.ramirez39@correo.mx,8712,VISA,905.05,MXN,APROBADA,MANUAL,N
TRX0002532,2026-05-12 12:45:16,GASOLINERA KM 12,Combustible,Puebla,TPV01-PUE,Rocio Cortes,rocio.cortes103@correo.mx,8270,VISA,463.95,MXN,RECHAZADA,BANDA,N
TRX0002533,2026-04-08 17:55:09,Cafe Aurora,restaurante,Guadalajara,TPV03-GUA,Lucia Zamora,lucia.zamora108@correo.mx,3262,MASTERCARD,270.39,MXN,APROBADA,CONTACTLESS,N
TRX0002534,2026-01-13 17:55:11,Cafe Aurora,restaurante,Guadalajara,TPV03-GUA,Lucia Ramirez,lucia.ramirez152@correo.mx,6278,MASTERCARD,300.12,MXN,APROBADA,BANDA,N
TRX0002535,2026-01-21 19:07:08,Cafe Aurora,restaurante,Guadalajara,TPV02-GUA,Fernando Nunez,fernando.nunez145@correo.mx,8489,AMEX,389.48,MXN,APROBADA,QR,N
TRX0002536,2026-06-19 06:54:05,SUPER NORTENO,SUPER,Monterrey,TPV04-MON,Teresa Gonzalez,teresa.gonzalez24@correo.mx,8230,VISA,1167.29,MXN,APROBADA,CONTACTLESS,N
TRX0002537,2026-04-15 11:36:30,FARMACIA DEL SOL,FARM,Ciudad de Mexico,TPV03-CIU,Raul Gonzalez,raul.gonzalez179@correo.mx,8333,MASTERCARD,662.84,MXN,APROBADA,CONTACTLESS,N
TRX0002538,2026-03-30 07:54:00,Super Nortenio,supermercado,Monterrey,TPV02-MON,Lucia Vargas,lucia.vargas7@correo.mx,3320,MASTERCARD,2509.01,MXN,APROBADA,MANUAL,N
TRX0002539,2026-03-29 15:41:00,BOUTIQUE IRIS,VESTIMENTA,Ciudad de Mexico,TPV04-CIU,Raul Vargas,raul.vargas106@correo.mx,1214,AMEX,5658.96,MXN,APROBADA,CHIP,N
TRX0002540,2026-02-02 06:46:39,Farmacia del Sol,FARM,Ciudad de Mexico,TPV01-CIU,Sofia Trejo,sofia.trejo80@correo.mx,8498,MASTERCARD,332.29,MXN,APROBADA,CONTACTLESS,N
TRX0002541,2026-03-28 08:48:40,Boutique  Iris,ropa,Ciudad de Mexico,TPV02-CIU,Hector Mendoza,hector.mendoza10@correo.mx,6846,VISA,3094.86,MXN,APROBADA,QR,N
TRX0002542,2026-05-04 10:45:44,GASOLINERA KM 12,Combustible,Puebla,TPV04-PUE,Raul Delgado,raul.delgado169@correo.mx,7678,VISA,874.52,MXN,APROBADA,CONTACTLESS,N
TRX0002543,2026-06-06 10:13:47,Farmacia del Sol ,FARM,Ciudad de Mexico,TPV02-CIU,Ivan Gonzalez,ivan.gonzalez163@correo.mx,9280,MASTERCARD,355.24,MXN,REVERSADA,MANUAL,N
TRX0002544,2026-04-22 13:14:40,VIAJES ALTAMAR,Viajes,Cancun,TPV02-CAN,Jorge Vargas,jorge.vargas40@correo.mx,2316,AMEX,40155.46,MXN,APROBADA,CHIP,S
TRX0002545,2026-04-18 11:24:54,CAFE AURORA,restaurante,Guadalajara,TPV01-GUA,Fernando Herrera,fernando.herrera168@correo.mx,8810,VISA,165.27,MXN,APROBADA,MANUAL,N
TRX0002546,2026-02-07 18:29:53,Super Nortenio,SUPER,Monterrey,TPV04-MON,Miguel Cortes,miguel.cortes97@correo.mx,9422,MASTERCARD,1538.03,MXN,APROBADA,QR,N
TRX0002547,2026-01-31 10:45:39,Electro Maya,electronica,Merida,TPV02-MER,Sofia Salazar,sofia.salazar136@correo.mx,7202,AMEX,21070.39,MXN,APROBADA,QR,N
TRX0002548,2026-01-24 09:32:04,FARMACIA DEL SOL,FARM,Ciudad de Mexico,TPV02-CIU,Luis Delgado,luis.delgado150@correo.mx,7838,VISA,385.89,MXN,REVERSADA,QR,N
TRX0002549,2026-01-14 15:57:24,Farmacia del Sol ,farmacia,Ciudad de Mexico,TPV01-CIU,Hector Herrera,hector.herrera34@correo.mx,9193,VISA,239.73,MXN,APROBADA,CHIP,N
TRX0002550,2026-04-26 08:47:04,Super Norteno,SUPER,Monterrey,TPV01-MON,Sofia Nunez,sofia.nunez56@correo.mx,5954,AMEX,931.24,MXN,APROBADA,CONTACTLESS,N
TRX0002551,2026-05-26 14:29:08,CAFE AURORA,restaurante,Guadalajara,TPV04-GUA,Rocio Cortes,rocio.cortes103@correo.mx,8270,VISA,269.1,MXN,RECHAZADA,QR,N
TRX0002552,2026-03-13 20:29:49,Super Nortenio,Supermercado,Monterrey,TPV02-MON,Luis Zamora,luis.zamora9@correo.mx,1462,AMEX,989.06,MXN,RECHAZADA,CHIP,N
TRX0002553,2026-01-11 20:32:33,SUPER NORTENO,SUPER,Monterrey,TPV01-MON,Teresa Herrera,teresa.herrera35@correo.mx,4201,VISA,788.06,MXN,APROBADA,CONTACTLESS,N
TRX0002554,2026-04-03 10:14:43,Farmacia del Sol ,farmacia,Ciudad de Mexico,TPV02-CIU,Teresa Rivas,teresa.rivas25@correo.mx,6114,AMEX,740.63,MXN,REVERSADA,CONTACTLESS,N
TRX0002555,2026-05-07 07:34:42,Viajes Altamar,Viajes,Cancun,TPV04-CAN,Patricia Ramirez,patricia.ramirez130@correo.mx,8241,AMEX,21772.44,MXN,APROBADA,QR,N
TRX0002556,2026-06-01 15:41:34,Farmacia del Sol ,FARM,Ciudad de Mexico,TPV04-CIU,Ana Ramirez,ana.ramirez100@correo.mx,7772,VISA,206.8,MXN,APROBADA,BANDA,N
TRX0002557,2026-03-23 13:48:38,Boutique Iris,Ropa,Ciudad de Mexico,TPV03-CIU,Ana Mendoza,ana.mendoza27@correo.mx,6032,AMEX,5572.27,MXN,APROBADA,CHIP,N
TRX0002558,2026-05-06 13:25:38,GASOLINERA KM 12,Combustible,Puebla,TPV01-PUE,Ivan Delgado,ivan.delgado162@correo.mx,2492,AMEX,443.79,MXN,APROBADA,BANDA,N
TRX0002559,2026-05-06 14:31:47,CAFE AURORA,Restaurante,Guadalajara,TPV02-GUA,Jorge Gonzalez,jorge.gonzalez138@correo.mx,4950,AMEX,329.92,MXN,REVERSADA,BANDA,N
TRX0002560,2026-02-11 19:18:49,Cafe Aurora,restaurante,Guadalajara,TPV01-GUA,Ana Vargas,ana.vargas44@correo.mx,1097,AMEX,470.53,MXN,REVERSADA,CHIP,N
TRX0002561,2026-04-08 20:42:17,Super Norteno,Supermercado,Monterrey,TPV04-MON,Sofia Rivas,sofia.rivas81@correo.mx,4001,VISA,2792.07,MXN,APROBADA,CHIP,N
TRX0002562,2026-04-22 08:12:47,CAFE AURORA,restaurante,Guadalajara,TPV01-GUA,Rocio Herrera,rocio.herrera165@correo.mx,6020,VISA,159.72,MXN,APROBADA,QR,N
TRX0002563,2026-01-27 10:14:11,SUPER NORTENO,supermercado,Monterrey,TPV03-MON,Miguel Nunez,miguel.nunez82@correo.mx,8132,AMEX,2139.88,MXN,APROBADA,CONTACTLESS,N
TRX0002564,2026-04-23 08:12:50,Boutique  Iris,VESTIMENTA,Ciudad de Mexico,TPV03-CIU,Rocio Cortes,rocio.cortes103@correo.mx,8270,VISA,4016.01,MXN,APROBADA,BANDA,N
TRX0002565,2026-03-14 16:28:27,SUPER NORTENO,supermercado,Monterrey,TPV02-MON,Luis Ramirez,luis.ramirez58@correo.mx,8936,MASTERCARD,1073.59,MXN,APROBADA,QR,N
TRX0002566,2026-02-06 10:48:23,Farmacia del Sol ,FARM,Ciudad de Mexico,TPV04-CIU,Patricia Cortes,patricia.cortes160@correo.mx,9021,MASTERCARD,185.44,MXN,APROBADA,BANDA,N
TRX0002567,2026-03-09 13:18:25,BOUTIQUE IRIS,VESTIMENTA,Ciudad de Mexico,TPV04-CIU,Ana Cortes,ana.cortes91@correo.mx,8806,AMEX,3777.65,MXN,APROBADA,MANUAL,N
TRX0002568,2026-04-09 08:48:47,Farmacia del Sol,farmacia,Ciudad de Mexico,TPV01-CIU,Lucia Zamora,lucia.zamora108@correo.mx,3262,MASTERCARD,438.44,MXN,APROBADA,MANUAL,N
TRX0002569,2026-05-21 21:15:32,FARMACIA DEL SOL,farmacia,Ciudad de Mexico,TPV04-CIU,Lucia Herrera,lucia.herrera11@correo.mx,1104,VISA,231.8,MXN,APROBADA,CHIP,N
TRX0002570,2026-01-29 12:20:18,SUPER NORTENO,Supermercado,Monterrey,TPV03-MON,Ivan Delgado,ivan.delgado59@correo.mx,3851,AMEX,3106.82,MXN,RECHAZADA,CHIP,N
TRX0002571,2026-01-20 09:41:28,Super Norteno,supermercado,Monterrey,TPV02-MON,Elena Zamora,elena.zamora178@correo.mx,7623,AMEX,614.9,MXN,APROBADA,BANDA,N
TRX0002572,2026-01-15 06:02:19,CAFE AURORA,Restaurante,Guadalajara,TPV03-GUA,Hector Ramirez,hector.ramirez164@correo.mx,4352,MASTERCARD,387.25,MXN,APROBADA,BANDA,N
TRX0002573,2026-06-06 13:54:12,Super Norteno,Supermercado,Monterrey,TPV01-MON,Hector Herrera,hector.herrera79@correo.mx,3159,VISA,2811.28,MXN,APROBADA,BANDA,N
TRX0002574,2026-04-15 19:13:22,Farmacia del Sol,FARM,Ciudad de Mexico,TPV03-CIU,Raul Vargas,raul.vargas37@correo.mx,5573,AMEX,310.38,MXN,RECHAZADA,MANUAL,N
TRX0002575,2026-04-23 19:31:40,Super Norteno,Supermercado,Monterrey,TPV01-MON,Hector Herrera,hector.herrera34@correo.mx,9193,VISA,390.96,MXN,APROBADA,MANUAL,N
TRX0002576,2026-03-07 09:49:59,Cafe Aurora,restaurante,Guadalajara,TPV02-GUA,Ivan Delgado,ivan.delgado59@correo.mx,3851,AMEX,70.81,MXN,APROBADA,CONTACTLESS,N
TRX0002577,2026-06-03 06:14:58,Farmacia del Sol ,Farmacia,Ciudad de Mexico,TPV04-CIU,Hector Herrera,hector.herrera34@correo.mx,8787,VISA,794.77,MXN,APROBADA,CHIP,N
TRX0002578,2026-01-11 08:19:41,Gasolinera Km 12,Combustible,Puebla,TPV02-PUE,Patricia Ramirez,patricia.ramirez130@correo.mx,8241,AMEX,978.75,MXN,RECHAZADA,CHIP,N
TRX0002579,2026-04-28 10:53:14,Farmacia del Sol,FARM,Ciudad de Mexico,TPV02-CIU,Luis Salazar,luis.salazar77@correo.mx,1058,AMEX,125.55,MXN,APROBADA,MANUAL,N
TRX0002580,2026-01-22 06:36:33,CAFE AURORA,Restaurante,Guadalajara,TPV03-GUA,Rocio Cortes,rocio.cortes103@correo.mx,8270,VISA,322.5,MXN,APROBADA,QR,N
TRX0002581,2026-04-14 17:56:32,Boutique Iris,VESTIMENTA,Ciudad de Mexico,TPV02-CIU,Miguel Ramirez,miguel.ramirez132@correo.mx,5849,MASTERCARD,462.19,MXN,APROBADA,CHIP,N
TRX0002582,2026-03-07 17:08:06,Boutique  Iris,VESTIMENTA,Ciudad de Mexico,TPV03-CIU,Jorge Delgado,jorge.delgado66@correo.mx,7754,VISA,3280.42,MXN,APROBADA,CONTACTLESS,N
TRX0002583,2026-05-25 07:38:35,Boutique Iris,ropa,Ciudad de Mexico,TPV03-CIU,Raul Rivas,raul.rivas114@correo.mx,9720,MASTERCARD,3195.62,MXN,APROBADA,BANDA,N
TRX0002584,2026-04-28 14:27:19,Cafe Aurora,restaurante,Guadalajara,TPV02-GUA,Ana Delgado,ana.delgado171@correo.mx,1786,AMEX,96.6,MXN,APROBADA,QR,N
TRX0002585,2026-02-23 08:33:17,Super Nortenio,SUPER,Monterrey,TPV04-MON,Fernando Ramirez,fernando.ramirez126@correo.mx,7487,AMEX,1646.55,MXN,REVERSADA,CHIP,N
TRX0002586,2026-05-02 20:49:10,Electro Maya,ELECTRO,Merida,TPV01-MER,Ana Rivas,ana.rivas117@correo.mx,2975,MASTERCARD,19727.65,MXN,APROBADA,BANDA,N
TRX0002587,2026-03-24 14:45:04,Cafe Aurora,Restaurante,Guadalajara,TPV02-GUA,Sofia Trejo,sofia.trejo80@correo.mx,8498,MASTERCARD,81.78,MXN,APROBADA,CONTACTLESS,N
TRX0002588,2026-06-10 09:19:23,Cafe Aurora,restaurante,Guadalajara,TPV03-GUA,Sofia Cortes,sofia.cortes153@correo.mx,1495,AMEX,145.45,MXN,APROBADA,CONTACTLESS,N
TRX0002589,2026-04-27 07:20:59,Boutique Iris,Ropa,Ciudad de Mexico,TPV02-CIU,Elena Vargas,elena.vargas89@correo.mx,5689,VISA,5627.82,MXN,APROBADA,CHIP,N
TRX0002590,2026-05-27 07:45:45,Boutique  Iris,VESTIMENTA,Ciudad de Mexico,TPV02-CIU,Elena Vargas,elena.vargas89@correo.mx,5689,VISA,5300.46,MXN,APROBADA,MANUAL,N
TRX0002591,2026-03-29 17:24:00,Electro Maya,ELECTRO,Merida,TPV02-MER,Lucia Vargas,lucia.vargas131@correo.mx,3615,MASTERCARD,13732.62,MXN,APROBADA,QR,N
TRX0002592,2026-03-11 12:06:49,BOUTIQUE IRIS,VESTIMENTA,Ciudad de Mexico,TPV02-CIU,Raul Gonzalez,raul.gonzalez179@correo.mx,8333,MASTERCARD,2074.58,MXN,APROBADA,MANUAL,N
TRX0002593,2026-04-07 07:32:25,Super Norteno,supermercado,Monterrey,TPV03-MON,Carmen Mendoza,carmen.mendoza95@correo.mx,6566,AMEX,2192.8,MXN,APROBADA,BANDA,N
TRX0002594,2026-05-20 10:11:51,SUPER NORTENO,Supermercado,Monterrey,TPV03-MON,Raul Vargas,raul.vargas106@correo.mx,1214,AMEX,375.58,MXN,APROBADA,BANDA,N
TRX0002595,2026-01-05 16:34:17,Boutique  Iris,VESTIMENTA,Ciudad de Mexico,TPV01-CIU,Hector Rivas,hector.rivas50@correo.mx,8897,MASTERCARD,555.84,MXN,APROBADA,BANDA,N
TRX0002596,2026-04-17 11:33:29,BOUTIQUE IRIS,Ropa,Ciudad de Mexico,TPV01-CIU,Luis Salazar,luis.salazar75@correo.mx,4376,MASTERCARD,4467.45,MXN,RECHAZADA,CHIP,N
TRX0002597,2026-04-28 07:52:09,Cafe Aurora,Restaurante,Guadalajara,TPV04-GUA,Carmen Gonzalez,carmen.gonzalez129@correo.mx,1346,MASTERCARD,215.97,MXN,RECHAZADA,CONTACTLESS,N
TRX0002598,2026-06-08 19:28:30,SUPER NORTENO,SUPER,Monterrey,TPV03-MON,Miguel Nunez,miguel.nunez174@correo.mx,2390,MASTERCARD,615.89,MXN,APROBADA,BANDA,N
TRX0002599,2026-06-23 20:28:45,Gasolinera Km 12,combustible,Puebla,TPV02-PUE,Raul Vargas,raul.vargas135@correo.mx,8290,AMEX,959.41,MXN,APROBADA,BANDA,N
TRX0002600,2026-03-16 20:26:05,Super Nortenio,supermercado,Monterrey,TPV02-MON,Elena Gonzalez,elena.gonzalez143@correo.mx,1660,MASTERCARD,1204.41,MXN,APROBADA,QR,N
TRX0002601,2026-02-06 15:20:57,CAFE AURORA,Restaurante,Guadalajara,TPV01-GUA,Lucia Gonzalez,lucia.gonzalez54@correo.mx,2892,AMEX,148.8,MXN,REVERSADA,CONTACTLESS,N
TRX0002602,2026-03-27 18:48:58,Farmacia del Sol,Farmacia,Ciudad de Mexico,TPV01-CIU,Lucia Herrera,lucia.herrera11@correo.mx,1104,VISA,201.09,MXN,APROBADA,BANDA,N
TRX0002603,2026-02-05 09:49:12,Super Nortenio,SUPER,Monterrey,TPV02-MON,Ivan Ramirez,ivan.ramirez45@correo.mx,8146,AMEX,1451.89,MXN,APROBADA,QR,N
TRX0002604,2026-05-16 13:33:37,SUPER NORTENO,SUPER,Monterrey,TPV03-MON,Lucia Herrera,lucia.herrera155@correo.mx,9599,MASTERCARD,2939.16,MXN,APROBADA,BANDA,N
TRX0002605,2026-05-04 14:23:30,Farmacia del Sol,farmacia,Ciudad de Mexico,TPV01-CIU,Ana Herrera,ana.herrera83@correo.mx,1387,MASTERCARD,705.19,MXN,APROBADA,QR,N
TRX0002606,2026-06-02 16:59:07,Super Nortenio,SUPER,Monterrey,TPV02-MON,Raul Delgado,raul.delgado142@correo.mx,4207,AMEX,3415.39,MXN,APROBADA,QR,N
TRX0002607,2026-05-18 17:28:36,Super Norteno,supermercado,Monterrey,TPV03-MON,Elena Gonzalez,elena.gonzalez143@correo.mx,1660,MASTERCARD,1304.4,MXN,APROBADA,BANDA,N
TRX0002608,2026-06-29 18:26:28,Electro Maya,ELECTRO,Merida,TPV01-MER,Carmen Cortes,carmen.cortes76@correo.mx,7986,AMEX,9403.94,MXN,APROBADA,CONTACTLESS,N
TRX0002609,2026-03-02 07:33:33,ELECTRO MAYA,ELECTRO,Merida,TPV03-MER,Fernando Herrera,fernando.herrera168@correo.mx,8810,VISA,23032.53,MXN,REVERSADA,MANUAL,N
TRX0002610,2026-02-28 08:18:44,Farmacia del Sol,FARM,Ciudad de Mexico,TPV01-CIU,Hector Mendoza,hector.mendoza10@correo.mx,6846,VISA,573.9,MXN,APROBADA,QR,N
TRX0002611,2026-02-26 15:31:18,Cafe Aurora,Restaurante,Guadalajara,TPV02-GUA,Fernando Herrera,fernando.herrera177@correo.mx,7418,VISA,270.31,MXN,APROBADA,CONTACTLESS,N
TRX0002612,2026-01-15 11:15:36,Farmacia del Sol ,FARM,Ciudad de Mexico,TPV02-CIU,Lucia Vargas,lucia.vargas64@correo.mx,5333,VISA,777.13,MXN,APROBADA,QR,N
TRX0002613,2026-04-14 17:33:35,Farmacia del Sol,Farmacia,Ciudad de Mexico,TPV02-CIU,Luis Delgado,luis.delgado150@correo.mx,7838,VISA,547.11,MXN,REVERSADA,CONTACTLESS,N
TRX0002614,2026-06-08 13:33:16,GASOLINERA KM 12,combustible,Puebla,TPV03-PUE,Elena Cortes,elena.cortes68@correo.mx,5599,AMEX,884.34,MXN,APROBADA,MANUAL,N
TRX0002615,2026-06-11 19:23:42,GASOLINERA KM 12,combustible,Puebla,TPV03-PUE,Ana Vargas,ana.vargas44@correo.mx,1097,AMEX,889.78,MXN,APROBADA,BANDA,N
TRX0002616,2026-03-06 20:10:50,Super Nortenio,supermercado,Monterrey,TPV02-MON,Sofia Cortes,sofia.cortes153@correo.mx,1495,AMEX,1201.15,MXN,APROBADA,BANDA,N
TRX0002617,2026-01-13 21:14:15,Farmacia del Sol,FARM,Ciudad de Mexico,TPV01-CIU,Miguel Nunez,miguel.nunez174@correo.mx,2390,MASTERCARD,557.57,MXN,APROBADA,CONTACTLESS,N
TRX0002618,2026-03-20 17:04:19,SUPER NORTENO,supermercado,Monterrey,TPV04-MON,Rocio Ramirez,rocio.ramirez94@correo.mx,3489,VISA,872.73,MXN,RECHAZADA,BANDA,N
TRX0002619,2026-02-25 20:38:15,Cafe Aurora,restaurante,Guadalajara,TPV02-GUA,Raul Delgado,raul.delgado142@correo.mx,4207,AMEX,463.76,MXN,REVERSADA,BANDA,N
TRX0002620,2026-01-01 19:44:10,CAFE AURORA,restaurante,Guadalajara,TPV04-GUA,Rocio Salazar,rocio.salazar15@correo.mx,4224,MASTERCARD,235.13,MXN,APROBADA,CHIP,N
TRX0002621,2026-03-12 08:47:20,SUPER NORTENO,supermercado,Monterrey,TPV02-MON,Carmen Nunez,carmen.nunez31@correo.mx,6697,VISA,537.96,MXN,APROBADA,CHIP,N
TRX0002622,2026-03-01 19:42:47,SUPER NORTENO,Supermercado,Monterrey,TPV01-MON,Luis Salazar,luis.salazar75@correo.mx,4376,MASTERCARD,911.87,MXN,RECHAZADA,QR,N
TRX0002623,2026-03-12 17:30:41,Cafe Aurora,Restaurante,Guadalajara,TPV04-GUA,Miguel Delgado,miguel.delgado42@correo.mx,7456,VISA,259.12,MXN,APROBADA,MANUAL,N
TRX0002624,2026-05-20 13:43:12,Boutique Iris,Ropa,Ciudad de Mexico,TPV02-CIU,Luis Trejo,luis.trejo1@correo.mx,4572,AMEX,1941.56,MXN,APROBADA,CONTACTLESS,N
TRX0002625,2026-06-17 06:29:45,SUPER NORTENO,supermercado,Monterrey,TPV01-MON,Raul Gonzalez,raul.gonzalez74@correo.mx,9447,VISA,2643.76,MXN,APROBADA,CHIP,N
TRX0002626,2026-01-28 18:57:27,Cafe Aurora,Restaurante,Guadalajara,TPV02-GUA,Sofia Delgado,sofia.delgado119@correo.mx,1778,AMEX,366.05,MXN,APROBADA,BANDA,N
TRX0002627,2026-04-12 19:55:27,Farmacia del Sol ,farmacia,Ciudad de Mexico,TPV04-CIU,Lucia Ramirez,lucia.ramirez152@correo.mx,6278,MASTERCARD,269.55,MXN,APROBADA,CONTACTLESS,N
TRX0002628,2026-06-01 12:51:02,SUPER NORTENO,supermercado,Monterrey,TPV04-MON,Ana Salazar,ana.salazar102@correo.mx,3316,AMEX,899.06,MXN,RECHAZADA,QR,N
TRX0002629,2026-06-05 06:09:37,Electro Maya,ELECTRO,Merida,TPV04-MER,Elena Ramirez,elena.ramirez144@correo.mx,3433,VISA,21017.74,MXN,APROBADA,CONTACTLESS,N
TRX0002630,2026-02-26 16:36:16,Boutique  Iris,ropa,Ciudad de Mexico,TPV03-CIU,Lucia Ramirez,lucia.ramirez43@correo.mx,2509,VISA,4865.87,MXN,APROBADA,CONTACTLESS,N
TRX0002631,2026-01-22 08:52:01,Super Norteno,Supermercado,Monterrey,TPV04-MON,Miguel Nunez,miguel.nunez174@correo.mx,2390,MASTERCARD,2173.11,MXN,RECHAZADA,MANUAL,N
TRX0002632,2026-03-31 08:57:36,SUPER NORTENO,supermercado,Monterrey,TPV01-MON,Rocio Rivas,rocio.rivas87@correo.mx,7957,VISA,262.73,MXN,REVERSADA,QR,N
TRX0002633,2026-04-30 10:39:16,Super Norteno,supermercado,Monterrey,TPV03-MON,Elena Trejo,elena.trejo113@correo.mx,8853,VISA,235.97,MXN,APROBADA,CHIP,N
TRX0002634,2026-01-23 15:59:47,CAFE AURORA,Restaurante,Guadalajara,TPV04-GUA,Fernando Mendoza,fernando.mendoza109@correo.mx,1447,AMEX,443.1,MXN,REVERSADA,QR,N
TRX0002635,2026-03-22 17:14:34,Super Norteno,Supermercado,Monterrey,TPV01-MON,Lucia Ramirez,lucia.ramirez152@correo.mx,6278,MASTERCARD,2037.02,MXN,APROBADA,MANUAL,N
TRX0002636,2026-05-12 17:07:16,Super Nortenio,supermercado,Monterrey,TPV03-MON,Jorge Vargas,jorge.vargas86@correo.mx,5040,MASTERCARD,2809.88,MXN,APROBADA,MANUAL,N
TRX0002637,2026-01-18 12:37:15,GASOLINERA KM 12,Combustible,Puebla,TPV04-PUE,Raul Rivas,raul.rivas123@correo.mx,5837,MASTERCARD,374.56,MXN,REVERSADA,BANDA,N
TRX0002638,2026-03-22 06:57:28,CAFE AURORA,Restaurante,Guadalajara,TPV01-GUA,Ana Salazar,ana.salazar102@correo.mx,3316,AMEX,365.89,MXN,APROBADA,CONTACTLESS,N
TRX0002639,2026-06-12 07:43:31,Cafe Aurora,restaurante,Guadalajara,TPV02-GUA,Ana Herrera,ana.herrera83@correo.mx,1387,MASTERCARD,461.87,MXN,APROBADA,MANUAL,N
TRX0002640,2026-06-21 07:30:20,Boutique Iris,ropa,Ciudad de Mexico,TPV03-CIU,Patricia Herrera,patricia.herrera13@correo.mx,1324,VISA,1528.75,MXN,APROBADA,CONTACTLESS,N
TRX0002641,2026-01-15 11:44:02,Farmacia del Sol ,farmacia,Ciudad de Mexico,TPV03-CIU,Patricia Gonzalez,patricia.gonzalez33@correo.mx,5295,AMEX,361.71,MXN,APROBADA,CONTACTLESS,N
TRX0002642,2026-02-20 17:47:47,Cafe Aurora,Restaurante,Guadalajara,TPV01-GUA,Raul Zamora,raul.zamora124@correo.mx,6787,AMEX,185.64,MXN,APROBADA,CONTACTLESS,N
TRX0002643,2026-06-17 15:43:01,BOUTIQUE IRIS,Ropa,Ciudad de Mexico,TPV02-CIU,Jorge Gonzalez,jorge.gonzalez2@correo.mx,4837,AMEX,1150.78,MXN,APROBADA,MANUAL,N
TRX0002644,2026-03-28 07:28:02,GASOLINERA KM 12,Combustible,Puebla,TPV03-PUE,Sofia Vargas,sofia.vargas19@correo.mx,1099,MASTERCARD,509.29,MXN,APROBADA,QR,N
TRX0002645,2026-01-05 18:07:09,CAFE AURORA,Restaurante,Guadalajara,TPV03-GUA,Jorge Vargas,jorge.vargas40@correo.mx,2316,AMEX,176.62,MXN,APROBADA,CHIP,N
TRX0002646,2026-06-22 12:50:37,Super Nortenio,Supermercado,Monterrey,TPV04-MON,Ana Cortes,ana.cortes91@correo.mx,8806,AMEX,1828.39,MXN,REVERSADA,CHIP,N
TRX0002647,2026-01-11 11:24:16,Viajes Altamar,viajes,Cancun,TPV01-CAN,Sofia Ramirez,sofia.ramirez84@correo.mx,8467,MASTERCARD,26825.83,MXN,APROBADA,CONTACTLESS,N
TRX0002648,2026-06-23 12:04:57,Boutique Iris,ropa,Ciudad de Mexico,TPV01-CIU,Raul Delgado,raul.delgado105@correo.mx,8772,MASTERCARD,2265.64,MXN,APROBADA,CONTACTLESS,N
TRX0002649,2026-02-08 07:54:30,Super Nortenio,SUPER,Monterrey,TPV04-MON,Fernando Gonzalez,fernando.gonzalez14@correo.mx,4950,MASTERCARD,3046.34,MXN,APROBADA,QR,N
TRX0002650,2026-05-03 20:37:27,Super Nortenio,SUPER,Monterrey,TPV02-MON,Elena Gonzalez,elena.gonzalez143@correo.mx,1660,MASTERCARD,2752.61,MXN,RECHAZADA,CONTACTLESS,N
TRX0002651,2026-02-11 10:31:56,VIAJES ALTAMAR,Viajes,Cancun,TPV02-CAN,Patricia Nunez,patricia.nunez52@correo.mx,8415,VISA,12289.05,MXN,APROBADA,MANUAL,N
TRX0002652,2026-04-18 10:05:19,GASOLINERA KM 12,combustible,Puebla,TPV01-PUE,Luis Ramirez,luis.ramirez58@correo.mx,8936,MASTERCARD,631.39,MXN,APROBADA,CHIP,N
TRX0002653,2026-05-23 06:09:45,Cafe Aurora,restaurante,Guadalajara,TPV04-GUA,Hector Nunez,hector.nunez38@correo.mx,3109,AMEX,453.03,MXN,APROBADA,BANDA,N
TRX0002654,2026-03-27 09:50:30,Cafe Aurora,restaurante,Guadalajara,TPV01-GUA,Sofia Salazar,sofia.salazar146@correo.mx,4742,VISA,395.98,MXN,APROBADA,CHIP,N
TRX0002655,2026-05-03 20:41:11,FARMACIA DEL SOL,Farmacia,Ciudad de Mexico,TPV01-CIU,Fernando Salazar,fernando.salazar63@correo.mx,5089,MASTERCARD,630.82,MXN,APROBADA,MANUAL,N
TRX0002656,2026-05-30 08:38:19,SUPER NORTENO,SUPER,Monterrey,TPV03-MON,Lucia Zamora,lucia.zamora108@correo.mx,3262,MASTERCARD,583.48,MXN,RECHAZADA,QR,N
TRX0002657,2026-01-25 16:11:51,FARMACIA DEL SOL,FARM,Ciudad de Mexico,TPV01-CIU,Jorge Delgado,jorge.delgado66@correo.mx,7754,VISA,556.16,MXN,RECHAZADA,MANUAL,N
TRX0002658,2026-05-15 21:33:14,SUPER NORTENO,Supermercado,Monterrey,TPV04-MON,Carmen Ramirez,carmen.ramirez111@correo.mx,1829,VISA,812.13,MXN,REVERSADA,BANDA,N
TRX0002659,2026-03-13 16:50:27,Boutique Iris,ropa,Ciudad de Mexico,TPV03-CIU,Miguel Nunez,miguel.nunez82@correo.mx,8132,AMEX,2021.99,MXN,APROBADA,CHIP,N
TRX0002660,2026-02-11 14:37:27,Super Nortenio,supermercado,Monterrey,TPV02-MON,Carmen Rivas,carmen.rivas139@correo.mx,4822,AMEX,514.37,MXN,APROBADA,CHIP,N
TRX0002661,2026-03-02 12:21:13,Cafe Aurora,Restaurante,Guadalajara,TPV04-GUA,Teresa Mendoza,teresa.mendoza55@correo.mx,6130,MASTERCARD,262.6,MXN,APROBADA,MANUAL,N
TRX0002662,2026-01-13 15:16:57,Boutique  Iris,ropa,Ciudad de Mexico,TPV04-CIU,Hector Herrera,hector.herrera34@correo.mx,8787,VISA,2667.0,MXN,APROBADA,CHIP,N
TRX0002663,2026-03-22 10:01:26,Super Nortenio,supermercado,Monterrey,TPV04-MON,Fernando Herrera,fernando.herrera168@correo.mx,8810,VISA,3234.49,MXN,REVERSADA,QR,N
TRX0002664,2026-05-22 20:47:13,Super Nortenio,supermercado,Monterrey,TPV03-MON,Ana Herrera,ana.herrera83@correo.mx,1387,MASTERCARD,1244.08,MXN,APROBADA,MANUAL,N
TRX0002665,2026-03-26 19:53:14,CAFE AURORA,restaurante,Guadalajara,TPV03-GUA,Fernando Ramirez,fernando.ramirez126@correo.mx,7487,AMEX,164.31,MXN,APROBADA,MANUAL,N
TRX0002666,2026-04-08 18:08:53,Farmacia del Sol,Farmacia,Ciudad de Mexico,TPV04-CIU,Carmen Ramirez,carmen.ramirez111@correo.mx,1829,VISA,876.91,MXN,APROBADA,QR,N
TRX0002667,2026-02-26 16:09:26,SUPER NORTENO,SUPER,Monterrey,TPV02-MON,Ivan Nunez,ivan.nunez88@correo.mx,1309,MASTERCARD,1257.18,MXN,RECHAZADA,QR,N
TRX0002668,2026-05-01 13:00:01,Super Norteno,Supermercado,Monterrey,TPV03-MON,Carmen Nunez,carmen.nunez31@correo.mx,2556,AMEX,577.36,MXN,APROBADA,QR,N
TRX0002669,2026-04-06 08:41:25,Gasolinera Km 12,combustible,Puebla,TPV02-PUE,Fernando Gonzalez,fernando.gonzalez14@correo.mx,4950,MASTERCARD,1350.75,MXN,APROBADA,QR,N
TRX0002670,2026-01-06 13:54:14,CAFE AURORA,restaurante,Guadalajara,TPV01-GUA,Ana Cortes,ana.cortes53@correo.mx,9845,MASTERCARD,247.34,MXN,RECHAZADA,BANDA,N
TRX0002671,2026-05-21 16:39:56,Super Norteno,Supermercado,Monterrey,TPV04-MON,Teresa Rivas,teresa.rivas25@correo.mx,6114,AMEX,3091.27,MXN,APROBADA,BANDA,N
TRX0002672,2026-03-05 20:04:43,SUPER NORTENO,supermercado,Monterrey,TPV01-MON,Patricia Ramirez,patricia.ramirez130@correo.mx,8241,AMEX,2301.82,MXN,APROBADA,QR,N
TRX0002673,2026-04-07 07:41:52,Super Nortenio,Supermercado,Monterrey,TPV01-MON,Sofia Salazar,sofia.salazar136@correo.mx,7202,AMEX,2647.43,MXN,APROBADA,CONTACTLESS,N
TRX0002674,2026-06-14 21:26:35,Super Norteno,supermercado,Monterrey,TPV01-MON,Lucia Vargas,lucia.vargas64@correo.mx,5333,VISA,3233.43,MXN,APROBADA,CONTACTLESS,N
TRX0002675,2026-06-09 14:04:05,FARMACIA DEL SOL,Farmacia,Ciudad de Mexico,TPV04-CIU,Patricia Delgado,patricia.delgado167@correo.mx,8972,VISA,874.29,MXN,APROBADA,QR,N
TRX0002676,2026-05-21 17:09:46,Super Nortenio,supermercado,Monterrey,TPV02-MON,Hector Herrera,hector.herrera79@correo.mx,3159,VISA,3402.6,MXN,APROBADA,CONTACTLESS,N
TRX0002677,2026-04-29 18:57:25,Farmacia del Sol ,farmacia,Ciudad de Mexico,TPV04-CIU,Sofia Vargas,sofia.vargas19@correo.mx,1099,MASTERCARD,631.31,MXN,RECHAZADA,CHIP,N
TRX0002678,2026-06-16 18:43:31,Boutique Iris,Ropa,Ciudad de Mexico,TPV01-CIU,Elena Delgado,elena.delgado149@correo.mx,9248,MASTERCARD,3392.61,MXN,APROBADA,MANUAL,N
TRX0002679,2026-04-02 17:14:27,Cafe Aurora,Restaurante,Guadalajara,TPV02-GUA,Sofia Rivas,sofia.rivas81@correo.mx,4001,VISA,74.02,MXN,APROBADA,MANUAL,N
TRX0002680,2026-01-30 16:50:03,FARMACIA DEL SOL,FARM,Ciudad de Mexico,TPV04-CIU,Sofia Ramirez,sofia.ramirez84@correo.mx,8467,MASTERCARD,318.55,MXN,REVERSADA,MANUAL,N
TRX0002681,2026-05-15 16:56:12,CAFE AURORA,restaurante,Guadalajara,TPV02-GUA,Lucia Vargas,lucia.vargas131@correo.mx,3615,MASTERCARD,342.85,MXN,APROBADA,CONTACTLESS,N
TRX0002682,2026-01-16 20:38:13,Farmacia del Sol ,Farmacia,Ciudad de Mexico,TPV04-CIU,Elena Vargas,elena.vargas148@correo.mx,9840,AMEX,673.33,MXN,APROBADA,CHIP,N
TRX0002683,2026-02-03 16:01:50,Super Norteno,SUPER,Monterrey,TPV04-MON,Fernando Gonzalez,fernando.gonzalez14@correo.mx,4950,MASTERCARD,883.81,MXN,REVERSADA,BANDA,N
TRX0002684,2026-06-27 15:26:33,GASOLINERA KM 12,Combustible,Puebla,TPV04-PUE,Jorge Nunez,jorge.nunez121@correo.mx,3221,AMEX,595.21,MXN,APROBADA,BANDA,N
TRX0002685,2026-03-10 08:58:20,Viajes Altamar,Viajes,Cancun,TPV03-CAN,Hector Rivas,hector.rivas50@correo.mx,8897,MASTERCARD,43731.82,MXN,REVERSADA,CONTACTLESS,N
TRX0002686,2026-03-10 11:06:49,Boutique Iris,Ropa,Ciudad de Mexico,TPV04-CIU,Fernando Nunez,fernando.nunez145@correo.mx,8489,AMEX,4183.3,MXN,APROBADA,BANDA,N
TRX0002687,2026-06-17 13:32:46,Super Norteno,SUPER,Monterrey,TPV01-MON,Miguel Gonzalez,miguel.gonzalez28@correo.mx,8632,VISA,2538.56,MXN,APROBADA,CHIP,N
TRX0002688,2026-05-04 21:28:42,Farmacia del Sol,Farmacia,Ciudad de Mexico,TPV03-CIU,Carmen Cortes,carmen.cortes76@correo.mx,7986,AMEX,706.73,MXN,RECHAZADA,BANDA,N
TRX0002689,2026-05-19 15:37:33,VIAJES ALTAMAR,viajes,Cancun,TPV03-CAN,Sofia Delgado,sofia.delgado119@correo.mx,1778,AMEX,31933.14,MXN,APROBADA,MANUAL,N
TRX0002690,2026-05-28 18:17:54,Cafe Aurora,restaurante,Guadalajara,TPV02-GUA,Luis Trejo,luis.trejo1@correo.mx,7154,MASTERCARD,407.36,MXN,APROBADA,BANDA,N
TRX0002691,2026-05-09 15:35:38,CAFE AURORA,Restaurante,Guadalajara,TPV03-GUA,Elena Ramirez,elena.ramirez175@correo.mx,9442,MASTERCARD,293.75,MXN,APROBADA,CHIP,N
TRX0002692,2026-06-25 10:07:01,Boutique  Iris,VESTIMENTA,Ciudad de Mexico,TPV03-CIU,Sofia Delgado,sofia.delgado119@correo.mx,1778,AMEX,762.52,MXN,APROBADA,MANUAL,N
TRX0002693,2026-01-04 12:39:05,Super Norteno,Supermercado,Monterrey,TPV04-MON,Miguel Nunez,miguel.nunez174@correo.mx,2390,MASTERCARD,3453.78,MXN,APROBADA,MANUAL,N
TRX0002694,2026-01-17 11:48:25,Cafe Aurora,restaurante,Guadalajara,TPV01-GUA,Patricia Delgado,patricia.delgado67@correo.mx,9262,AMEX,461.87,MXN,APROBADA,CHIP,N
TRX0002695,2026-06-07 18:56:40,Farmacia del Sol ,farmacia,Ciudad de Mexico,TPV01-CIU,Patricia Ramirez,patricia.ramirez130@correo.mx,8241,AMEX,386.11,MXN,APROBADA,CHIP,N
TRX0002696,2026-06-14 21:51:11,Gasolinera Km 12,combustible,Puebla,TPV03-PUE,Lucia Gonzalez,lucia.gonzalez96@correo.mx,7074,VISA,729.1,MXN,APROBADA,BANDA,N
TRX0002697,2026-06-06 06:22:30,SUPER NORTENO,SUPER,Monterrey,TPV04-MON,Ivan Trejo,ivan.trejo180@correo.mx,8045,MASTERCARD,3316.43,MXN,APROBADA,CHIP,N
TRX0002698,2026-04-16 18:05:48,SUPER NORTENO,Supermercado,Monterrey,TPV03-MON,Carmen Herrera,carmen.herrera176@correo.mx,1605,VISA,2417.22,MXN,REVERSADA,CHIP,N
TRX0002699,2026-01-22 08:13:54,Farmacia del Sol,farmacia,Ciudad de Mexico,TPV02-CIU,Sofia Nunez,sofia.nunez56@correo.mx,5954,AMEX,859.57,MXN,REVERSADA,CHIP,N
TRX0002700,2026-01-31 08:45:12,Cafe Aurora,Restaurante,Guadalajara,TPV04-GUA,Rocio Herrera,rocio.herrera165@correo.mx,6020,VISA,124.04,MXN,APROBADA,QR,N
TRX0002701,2026-03-24 07:33:26,CAFE AURORA,restaurante,Guadalajara,TPV03-GUA,Jorge Herrera,jorge.herrera46@correo.mx,2925,AMEX,244.97,MXN,APROBADA,CONTACTLESS,N
TRX0002702,2026-02-07 14:07:55,GASOLINERA KM 12,Combustible,Puebla,TPV02-PUE,Ivan Nunez,ivan.nunez88@correo.mx,1309,MASTERCARD,879.83,MXN,APROBADA,CONTACTLESS,N
TRX0002703,2026-06-05 14:27:47,Super Norteno,supermercado,Monterrey,TPV03-MON,Elena Ramirez,elena.ramirez175@correo.mx,9442,MASTERCARD,1999.68,MXN,REVERSADA,QR,N
TRX0002704,2026-03-22 21:54:04,Boutique  Iris,ropa,Ciudad de Mexico,TPV03-CIU,Lucia Vargas,lucia.vargas64@correo.mx,5333,VISA,5806.69,MXN,APROBADA,BANDA,N
TRX0002705,2026-01-14 19:35:06,Super Nortenio,Supermercado,Monterrey,TPV04-MON,Luis Rivas,luis.rivas99@correo.mx,1585,MASTERCARD,582.17,MXN,APROBADA,QR,N
TRX0002706,2026-02-05 14:09:12,FARMACIA DEL SOL,farmacia,Ciudad de Mexico,TPV02-CIU,Luis Rivas,luis.rivas99@correo.mx,1585,MASTERCARD,617.31,MXN,APROBADA,MANUAL,N
TRX0002707,2026-03-26 17:01:14,Cafe Aurora,Restaurante,Guadalajara,TPV01-GUA,Raul Gonzalez,raul.gonzalez179@correo.mx,8333,MASTERCARD,245.73,MXN,APROBADA,BANDA,N
TRX0002708,2026-01-02 20:08:11,ELECTRO MAYA,Electronica,Merida,TPV03-MER,Carmen Nunez,carmen.nunez31@correo.mx,2556,AMEX,19539.46,MXN,APROBADA,CONTACTLESS,N
TRX0002709,2026-02-27 11:43:44,GASOLINERA KM 12,Combustible,Puebla,TPV04-PUE,Ana Vargas,ana.vargas60@correo.mx,5862,AMEX,1680.58,MXN,APROBADA,CHIP,N
TRX0002710,2026-02-28 15:51:41,Farmacia del Sol,farmacia,Ciudad de Mexico,TPV04-CIU,Luis Delgado,luis.delgado150@correo.mx,7838,VISA,630.11,MXN,APROBADA,CHIP,N
TRX0002711,2026-03-25 10:00:58,Farmacia del Sol,Farmacia,Ciudad de Mexico,TPV04-CIU,Raul Rivas,raul.rivas123@correo.mx,5837,MASTERCARD,770.41,MXN,APROBADA,BANDA,S
TRX0002712,2026-01-12 18:02:05,Super Norteno,Supermercado,Monterrey,TPV04-MON,Lucia Ramirez,lucia.ramirez152@correo.mx,6278,MASTERCARD,2395.5,MXN,APROBADA,MANUAL,N
TRX0002713,2026-04-03 15:57:35,Cafe Aurora,Restaurante,Guadalajara,TPV03-GUA,Rocio Zamora,rocio.zamora85@correo.mx,2544,AMEX,354.94,MXN,APROBADA,CHIP,N
TRX0002714,2026-03-02 11:05:23,Super Nortenio,supermercado,Monterrey,TPV04-MON,Sofia Rivas,sofia.rivas81@correo.mx,4001,VISA,2116.37,MXN,APROBADA,QR,N
TRX0002715,2026-06-05 19:09:48,Super Norteno,Supermercado,Monterrey,TPV04-MON,Jorge Vargas,jorge.vargas86@correo.mx,5040,MASTERCARD,1573.27,MXN,APROBADA,BANDA,N
TRX0002716,2026-05-01 13:36:36,Viajes Altamar,Viajes,Cancun,TPV01-CAN,Rocio Rivas,rocio.rivas87@correo.mx,7400,AMEX,20595.46,MXN,APROBADA,MANUAL,N
TRX0002717,2026-02-15 15:45:53,SUPER NORTENO,Supermercado,Monterrey,TPV01-MON,Fernando Herrera,fernando.herrera168@correo.mx,8810,VISA,1753.38,MXN,APROBADA,BANDA,N
TRX0002718,2026-06-12 08:31:16,GASOLINERA KM 12,Combustible,Puebla,TPV01-PUE,Ana Salazar,ana.salazar102@correo.mx,3316,AMEX,392.32,MXN,RECHAZADA,BANDA,N
TRX0002719,2026-01-07 13:20:56,Viajes Altamar,viajes,Cancun,TPV01-CAN,Elena Trejo,elena.trejo73@correo.mx,9973,AMEX,16314.16,MXN,REVERSADA,QR,N
TRX0002720,2026-03-01 13:51:30,CAFE AURORA,restaurante,Guadalajara,TPV02-GUA,Sofia Salazar,sofia.salazar136@correo.mx,7202,AMEX,461.55,MXN,APROBADA,BANDA,N
TRX0002721,2026-01-16 13:05:16,Cafe Aurora,restaurante,Guadalajara,TPV02-GUA,Lucia Vargas,lucia.vargas7@correo.mx,3320,MASTERCARD,452.38,MXN,APROBADA,QR,N
TRX0002722,2026-06-09 21:58:50,VIAJES ALTAMAR,Viajes,Cancun,TPV01-CAN,Ana Salazar,ana.salazar102@correo.mx,3316,AMEX,34580.07,MXN,APROBADA,MANUAL,S
TRX0002723,2026-04-06 07:45:24,ELECTRO MAYA,ELECTRO,Merida,TPV02-MER,Hector Ramirez,hector.ramirez164@correo.mx,7290,MASTERCARD,2491.64,MXN,APROBADA,CONTACTLESS,N
TRX0002724,2026-05-02 21:36:33,GASOLINERA KM 12,Combustible,Puebla,TPV04-PUE,Patricia Salazar,patricia.salazar69@correo.mx,4268,MASTERCARD,555.43,MXN,APROBADA,BANDA,N
TRX0002725,2026-03-22 19:53:26,CAFE AURORA,restaurante,Guadalajara,TPV03-GUA,Rocio Zamora,rocio.zamora85@correo.mx,2544,AMEX,115.37,MXN,APROBADA,MANUAL,N
TRX0002726,2026-06-20 18:48:07,FARMACIA DEL SOL,Farmacia,Ciudad de Mexico,TPV04-CIU,Lucia Herrera,lucia.herrera11@correo.mx,1104,VISA,639.65,MXN,APROBADA,CONTACTLESS,N
TRX0002727,2026-05-11 20:54:56,FARMACIA DEL SOL,Farmacia,Ciudad de Mexico,TPV01-CIU,Sofia Vargas,sofia.vargas19@correo.mx,1099,MASTERCARD,892.44,MXN,REVERSADA,BANDA,N
TRX0002728,2026-04-25 09:13:07,Super Nortenio,supermercado,Monterrey,TPV03-MON,Raul Gonzalez,raul.gonzalez74@correo.mx,9447,VISA,3148.8,MXN,RECHAZADA,CHIP,N
TRX0002729,2026-06-19 18:30:57,SUPER NORTENO,supermercado,Monterrey,TPV04-MON,Sofia Salazar,sofia.salazar146@correo.mx,4742,VISA,2767.14,MXN,RECHAZADA,BANDA,N
TRX0002730,2026-03-18 19:45:27,CAFE AURORA,Restaurante,Guadalajara,TPV01-GUA,Miguel Herrera,miguel.herrera166@correo.mx,4697,AMEX,431.77,MXN,APROBADA,CONTACTLESS,N
TRX0002731,2026-01-14 08:36:34,Gasolinera Km 12,Combustible,Puebla,TPV02-PUE,Raul Gonzalez,raul.gonzalez74@correo.mx,9447,VISA,1643.87,MXN,RECHAZADA,BANDA,N
TRX0002732,2026-04-21 08:00:50,Super Norteno,SUPER,Monterrey,TPV01-MON,Fernando Ramirez,fernando.ramirez126@correo.mx,7487,AMEX,2956.84,MXN,APROBADA,MANUAL,N
TRX0002733,2026-05-10 13:44:42,Boutique Iris,ropa,Ciudad de Mexico,TPV02-CIU,Patricia Herrera,patricia.herrera13@correo.mx,1324,VISA,3212.67,MXN,APROBADA,QR,N
TRX0002734,2026-01-07 10:29:44,Farmacia del Sol,FARM,Ciudad de Mexico,TPV04-CIU,Rocio Cortes,rocio.cortes103@correo.mx,8270,VISA,159.26,MXN,RECHAZADA,BANDA,N
TRX0002735,2026-05-07 16:37:04,Boutique Iris,Ropa,Ciudad de Mexico,TPV01-CIU,Carmen Vargas,carmen.vargas161@correo.mx,3446,MASTERCARD,2901.31,MXN,RECHAZADA,QR,N
TRX0002736,2026-05-27 09:28:37,Farmacia del Sol ,Farmacia,Ciudad de Mexico,TPV01-CIU,Elena Ramirez,elena.ramirez144@correo.mx,8187,MASTERCARD,494.42,MXN,APROBADA,MANUAL,N
TRX0002737,2026-02-10 19:29:40,Farmacia del Sol,farmacia,Ciudad de Mexico,TPV01-CIU,Lucia Gonzalez,lucia.gonzalez36@correo.mx,8401,AMEX,802.41,MXN,REVERSADA,CHIP,N
TRX0002738,2026-05-11 16:58:51,Farmacia del Sol,FARM,Ciudad de Mexico,TPV04-CIU,Hector Herrera,hector.herrera34@correo.mx,9193,VISA,359.1,MXN,APROBADA,CONTACTLESS,N
TRX0002739,2026-06-11 06:14:46,CAFE AURORA,Restaurante,Guadalajara,TPV04-GUA,Luis Delgado,luis.delgado150@correo.mx,7838,VISA,108.93,MXN,APROBADA,BANDA,N
TRX0002740,2026-02-14 21:21:33,Cafe Aurora,Restaurante,Guadalajara,TPV04-GUA,Raul Delgado,raul.delgado142@correo.mx,4207,AMEX,458.63,MXN,APROBADA,MANUAL,N
TRX0002741,2026-03-29 17:30:04,BOUTIQUE IRIS,ropa,Ciudad de Mexico,TPV01-CIU,Ana Nunez,ana.nunez17@correo.mx,9063,VISA,1701.63,MXN,APROBADA,BANDA,N
TRX0002742,2026-05-28 08:30:36,Electro Maya,Electronica,Merida,TPV01-MER,Elena Rivas,elena.rivas20@correo.mx,9752,AMEX,6222.65,MXN,APROBADA,CHIP,N
TRX0002743,2026-02-16 20:29:03,SUPER NORTENO,supermercado,Monterrey,TPV02-MON,Raul Rivas,raul.rivas114@correo.mx,9720,MASTERCARD,1840.76,MXN,RECHAZADA,MANUAL,N
TRX0002744,2026-02-13 12:23:10,CAFE AURORA,Restaurante,Guadalajara,TPV03-GUA,Raul Vargas,raul.vargas37@correo.mx,5573,AMEX,117.86,MXN,APROBADA,CONTACTLESS,N
TRX0002745,2026-01-18 19:37:32,CAFE AURORA,Restaurante,Guadalajara,TPV03-GUA,Jorge Gonzalez,jorge.gonzalez2@correo.mx,4837,AMEX,278.83,MXN,APROBADA,CHIP,N
TRX0002746,2026-01-27 21:06:10,FARMACIA DEL SOL,farmacia,Ciudad de Mexico,TPV04-CIU,Lucia Trejo,lucia.trejo92@correo.mx,3905,MASTERCARD,888.14,MXN,APROBADA,QR,N
TRX0002747,2026-01-12 17:32:26,SUPER NORTENO,SUPER,Monterrey,TPV02-MON,Patricia Ramirez,patricia.ramirez130@correo.mx,8241,AMEX,2816.99,MXN,APROBADA,BANDA,N
TRX0002748,2026-02-27 09:49:10,GASOLINERA KM 12,combustible,Puebla,TPV03-PUE,Lucia Herrera,lucia.herrera11@correo.mx,1104,VISA,1542.59,MXN,APROBADA,MANUAL,N
TRX0002749,2026-03-26 12:37:42,Super Norteno,supermercado,Monterrey,TPV04-MON,Miguel Nunez,miguel.nunez174@correo.mx,2390,MASTERCARD,1604.86,MXN,APROBADA,CONTACTLESS,N
TRX0002750,2026-03-12 16:14:57,Farmacia del Sol,farmacia,Ciudad de Mexico,TPV02-CIU,Carmen Nunez,carmen.nunez31@correo.mx,6697,VISA,712.34,MXN,RECHAZADA,MANUAL,N
TRX0002751,2026-02-09 19:55:16,SUPER NORTENO,supermercado,Monterrey,TPV04-MON,Hector Trejo,hector.trejo101@correo.mx,6533,MASTERCARD,284.03,MXN,APROBADA,CONTACTLESS,N
TRX0002752,2026-03-18 11:48:32,Farmacia del Sol,Farmacia,Ciudad de Mexico,TPV02-CIU,Patricia Gonzalez,patricia.gonzalez33@correo.mx,5295,AMEX,279.59,MXN,APROBADA,BANDA,N
TRX0002753,2026-04-07 13:31:15,Cafe Aurora,Restaurante,Guadalajara,TPV01-GUA,Fernando Cortes,fernando.cortes170@correo.mx,6842,AMEX,118.63,MXN,APROBADA,MANUAL,N
TRX0002754,2026-05-03 17:33:49,FARMACIA DEL SOL,FARM,Ciudad de Mexico,TPV02-CIU,Raul Delgado,raul.delgado142@correo.mx,4207,AMEX,362.97,MXN,APROBADA,CHIP,N
TRX0002755,2026-06-08 07:12:55,Boutique Iris,ropa,Ciudad de Mexico,TPV02-CIU,Rocio Zamora,rocio.zamora85@correo.mx,2544,AMEX,570.71,MXN,APROBADA,CHIP,N
TRX0002756,2026-01-27 10:19:24,SUPER NORTENO,SUPER,Monterrey,TPV03-MON,Lucia Zamora,lucia.zamora108@correo.mx,3262,MASTERCARD,2033.04,MXN,REVERSADA,CHIP,N
TRX0002757,2026-06-17 15:59:05,SUPER NORTENO,Supermercado,Monterrey,TPV01-MON,Lucia Ramirez,lucia.ramirez48@correo.mx,2913,VISA,481.34,MXN,APROBADA,CHIP,N
TRX0002758,2026-01-09 17:43:02,SUPER NORTENO,supermercado,Monterrey,TPV02-MON,Fernando Herrera,fernando.herrera177@correo.mx,7418,VISA,1042.6,MXN,RECHAZADA,MANUAL,N
TRX0002759,2026-04-06 11:19:52,Farmacia del Sol,Farmacia,Ciudad de Mexico,TPV04-CIU,Fernando Nunez,fernando.nunez145@correo.mx,8489,AMEX,515.1,MXN,APROBADA,MANUAL,N
TRX0002760,2026-06-01 21:40:22,VIAJES ALTAMAR,Viajes,Cancun,TPV04-CAN,Rocio Zamora,rocio.zamora85@correo.mx,2544,AMEX,19202.16,MXN,APROBADA,MANUAL,N
TRX0002761,2026-03-29 09:05:52,Boutique  Iris,ropa,Ciudad de Mexico,TPV03-CIU,Raul Rivas,raul.rivas123@correo.mx,5837,MASTERCARD,1021.35,MXN,APROBADA,CONTACTLESS,N
TRX0002762,2026-04-05 12:17:29,CAFE AURORA,restaurante,Guadalajara,TPV03-GUA,Lucia Ramirez,lucia.ramirez152@correo.mx,6278,MASTERCARD,305.37,MXN,APROBADA,MANUAL,N
TRX0002763,2026-04-11 11:42:21,Farmacia del Sol,FARM,Ciudad de Mexico,TPV01-CIU,Ivan Ramirez,ivan.ramirez45@correo.mx,8146,AMEX,315.4,MXN,RECHAZADA,CONTACTLESS,N
TRX0002764,2026-01-26 18:46:37,BOUTIQUE IRIS,VESTIMENTA,Ciudad de Mexico,TPV01-CIU,Teresa Mendoza,teresa.mendoza159@correo.mx,6739,VISA,647.05,MXN,RECHAZADA,CHIP,N
TRX0002765,2026-01-19 21:43:09,Super Nortenio,supermercado,Monterrey,TPV02-MON,Lucia Zamora,lucia.zamora108@correo.mx,3262,MASTERCARD,1694.6,MXN,REVERSADA,QR,N
TRX0002766,2026-05-21 14:34:04,SUPER NORTENO,Supermercado,Monterrey,TPV04-MON,Jorge Herrera,jorge.herrera112@correo.mx,5612,MASTERCARD,3431.33,MXN,APROBADA,MANUAL,N
TRX0002767,2026-06-24 12:36:22,Electro Maya,ELECTRO,Merida,TPV02-MER,Ana Ramirez,ana.ramirez100@correo.mx,7540,MASTERCARD,8977.99,MXN,REVERSADA,CHIP,N
TRX0002768,2026-03-08 21:41:50,CAFE AURORA,Restaurante,Guadalajara,TPV01-GUA,Lucia Ramirez,lucia.ramirez43@correo.mx,2509,VISA,128.87,MXN,APROBADA,BANDA,N
TRX0002769,2026-03-05 21:53:39,BOUTIQUE IRIS,ropa,Ciudad de Mexico,TPV02-CIU,Raul Delgado,raul.delgado169@correo.mx,7678,VISA,4337.72,MXN,APROBADA,CHIP,N
TRX0002770,2026-06-11 14:56:20,SUPER NORTENO,SUPER,Monterrey,TPV01-MON,Miguel Nunez,miguel.nunez82@correo.mx,8132,AMEX,642.33,MXN,APROBADA,BANDA,N
TRX0002771,2026-06-18 09:43:52,BOUTIQUE IRIS,Ropa,Ciudad de Mexico,TPV01-CIU,Carmen Vargas,carmen.vargas161@correo.mx,3446,MASTERCARD,4368.44,MXN,RECHAZADA,CONTACTLESS,N
TRX0002772,2026-05-22 13:59:55,ELECTRO MAYA,ELECTRO,Merida,TPV04-MER,Ivan Gonzalez,ivan.gonzalez163@correo.mx,9280,MASTERCARD,14124.7,MXN,REVERSADA,QR,N
TRX0002773,2026-02-06 21:56:54,FARMACIA DEL SOL,FARM,Ciudad de Mexico,TPV02-CIU,Jorge Gonzalez,jorge.gonzalez2@correo.mx,4837,AMEX,548.06,MXN,APROBADA,MANUAL,N
TRX0002774,2026-03-19 19:29:25,BOUTIQUE IRIS,Ropa,Ciudad de Mexico,TPV01-CIU,Sofia Rivas,sofia.rivas81@correo.mx,4001,VISA,5871.66,MXN,APROBADA,BANDA,N
TRX0002775,2026-03-03 21:40:11,Farmacia del Sol ,Farmacia,Ciudad de Mexico,TPV03-CIU,Patricia Gonzalez,patricia.gonzalez127@correo.mx,4793,VISA,122.28,MXN,APROBADA,QR,N
TRX0002776,2026-02-22 13:26:49,Cafe Aurora,Restaurante,Guadalajara,TPV03-GUA,Carmen Herrera,carmen.herrera176@correo.mx,1605,VISA,89.81,MXN,APROBADA,BANDA,N
TRX0002777,2026-05-16 12:27:33,CAFE AURORA,restaurante,Guadalajara,TPV02-GUA,Elena Vargas,elena.vargas148@correo.mx,7654,MASTERCARD,420.44,MXN,APROBADA,CONTACTLESS,N
TRX0002778,2026-06-13 14:04:34,Farmacia del Sol ,Farmacia,Ciudad de Mexico,TPV01-CIU,Hector Ramirez,hector.ramirez164@correo.mx,4352,MASTERCARD,221.25,MXN,APROBADA,CHIP,N
TRX0002779,2026-06-14 17:25:04,SUPER NORTENO,Supermercado,Monterrey,TPV02-MON,Ana Rivas,ana.rivas117@correo.mx,2975,MASTERCARD,544.5,MXN,APROBADA,CONTACTLESS,N
TRX0002780,2026-06-17 16:42:50,Farmacia del Sol ,FARM,Ciudad de Mexico,TPV02-CIU,Hector Ramirez,hector.ramirez164@correo.mx,4352,MASTERCARD,234.18,MXN,APROBADA,QR,N
TRX0002781,2026-05-05 07:18:27,Farmacia del Sol ,farmacia,Ciudad de Mexico,TPV04-CIU,Patricia Nunez,patricia.nunez52@correo.mx,8415,VISA,545.47,MXN,RECHAZADA,QR,N
TRX0002782,2026-04-24 18:45:36,Farmacia del Sol ,Farmacia,Ciudad de Mexico,TPV04-CIU,Patricia Vargas,patricia.vargas26@correo.mx,4933,VISA,331.98,MXN,APROBADA,MANUAL,N
TRX0002783,2026-04-16 06:25:08,SUPER NORTENO,Supermercado,Monterrey,TPV01-MON,Carmen Ramirez,carmen.ramirez111@correo.mx,1829,VISA,254.23,MXN,RECHAZADA,CHIP,N
TRX0002784,2026-05-30 13:15:53,SUPER NORTENO,SUPER,Monterrey,TPV04-MON,Lucia Delgado,lucia.delgado141@correo.mx,6423,VISA,576.17,MXN,APROBADA,CONTACTLESS,N
TRX0002785,2026-05-26 16:03:29,BOUTIQUE IRIS,Ropa,Ciudad de Mexico,TPV04-CIU,Ana Salazar,ana.salazar102@correo.mx,3316,AMEX,521.61,MXN,APROBADA,CONTACTLESS,N
TRX0002786,2026-05-13 12:15:43,Super Norteno,Supermercado,Monterrey,TPV04-MON,Patricia Vargas,patricia.vargas26@correo.mx,4933,VISA,3179.09,MXN,REVERSADA,BANDA,N
TRX0002787,2026-06-23 13:44:02,Super Nortenio,Supermercado,Monterrey,TPV04-MON,Carmen Mendoza,carmen.mendoza95@correo.mx,6566,AMEX,1918.13,MXN,APROBADA,CONTACTLESS,N
TRX0002788,2026-04-05 07:33:38,Farmacia del Sol,FARM,Ciudad de Mexico,TPV04-CIU,Luis Ramirez,luis.ramirez58@correo.mx,6479,AMEX,582.25,MXN,REVERSADA,CONTACTLESS,N
TRX0002789,2026-01-17 06:19:14,GASOLINERA KM 12,combustible,Puebla,TPV01-PUE,Sofia Rivas,sofia.rivas81@correo.mx,4001,VISA,393.04,MXN,REVERSADA,MANUAL,N
TRX0002790,2026-02-13 10:38:12,FARMACIA DEL SOL,Farmacia,Ciudad de Mexico,TPV02-CIU,Lucia Vargas,lucia.vargas7@correo.mx,4691,AMEX,839.16,MXN,APROBADA,BANDA,N
TRX0002791,2026-05-20 08:02:20,Cafe Aurora,Restaurante,Guadalajara,TPV01-GUA,Luis Herrera,luis.herrera5@correo.mx,3036,MASTERCARD,393.3,MXN,APROBADA,CONTACTLESS,N
TRX0002792,2026-06-25 14:01:57,FARMACIA DEL SOL,farmacia,Ciudad de Mexico,TPV04-CIU,Ana Delgado,ana.delgado171@correo.mx,8676,MASTERCARD,899.99,MXN,APROBADA,BANDA,N
TRX0002793,2026-06-08 06:59:32,Farmacia del Sol ,farmacia,Ciudad de Mexico,TPV02-CIU,Hector Nunez,hector.nunez38@correo.mx,3109,AMEX,854.86,MXN,APROBADA,CONTACTLESS,N
TRX0002794,2026-05-01 13:36:14,BOUTIQUE IRIS,ropa,Ciudad de Mexico,TPV03-CIU,Hector Ramirez,hector.ramirez164@correo.mx,7290,MASTERCARD,5537.37,MXN,REVERSADA,CHIP,N
TRX0002795,2026-02-27 06:47:48,Super Nortenio,Supermercado,Monterrey,TPV01-MON,Jorge Rivas,jorge.rivas147@correo.mx,5919,MASTERCARD,688.63,MXN,APROBADA,QR,N
TRX0002796,2026-04-13 14:24:38,SUPER NORTENO,Supermercado,Monterrey,TPV04-MON,Lucia Trejo,lucia.trejo32@correo.mx,8092,VISA,2645.23,MXN,APROBADA,BANDA,N
TRX0002797,2026-04-17 11:29:34,Farmacia del Sol ,Farmacia,Ciudad de Mexico,TPV01-CIU,Rocio Salazar,rocio.salazar15@correo.mx,4224,MASTERCARD,389.56,MXN,APROBADA,MANUAL,N
TRX0002798,2026-06-10 13:52:35,VIAJES ALTAMAR,viajes,Cancun,TPV04-CAN,Raul Mendoza,raul.mendoza90@correo.mx,1177,AMEX,33711.97,MXN,APROBADA,BANDA,N
TRX0002799,2026-06-15 18:14:20,Boutique  Iris,ropa,Ciudad de Mexico,TPV03-CIU,Hector Nunez,hector.nunez38@correo.mx,3109,AMEX,4484.07,MXN,APROBADA,MANUAL,N
TRX0002800,2026-03-31 20:19:15,BOUTIQUE IRIS,ropa,Ciudad de Mexico,TPV04-CIU,Ivan Delgado,ivan.delgado59@correo.mx,3851,AMEX,2573.14,MXN,APROBADA,MANUAL,N
TRX0002801,2026-02-12 18:01:33,Boutique Iris,Ropa,Ciudad de Mexico,TPV03-CIU,Carmen Mendoza,carmen.mendoza95@correo.mx,6566,AMEX,2516.87,MXN,APROBADA,CHIP,N
TRX0002802,2026-01-27 14:38:48,Cafe Aurora,restaurante,Guadalajara,TPV01-GUA,Rocio Ramirez,rocio.ramirez12@correo.mx,2195,MASTERCARD,381.1,MXN,APROBADA,BANDA,N
TRX0002803,2026-06-20 18:24:13,CAFE AURORA,Restaurante,Guadalajara,TPV03-GUA,Elena Vargas,elena.vargas148@correo.mx,7654,MASTERCARD,84.8,MXN,APROBADA,CHIP,N
TRX0002804,2026-05-21 10:15:59,Farmacia del Sol ,farmacia,Ciudad de Mexico,TPV01-CIU,Luis Herrera,luis.herrera5@correo.mx,3036,MASTERCARD,335.39,MXN,APROBADA,QR,N
TRX0002805,2026-03-11 20:50:29,Cafe Aurora,Restaurante,Guadalajara,TPV01-GUA,Lucia Gonzalez,lucia.gonzalez36@correo.mx,8401,AMEX,145.33,MXN,RECHAZADA,BANDA,N
TRX0002806,2026-02-03 16:20:59,Super Norteno,SUPER,Monterrey,TPV02-MON,Miguel Nunez,miguel.nunez82@correo.mx,8132,AMEX,1030.8,MXN,APROBADA,CONTACTLESS,N
TRX0002807,2026-03-09 06:15:02,FARMACIA DEL SOL,farmacia,Ciudad de Mexico,TPV01-CIU,Raul Delgado,raul.delgado169@correo.mx,7678,VISA,345.99,MXN,REVERSADA,CHIP,N
TRX0002808,2026-06-06 21:23:16,SUPER NORTENO,SUPER,Monterrey,TPV03-MON,Elena Ramirez,elena.ramirez8@correo.mx,3648,MASTERCARD,2734.34,MXN,APROBADA,CONTACTLESS,N
TRX0002809,2026-03-15 13:47:44,Super Norteno,supermercado,Monterrey,TPV02-MON,Raul Vargas,raul.vargas37@correo.mx,5573,AMEX,3336.02,MXN,APROBADA,BANDA,N
TRX0002810,2026-05-23 11:23:52,Cafe Aurora,restaurante,Guadalajara,TPV02-GUA,Ivan Gonzalez,ivan.gonzalez41@correo.mx,2888,AMEX,312.07,MXN,APROBADA,CONTACTLESS,N
TRX0002811,2026-06-06 20:09:22,Super Norteno,supermercado,Monterrey,TPV03-MON,Raul Delgado,raul.delgado122@correo.mx,1413,VISA,2413.37,MXN,APROBADA,QR,N
TRX0002812,2026-06-10 11:45:19,Gasolinera Km 12,combustible,Puebla,TPV03-PUE,Ivan Delgado,ivan.delgado59@correo.mx,3851,AMEX,1312.61,MXN,RECHAZADA,BANDA,N
TRX0002813,2026-04-29 16:57:18,Farmacia del Sol ,farmacia,Ciudad de Mexico,TPV03-CIU,Raul Trejo,raul.trejo125@correo.mx,4936,VISA,536.49,MXN,APROBADA,CONTACTLESS,N
TRX0002814,2026-05-30 08:15:36,Super Nortenio,supermercado,Monterrey,TPV04-MON,Jorge Herrera,jorge.herrera112@correo.mx,5612,MASTERCARD,697.64,MXN,APROBADA,MANUAL,N
TRX0002815,2026-05-27 14:43:37,Cafe Aurora,Restaurante,Guadalajara,TPV03-GUA,Carmen Vargas,carmen.vargas161@correo.mx,3446,MASTERCARD,299.6,MXN,APROBADA,MANUAL,N
TRX0002816,2026-02-24 13:40:55,FARMACIA DEL SOL,farmacia,Ciudad de Mexico,TPV03-CIU,Hector Mendoza,hector.mendoza10@correo.mx,6846,VISA,265.81,MXN,APROBADA,MANUAL,N
TRX0002817,2026-02-26 13:25:24,Boutique  Iris,ropa,Ciudad de Mexico,TPV01-CIU,Fernando Nunez,fernando.nunez145@correo.mx,8489,AMEX,3584.23,MXN,RECHAZADA,CONTACTLESS,N
TRX0002818,2026-06-07 20:22:14,CAFE AURORA,Restaurante,Guadalajara,TPV01-GUA,Jorge Rivas,jorge.rivas147@correo.mx,5919,MASTERCARD,300.28,MXN,APROBADA,CONTACTLESS,N
TRX0002819,2026-05-26 16:12:53,Super Nortenio,supermercado,Monterrey,TPV04-MON,Ivan Delgado,ivan.delgado162@correo.mx,2492,AMEX,603.9,MXN,APROBADA,BANDA,N
TRX0002820,2026-04-13 09:55:14,Farmacia del Sol,Farmacia,Ciudad de Mexico,TPV02-CIU,Raul Cortes,raul.cortes116@correo.mx,1792,MASTERCARD,442.98,MXN,RECHAZADA,CHIP,N
TRX0002821,2026-03-29 19:50:06,FARMACIA DEL SOL,FARM,Ciudad de Mexico,TPV04-CIU,Lucia Herrera,lucia.herrera155@correo.mx,9599,MASTERCARD,681.15,MXN,APROBADA,BANDA,N
TRX0002822,2026-01-18 13:00:40,Farmacia del Sol,farmacia,Ciudad de Mexico,TPV03-CIU,Patricia Rivas,patricia.rivas157@correo.mx,8006,VISA,497.65,MXN,RECHAZADA,MANUAL,N
TRX0002823,2026-02-23 07:29:24,CAFE AURORA,restaurante,Guadalajara,TPV02-GUA,Raul Delgado,raul.delgado169@correo.mx,7678,VISA,372.96,MXN,APROBADA,CHIP,N
TRX0002824,2026-01-25 20:13:33,Super Norteno,SUPER,Monterrey,TPV03-MON,Elena Ramirez,elena.ramirez4@correo.mx,8580,VISA,1974.83,MXN,APROBADA,CONTACTLESS,N
TRX0002825,2026-06-29 07:43:33,SUPER NORTENO,supermercado,Monterrey,TPV03-MON,Ana Cortes,ana.cortes53@correo.mx,9845,MASTERCARD,1575.8,MXN,APROBADA,BANDA,N
TRX0002826,2026-02-24 08:40:22,ELECTRO MAYA,ELECTRO,Merida,TPV03-MER,Ana Nunez,ana.nunez17@correo.mx,9063,VISA,1261.51,MXN,APROBADA,CHIP,N
TRX0002827,2026-06-22 19:50:53,Super Norteno,Supermercado,Monterrey,TPV01-MON,Raul Rivas,raul.rivas123@correo.mx,5837,MASTERCARD,2868.32,MXN,APROBADA,BANDA,N
TRX0002828,2026-05-19 17:17:03,Gasolinera Km 12,combustible,Puebla,TPV02-PUE,Raul Delgado,raul.delgado122@correo.mx,1413,VISA,698.75,MXN,APROBADA,CONTACTLESS,N
TRX0002829,2026-02-18 08:39:09,SUPER NORTENO,SUPER,Monterrey,TPV04-MON,Lucia Vargas,lucia.vargas131@correo.mx,3615,MASTERCARD,3149.23,MXN,APROBADA,QR,N
TRX0002830,2026-02-19 08:52:49,Cafe Aurora,restaurante,Guadalajara,TPV01-GUA,Ana Cortes,ana.cortes91@correo.mx,8806,AMEX,248.77,MXN,RECHAZADA,CHIP,N
TRX0002831,2026-03-02 07:06:10,CAFE AURORA,restaurante,Guadalajara,TPV04-GUA,Jorge Herrera,jorge.herrera112@correo.mx,5612,MASTERCARD,212.31,MXN,APROBADA,MANUAL,N
TRX0002832,2026-03-12 07:50:08,CAFE AURORA,Restaurante,Guadalajara,TPV01-GUA,Hector Mendoza,hector.mendoza71@correo.mx,6093,VISA,235.28,MXN,APROBADA,BANDA,N
TRX0002833,2026-02-14 09:32:42,SUPER NORTENO,SUPER,Monterrey,TPV01-MON,Luis Delgado,luis.delgado150@correo.mx,7838,VISA,3215.5,MXN,APROBADA,QR,N
TRX0002834,2026-06-11 13:27:17,SUPER NORTENO,supermercado,Monterrey,TPV01-MON,Elena Ramirez,elena.ramirez8@correo.mx,3648,MASTERCARD,3422.18,MXN,REVERSADA,CONTACTLESS,N
TRX0002835,2026-02-21 08:18:21,Boutique  Iris,ropa,Ciudad de Mexico,TPV01-CIU,Lucia Ramirez,lucia.ramirez152@correo.mx,6278,MASTERCARD,5035.3,MXN,RECHAZADA,CHIP,N
TRX0002836,2026-01-31 11:24:56,Gasolinera Km 12,Combustible,Puebla,TPV03-PUE,Ivan Nunez,ivan.nunez88@correo.mx,1309,MASTERCARD,1389.04,MXN,APROBADA,MANUAL,N
TRX0002837,2026-02-13 07:46:50,Gasolinera Km 12,combustible,Puebla,TPV02-PUE,Luis Zamora,luis.zamora9@correo.mx,1462,AMEX,1532.17,MXN,APROBADA,MANUAL,N
TRX0002838,2026-03-10 13:43:37,BOUTIQUE IRIS,ropa,Ciudad de Mexico,TPV02-CIU,Hector Rivas,hector.rivas50@correo.mx,8897,MASTERCARD,5835.78,MXN,REVERSADA,MANUAL,N
TRX0002839,2026-04-02 06:48:35,SUPER NORTENO,supermercado,Monterrey,TPV01-MON,Luis Ramirez,luis.ramirez39@correo.mx,8712,VISA,1368.39,MXN,APROBADA,CHIP,N
TRX0002840,2026-05-14 18:51:13,SUPER NORTENO,Supermercado,Monterrey,TPV04-MON,Ana Cortes,ana.cortes53@correo.mx,9845,MASTERCARD,748.55,MXN,RECHAZADA,BANDA,N
TRX0002841,2026-06-09 21:53:28,GASOLINERA KM 12,combustible,Puebla,TPV03-PUE,Jorge Rivas,jorge.rivas128@correo.mx,7387,MASTERCARD,991.73,MXN,APROBADA,CHIP,N
TRX0002842,2026-05-15 15:41:15,Farmacia del Sol,FARM,Ciudad de Mexico,TPV03-CIU,Hector Nunez,hector.nunez38@correo.mx,3109,AMEX,831.38,MXN,APROBADA,QR,N
TRX0002843,2026-01-22 12:27:25,Super Nortenio,SUPER,Monterrey,TPV03-MON,Ana Vargas,ana.vargas60@correo.mx,5862,AMEX,1984.05,MXN,APROBADA,QR,N
TRX0002844,2026-04-29 15:42:13,Boutique Iris,ropa,Ciudad de Mexico,TPV04-CIU,Sofia Rivas,sofia.rivas93@correo.mx,4177,VISA,1524.69,MXN,APROBADA,BANDA,N
TRX0002845,2026-03-07 17:39:18,SUPER NORTENO,Supermercado,Monterrey,TPV03-MON,Raul Herrera,raul.herrera110@correo.mx,7010,VISA,2848.62,MXN,APROBADA,QR,N
TRX0002846,2026-01-24 19:38:36,Boutique  Iris,Ropa,Ciudad de Mexico,TPV02-CIU,Miguel Cortes,miguel.cortes97@correo.mx,9422,MASTERCARD,5110.01,MXN,APROBADA,BANDA,N
TRX0002847,2026-02-17 11:59:28,Farmacia del Sol ,Farmacia,Ciudad de Mexico,TPV04-CIU,Teresa Rivas,teresa.rivas6@correo.mx,1505,MASTERCARD,777.8,MXN,APROBADA,CHIP,N
TRX0002848,2026-03-16 20:04:26,Super Nortenio,supermercado,Monterrey,TPV02-MON,Miguel Delgado,miguel.delgado42@correo.mx,7456,VISA,621.1,MXN,APROBADA,QR,N
TRX0002849,2026-04-23 14:01:01,GASOLINERA KM 12,combustible,Puebla,TPV01-PUE,Hector Delgado,hector.delgado137@correo.mx,3321,AMEX,1729.97,MXN,RECHAZADA,BANDA,N
TRX0002850,2026-06-28 14:30:29,Boutique  Iris,ropa,Ciudad de Mexico,TPV04-CIU,Carmen Vargas,carmen.vargas161@correo.mx,3446,MASTERCARD,2306.71,MXN,APROBADA,CHIP,N
TRX0002851,2026-04-09 15:16:45,CAFE AURORA,Restaurante,Guadalajara,TPV02-GUA,Fernando Herrera,fernando.herrera168@correo.mx,8810,VISA,364.29,MXN,APROBADA,BANDA,N
TRX0002852,2026-02-23 20:25:51,Super Norteno,Supermercado,Monterrey,TPV03-MON,Luis Salazar,luis.salazar77@correo.mx,1058,AMEX,3316.51,MXN,APROBADA,BANDA,N
TRX0002853,2026-03-24 12:55:30,CAFE AURORA,Restaurante,Guadalajara,TPV02-GUA,Miguel Cortes,miguel.cortes97@correo.mx,9422,MASTERCARD,322.84,MXN,APROBADA,CONTACTLESS,N
TRX0002854,2026-06-19 18:31:32,Farmacia del Sol,farmacia,Ciudad de Mexico,TPV02-CIU,Jorge Herrera,jorge.herrera46@correo.mx,2925,AMEX,270.93,MXN,APROBADA,CONTACTLESS,N
TRX0002855,2026-05-11 17:14:43,Cafe Aurora,Restaurante,Guadalajara,TPV04-GUA,Elena Vargas,elena.vargas89@correo.mx,5689,VISA,389.45,MXN,APROBADA,QR,N
TRX0002856,2026-05-09 12:03:05,Electro Maya,ELECTRO,Merida,TPV02-MER,Carmen Nunez,carmen.nunez31@correo.mx,6697,VISA,23212.83,MXN,APROBADA,CHIP,N
TRX0002857,2026-06-16 21:41:42,Farmacia del Sol,farmacia,Ciudad de Mexico,TPV03-CIU,Lucia Ramirez,lucia.ramirez152@correo.mx,6278,MASTERCARD,817.51,MXN,APROBADA,CONTACTLESS,N
TRX0002858,2026-04-07 06:45:18,SUPER NORTENO,SUPER,Monterrey,TPV03-MON,Hector Rivas,hector.rivas50@correo.mx,8897,MASTERCARD,2588.71,MXN,APROBADA,BANDA,N
TRX0002859,2026-04-20 13:41:36,Farmacia del Sol ,farmacia,Ciudad de Mexico,TPV01-CIU,Luis Ramirez,luis.ramirez39@correo.mx,8712,VISA,207.52,MXN,APROBADA,BANDA,N
TRX0002860,2026-06-26 06:19:22,Farmacia del Sol ,Farmacia,Ciudad de Mexico,TPV04-CIU,Teresa Herrera,teresa.herrera35@correo.mx,4201,VISA,353.22,MXN,REVERSADA,CONTACTLESS,N
TRX0002861,2026-06-11 06:52:20,Boutique Iris,VESTIMENTA,Ciudad de Mexico,TPV03-CIU,Lucia Ramirez,lucia.ramirez152@correo.mx,6278,MASTERCARD,3157.61,MXN,APROBADA,BANDA,N
TRX0002862,2026-05-05 19:47:47,Boutique Iris,VESTIMENTA,Ciudad de Mexico,TPV02-CIU,Rocio Cortes,rocio.cortes103@correo.mx,8270,VISA,2176.0,MXN,APROBADA,QR,N
TRX0002863,2026-04-09 07:06:54,Super Norteno,SUPER,Monterrey,TPV02-MON,Raul Mendoza,raul.mendoza90@correo.mx,1177,AMEX,3372.71,MXN,REVERSADA,MANUAL,N
TRX0002864,2026-03-04 20:35:25,Farmacia del Sol ,FARM,Ciudad de Mexico,TPV01-CIU,Sofia Nunez,sofia.nunez56@correo.mx,5954,AMEX,585.12,MXN,APROBADA,CONTACTLESS,N
TRX0002865,2026-01-11 14:39:47,GASOLINERA KM 12,Combustible,Puebla,TPV01-PUE,Hector Herrera,hector.herrera34@correo.mx,9193,VISA,1300.84,MXN,APROBADA,MANUAL,N
TRX0002866,2026-05-08 06:57:37,FARMACIA DEL SOL,Farmacia,Ciudad de Mexico,TPV02-CIU,Ivan Ramirez,ivan.ramirez45@correo.mx,8146,AMEX,847.24,MXN,APROBADA,CHIP,N
TRX0002867,2026-01-22 13:50:33,SUPER NORTENO,Supermercado,Monterrey,TPV04-MON,Hector Mendoza,hector.mendoza10@correo.mx,6846,VISA,3409.26,MXN,APROBADA,MANUAL,N
TRX0002868,2026-06-19 18:27:38,CAFE AURORA,Restaurante,Guadalajara,TPV01-GUA,Ana Ramirez,ana.ramirez100@correo.mx,7540,MASTERCARD,245.46,MXN,APROBADA,BANDA,N
TRX0002869,2026-06-08 07:36:46,Farmacia del Sol,FARM,Ciudad de Mexico,TPV02-CIU,Raul Herrera,raul.herrera110@correo.mx,7010,VISA,472.9,MXN,APROBADA,MANUAL,N
TRX0002870,2026-03-28 11:21:43,Super Norteno,supermercado,Monterrey,TPV04-MON,Luis Gonzalez,luis.gonzalez18@correo.mx,5494,VISA,2608.95,MXN,APROBADA,MANUAL,N
TRX0002871,2026-03-24 12:18:09,Farmacia del Sol ,farmacia,Ciudad de Mexico,TPV03-CIU,Elena Zamora,elena.zamora151@correo.mx,7344,AMEX,866.82,MXN,APROBADA,CONTACTLESS,N
TRX0002872,2026-05-23 12:50:15,VIAJES ALTAMAR,viajes,Cancun,TPV03-CAN,Carmen Ramirez,carmen.ramirez111@correo.mx,1829,VISA,9382.3,MXN,APROBADA,MANUAL,N
TRX0002873,2026-04-19 11:18:49,BOUTIQUE IRIS,ropa,Ciudad de Mexico,TPV01-CIU,Jorge Mendoza,jorge.mendoza47@correo.mx,7512,AMEX,3106.9,MXN,APROBADA,CONTACTLESS,N
TRX0002874,2026-05-12 20:12:49,SUPER NORTENO,SUPER,Monterrey,TPV02-MON,Lucia Gonzalez,lucia.gonzalez36@correo.mx,8401,AMEX,2881.36,MXN,APROBADA,MANUAL,N
TRX0002875,2026-03-01 19:38:08,Gasolinera Km 12,Combustible,Puebla,TPV01-PUE,Patricia Gonzalez,patricia.gonzalez127@correo.mx,8628,VISA,1658.9,MXN,APROBADA,CHIP,N
TRX0002876,2026-03-02 18:44:57,Farmacia del Sol,Farmacia,Ciudad de Mexico,TPV03-CIU,Raul Delgado,raul.delgado169@correo.mx,7678,VISA,781.53,MXN,APROBADA,CONTACTLESS,N
TRX0002877,2026-04-30 21:47:49,BOUTIQUE IRIS,Ropa,Ciudad de Mexico,TPV04-CIU,Ana Trejo,ana.trejo51@correo.mx,9690,MASTERCARD,3853.27,MXN,REVERSADA,CONTACTLESS,N
TRX0002878,2026-03-27 19:47:06,Farmacia del Sol ,FARM,Ciudad de Mexico,TPV03-CIU,Ivan Ramirez,ivan.ramirez45@correo.mx,8146,AMEX,244.14,MXN,APROBADA,CHIP,N
TRX0002879,2026-02-14 18:31:55,Cafe Aurora,restaurante,Guadalajara,TPV03-GUA,Hector Delgado,hector.delgado49@correo.mx,4702,VISA,198.69,MXN,APROBADA,BANDA,N
TRX0002880,2026-05-16 06:14:41,SUPER NORTENO,SUPER,Monterrey,TPV02-MON,Teresa Mendoza,teresa.mendoza55@correo.mx,6130,MASTERCARD,3348.42,MXN,APROBADA,MANUAL,N
TRX0002881,2026-02-18 09:27:19,SUPER NORTENO,supermercado,Monterrey,TPV04-MON,Miguel Gonzalez,miguel.gonzalez172@correo.mx,9785,AMEX,641.06,MXN,APROBADA,QR,N
TRX0002882,2026-04-30 07:14:02,FARMACIA DEL SOL,FARM,Ciudad de Mexico,TPV03-CIU,Fernando Herrera,fernando.herrera177@correo.mx,7418,VISA,151.12,MXN,APROBADA,QR,N
TRX0002883,2026-04-12 19:27:51,FARMACIA DEL SOL,Farmacia,Ciudad de Mexico,TPV04-CIU,Sofia Salazar,sofia.salazar136@correo.mx,7202,AMEX,579.12,MXN,APROBADA,CHIP,N
TRX0002884,2026-01-30 14:56:36,CAFE AURORA,restaurante,Guadalajara,TPV02-GUA,Luis Ramirez,luis.ramirez39@correo.mx,8712,VISA,371.21,MXN,APROBADA,CHIP,N
TRX0002885,2026-01-18 20:04:58,Boutique Iris,VESTIMENTA,Ciudad de Mexico,TPV03-CIU,Sofia Cortes,sofia.cortes153@correo.mx,1495,AMEX,3299.57,MXN,APROBADA,CHIP,N
TRX0002886,2026-03-20 20:19:29,VIAJES ALTAMAR,viajes,Cancun,TPV04-CAN,Hector Delgado,hector.delgado137@correo.mx,3321,AMEX,11113.82,MXN,REVERSADA,BANDA,N
TRX0002887,2026-01-25 06:53:04,Super Norteno,Supermercado,Monterrey,TPV03-MON,Raul Rivas,raul.rivas114@correo.mx,9720,MASTERCARD,1062.12,MXN,APROBADA,QR,N
TRX0002888,2026-01-08 20:42:58,Farmacia del Sol,Farmacia,Ciudad de Mexico,TPV02-CIU,Ana Mendoza,ana.mendoza27@correo.mx,5764,VISA,897.75,MXN,APROBADA,MANUAL,N
TRX0002889,2026-02-15 16:05:25,Viajes Altamar,viajes,Cancun,TPV04-CAN,Hector Mendoza,hector.mendoza71@correo.mx,6093,VISA,7717.9,MXN,APROBADA,CONTACTLESS,N
TRX0002890,2026-01-18 20:50:07,Super Nortenio,Supermercado,Monterrey,TPV04-MON,Patricia Salazar,patricia.salazar69@correo.mx,4268,MASTERCARD,1546.93,MXN,APROBADA,CHIP,N
TRX0002891,2026-03-15 14:09:59,Cafe Aurora,Restaurante,Guadalajara,TPV04-GUA,Rocio Herrera,rocio.herrera165@correo.mx,6020,VISA,148.63,MXN,APROBADA,MANUAL,N
TRX0002892,2026-03-16 19:07:47,GASOLINERA KM 12,combustible,Puebla,TPV04-PUE,Hector Mendoza,hector.mendoza10@correo.mx,6846,VISA,675.25,MXN,APROBADA,CHIP,N
TRX0002893,2026-03-09 14:43:19,Farmacia del Sol,farmacia,Ciudad de Mexico,TPV01-CIU,Elena Rivas,elena.rivas20@correo.mx,9752,AMEX,130.0,MXN,APROBADA,QR,N
TRX0002894,2026-05-14 11:14:01,Super Nortenio,supermercado,Monterrey,TPV04-MON,Hector Ramirez,hector.ramirez164@correo.mx,4352,MASTERCARD,2682.98,MXN,APROBADA,CONTACTLESS,N
TRX0002895,2026-06-03 19:37:03,Farmacia del Sol ,Farmacia,Ciudad de Mexico,TPV02-CIU,Elena Trejo,elena.trejo73@correo.mx,9973,AMEX,722.91,MXN,APROBADA,CONTACTLESS,N
TRX0002896,2026-04-18 20:58:41,Super Nortenio,Supermercado,Monterrey,TPV04-MON,Raul Trejo,raul.trejo125@correo.mx,4936,VISA,2427.48,MXN,REVERSADA,CONTACTLESS,N
TRX0002897,2026-04-20 19:55:27,Super Norteno,supermercado,Monterrey,TPV04-MON,Miguel Gonzalez,miguel.gonzalez172@correo.mx,8638,MASTERCARD,2038.16,MXN,APROBADA,QR,N
TRX0002898,2026-05-30 21:25:48,Farmacia del Sol,farmacia,Ciudad de Mexico,TPV03-CIU,Raul Delgado,raul.delgado105@correo.mx,8772,MASTERCARD,183.06,MXN,APROBADA,CONTACTLESS,N
TRX0002899,2026-05-07 20:30:52,Farmacia del Sol,Farmacia,Ciudad de Mexico,TPV01-CIU,Lucia Herrera,lucia.herrera155@correo.mx,9599,MASTERCARD,441.41,MXN,REVERSADA,QR,N
TRX0002900,2026-05-31 09:02:55,Farmacia del Sol,Farmacia,Ciudad de Mexico,TPV04-CIU,Fernando Mendoza,fernando.mendoza109@correo.mx,1447,AMEX,722.82,MXN,RECHAZADA,BANDA,N
TRX0002901,2026-03-29 15:30:36,CAFE AURORA,restaurante,Guadalajara,TPV01-GUA,Jorge Rivas,jorge.rivas147@correo.mx,5919,MASTERCARD,293.71,MXN,APROBADA,BANDA,N
TRX0002902,2026-06-27 13:04:22,BOUTIQUE IRIS,ropa,Ciudad de Mexico,TPV01-CIU,Luis Salazar,luis.salazar75@correo.mx,4376,MASTERCARD,5318.66,MXN,APROBADA,QR,N
TRX0002903,2026-03-29 12:05:06,Boutique Iris,Ropa,Ciudad de Mexico,TPV03-CIU,Rocio Salazar,rocio.salazar98@correo.mx,9662,VISA,5338.73,MXN,APROBADA,CONTACTLESS,N
TRX0002904,2026-04-20 09:17:51,BOUTIQUE IRIS,ropa,Ciudad de Mexico,TPV04-CIU,Jorge Vargas,jorge.vargas86@correo.mx,5040,MASTERCARD,5223.12,MXN,APROBADA,QR,N
TRX0002905,2026-03-15 14:58:21,Farmacia del Sol,FARM,Ciudad de Mexico,TPV03-CIU,Miguel Gonzalez,miguel.gonzalez172@correo.mx,8638,MASTERCARD,204.28,MXN,APROBADA,CONTACTLESS,N
TRX0002906,2026-04-08 20:35:18,Farmacia del Sol ,Farmacia,Ciudad de Mexico,TPV03-CIU,Ivan Trejo,ivan.trejo180@correo.mx,8045,MASTERCARD,769.27,MXN,APROBADA,MANUAL,N
TRX0002907,2026-04-24 20:23:24,Boutique Iris,VESTIMENTA,Ciudad de Mexico,TPV04-CIU,Raul Zamora,raul.zamora124@correo.mx,6787,AMEX,1947.59,MXN,APROBADA,CONTACTLESS,N
TRX0002908,2026-01-23 17:56:22,Cafe Aurora,Restaurante,Guadalajara,TPV04-GUA,Rocio Ramirez,rocio.ramirez12@correo.mx,2195,MASTERCARD,333.04,MXN,APROBADA,QR,N
TRX0002909,2026-02-02 10:53:45,ELECTRO MAYA,ELECTRO,Merida,TPV01-MER,Patricia Cortes,patricia.cortes160@correo.mx,9021,MASTERCARD,18750.1,MXN,APROBADA,CHIP,N
TRX0002910,2026-01-19 07:32:54,SUPER NORTENO,SUPER,Monterrey,TPV04-MON,Ivan Delgado,ivan.delgado162@correo.mx,2492,AMEX,3434.73,MXN,APROBADA,CHIP,N
TRX0002911,2026-04-28 09:36:06,CAFE AURORA,restaurante,Guadalajara,TPV01-GUA,Elena Ramirez,elena.ramirez8@correo.mx,3648,MASTERCARD,245.89,MXN,REVERSADA,CONTACTLESS,N
TRX0002912,2026-01-17 12:09:04,Gasolinera Km 12,combustible,Puebla,TPV01-PUE,Fernando Mendoza,fernando.mendoza57@correo.mx,6879,AMEX,702.33,MXN,APROBADA,BANDA,N
TRX0002913,2026-02-28 06:47:07,GASOLINERA KM 12,combustible,Puebla,TPV04-PUE,Ana Vargas,ana.vargas60@correo.mx,5862,AMEX,1177.03,MXN,APROBADA,MANUAL,N
TRX0002914,2026-05-18 18:29:22,FARMACIA DEL SOL,Farmacia,Ciudad de Mexico,TPV04-CIU,Lucia Vargas,lucia.vargas64@correo.mx,5333,VISA,526.8,MXN,RECHAZADA,QR,N
TRX0002915,2026-03-09 15:57:49,FARMACIA DEL SOL,FARM,Ciudad de Mexico,TPV03-CIU,Miguel Nunez,miguel.nunez174@correo.mx,2390,MASTERCARD,686.63,MXN,APROBADA,CHIP,N
TRX0002916,2026-02-27 08:56:46,Gasolinera Km 12,combustible,Puebla,TPV01-PUE,Miguel Cortes,miguel.cortes97@correo.mx,9422,MASTERCARD,1217.32,MXN,APROBADA,MANUAL,N
TRX0002917,2026-04-26 18:10:13,GASOLINERA KM 12,Combustible,Puebla,TPV02-PUE,Rocio Rivas,rocio.rivas87@correo.mx,7957,VISA,519.12,MXN,APROBADA,QR,N
TRX0002918,2026-05-09 14:27:35,CAFE AURORA,Restaurante,Guadalajara,TPV01-GUA,Carmen Cortes,carmen.cortes76@correo.mx,7986,AMEX,259.35,MXN,RECHAZADA,MANUAL,N
TRX0002919,2026-03-28 07:46:41,BOUTIQUE IRIS,VESTIMENTA,Ciudad de Mexico,TPV04-CIU,Miguel Nunez,miguel.nunez174@correo.mx,2390,MASTERCARD,2103.73,MXN,APROBADA,CONTACTLESS,N
TRX0002920,2026-01-07 09:19:16,CAFE AURORA,Restaurante,Guadalajara,TPV03-GUA,Teresa Rivas,teresa.rivas25@correo.mx,6114,AMEX,471.84,MXN,APROBADA,CONTACTLESS,N
TRX0002921,2026-04-02 13:41:54,CAFE AURORA,Restaurante,Guadalajara,TPV03-GUA,Fernando Herrera,fernando.herrera168@correo.mx,8810,VISA,471.28,MXN,APROBADA,QR,N
TRX0002922,2026-03-17 06:55:47,Cafe Aurora,Restaurante,Guadalajara,TPV01-GUA,Patricia Rivas,patricia.rivas157@correo.mx,8006,VISA,62.92,MXN,REVERSADA,MANUAL,N
TRX0002923,2026-04-03 14:20:01,Super Norteno,Supermercado,Monterrey,TPV04-MON,Lucia Delgado,lucia.delgado141@correo.mx,6423,VISA,1823.62,MXN,APROBADA,CONTACTLESS,N
TRX0002924,2026-05-31 13:25:48,Super Norteno,SUPER,Monterrey,TPV04-MON,Jorge Gonzalez,jorge.gonzalez2@correo.mx,4837,AMEX,3183.86,MXN,APROBADA,QR,N
TRX0002925,2026-03-19 06:12:25,Super Norteno,SUPER,Monterrey,TPV03-MON,Patricia Rivas,patricia.rivas157@correo.mx,8006,VISA,2284.72,MXN,APROBADA,CONTACTLESS,N
TRX0002926,2026-06-04 18:56:14,Electro Maya,electronica,Merida,TPV01-MER,Sofia Vargas,sofia.vargas19@correo.mx,1099,MASTERCARD,16482.9,MXN,APROBADA,CONTACTLESS,N
TRX0002927,2026-06-17 08:39:03,Super Norteno,SUPER,Monterrey,TPV01-MON,Sofia Trejo,sofia.trejo80@correo.mx,8498,MASTERCARD,621.8,MXN,RECHAZADA,BANDA,N
TRX0002928,2026-06-14 21:37:34,Boutique  Iris,Ropa,Ciudad de Mexico,TPV01-CIU,Raul Delgado,raul.delgado105@correo.mx,8772,MASTERCARD,1239.26,MXN,APROBADA,MANUAL,N
TRX0002929,2026-04-28 14:28:40,Electro Maya,ELECTRO,Merida,TPV01-MER,Lucia Herrera,lucia.herrera155@correo.mx,9599,MASTERCARD,11347.7,MXN,APROBADA,CHIP,N
TRX0002930,2026-06-22 16:54:34,Boutique  Iris,Ropa,Ciudad de Mexico,TPV04-CIU,Ana Vargas,ana.vargas44@correo.mx,1097,AMEX,4604.17,MXN,APROBADA,MANUAL,N
TRX0002931,2026-05-07 10:27:09,BOUTIQUE IRIS,ropa,Ciudad de Mexico,TPV04-CIU,Elena Ramirez,elena.ramirez61@correo.mx,8246,AMEX,5037.46,MXN,APROBADA,CONTACTLESS,N
TRX0002932,2026-05-25 18:25:49,Super Norteno,SUPER,Monterrey,TPV01-MON,Fernando Nunez,fernando.nunez145@correo.mx,8489,AMEX,3445.29,MXN,REVERSADA,CONTACTLESS,N
TRX0002933,2026-02-23 09:00:57,Super Norteno,SUPER,Monterrey,TPV03-MON,Sofia Rivas,sofia.rivas81@correo.mx,4001,VISA,1420.27,MXN,APROBADA,MANUAL,N
TRX0002934,2026-04-01 20:42:25,Gasolinera Km 12,Combustible,Puebla,TPV03-PUE,Fernando Herrera,fernando.herrera168@correo.mx,8810,VISA,932.48,MXN,APROBADA,CONTACTLESS,N
TRX0002935,2026-01-18 16:28:13,Boutique Iris,ropa,Ciudad de Mexico,TPV02-CIU,Jorge Vargas,jorge.vargas40@correo.mx,7531,MASTERCARD,4963.44,MXN,REVERSADA,QR,N
TRX0002936,2026-01-23 09:12:21,Super Nortenio,SUPER,Monterrey,TPV03-MON,Elena Trejo,elena.trejo113@correo.mx,4568,MASTERCARD,1406.37,MXN,APROBADA,BANDA,N
TRX0002937,2026-04-09 12:53:57,Super Norteno,SUPER,Monterrey,TPV02-MON,Elena Trejo,elena.trejo73@correo.mx,9973,AMEX,3425.32,MXN,REVERSADA,CHIP,N
TRX0002938,2026-06-23 18:24:04,Super Norteno,supermercado,Monterrey,TPV02-MON,Fernando Cortes,fernando.cortes170@correo.mx,6842,AMEX,1776.95,MXN,APROBADA,MANUAL,N
TRX0002939,2026-03-15 16:09:43,SUPER NORTENO,SUPER,Monterrey,TPV02-MON,Miguel Gonzalez,miguel.gonzalez172@correo.mx,9785,AMEX,1606.93,MXN,APROBADA,QR,N
TRX0002940,2026-06-02 10:24:28,Farmacia del Sol ,FARM,Ciudad de Mexico,TPV03-CIU,Raul Nunez,raul.nunez70@correo.mx,5287,AMEX,431.15,MXN,APROBADA,MANUAL,N
TRX0002941,2026-02-20 08:46:30,GASOLINERA KM 12,Combustible,Puebla,TPV02-PUE,Rocio Salazar,rocio.salazar98@correo.mx,9662,VISA,526.06,MXN,APROBADA,BANDA,N
TRX0002942,2026-02-21 08:57:15,FARMACIA DEL SOL,Farmacia,Ciudad de Mexico,TPV03-CIU,Fernando Vargas,fernando.vargas65@correo.mx,6811,AMEX,750.92,MXN,APROBADA,MANUAL,N
TRX0002943,2026-03-31 19:50:41,GASOLINERA KM 12,Combustible,Puebla,TPV02-PUE,Rocio Ramirez,rocio.ramirez12@correo.mx,2195,MASTERCARD,827.33,MXN,RECHAZADA,BANDA,N
TRX0002944,2026-06-06 08:31:19,SUPER NORTENO,Supermercado,Monterrey,TPV03-MON,Hector Herrera,hector.herrera79@correo.mx,6221,MASTERCARD,2663.56,MXN,APROBADA,CONTACTLESS,N
TRX0002945,2026-01-14 06:52:23,Super Nortenio,Supermercado,Monterrey,TPV02-MON,Rocio Vargas,rocio.vargas62@correo.mx,4939,MASTERCARD,2780.18,MXN,APROBADA,MANUAL,N
TRX0002946,2026-06-22 09:08:31,Viajes Altamar,Viajes,Cancun,TPV03-CAN,Raul Mendoza,raul.mendoza30@correo.mx,7314,MASTERCARD,42608.82,MXN,REVERSADA,CONTACTLESS,N
TRX0002947,2026-01-10 11:11:12,BOUTIQUE IRIS,VESTIMENTA,Ciudad de Mexico,TPV01-CIU,Ana Delgado,ana.delgado171@correo.mx,8676,MASTERCARD,1147.32,MXN,APROBADA,CONTACTLESS,N
TRX0002948,2026-03-29 12:28:38,Super Norteno,Supermercado,Monterrey,TPV04-MON,Jorge Rivas,jorge.rivas78@correo.mx,8391,AMEX,3267.11,MXN,APROBADA,CHIP,N
TRX0002949,2026-03-18 21:42:03,CAFE AURORA,Restaurante,Guadalajara,TPV04-GUA,Jorge Herrera,jorge.herrera112@correo.mx,5612,MASTERCARD,239.45,MXN,REVERSADA,CONTACTLESS,N
TRX0002950,2026-04-17 21:59:05,Super Norteno,SUPER,Monterrey,TPV02-MON,Patricia Delgado,patricia.delgado167@correo.mx,8972,VISA,1386.14,MXN,APROBADA,BANDA,N
TRX0002951,2026-05-15 09:48:16,Farmacia del Sol ,farmacia,Ciudad de Mexico,TPV01-CIU,Fernando Zamora,fernando.zamora156@correo.mx,3541,MASTERCARD,801.73,MXN,APROBADA,BANDA,N
TRX0002952,2026-01-27 06:40:13,Super Norteno,SUPER,Monterrey,TPV01-MON,Raul Trejo,raul.trejo125@correo.mx,4936,VISA,1659.15,MXN,APROBADA,MANUAL,N
TRX0002953,2026-05-14 08:54:53,Super Nortenio,supermercado,Monterrey,TPV03-MON,Elena Delgado,elena.delgado149@correo.mx,9248,MASTERCARD,251.23,MXN,APROBADA,QR,N
TRX0002954,2026-06-27 17:45:45,Super Nortenio,SUPER,Monterrey,TPV01-MON,Patricia Gonzalez,patricia.gonzalez127@correo.mx,4793,VISA,2445.65,MXN,APROBADA,CHIP,N
TRX0002955,2026-01-21 20:34:55,CAFE AURORA,Restaurante,Guadalajara,TPV02-GUA,Teresa Rivas,teresa.rivas25@correo.mx,6114,AMEX,341.91,MXN,APROBADA,QR,N
TRX0002956,2026-04-16 10:02:06,Farmacia del Sol,FARM,Ciudad de Mexico,TPV03-CIU,Jorge Herrera,jorge.herrera112@correo.mx,5612,MASTERCARD,143.7,MXN,APROBADA,CONTACTLESS,N
TRX0002957,2026-06-25 18:02:03,Boutique  Iris,VESTIMENTA,Ciudad de Mexico,TPV01-CIU,Patricia Delgado,patricia.delgado67@correo.mx,2557,MASTERCARD,4092.51,MXN,APROBADA,CHIP,N
TRX0002958,2026-02-21 14:58:27,Boutique Iris,VESTIMENTA,Ciudad de Mexico,TPV03-CIU,Elena Zamora,elena.zamora151@correo.mx,7344,AMEX,3346.89,MXN,APROBADA,BANDA,N
TRX0002959,2026-01-28 08:03:27,SUPER NORTENO,supermercado,Monterrey,TPV04-MON,Jorge Nunez,jorge.nunez121@correo.mx,1683,AMEX,857.23,MXN,RECHAZADA,MANUAL,N
TRX0002960,2026-06-10 09:33:26,CAFE AURORA,Restaurante,Guadalajara,TPV01-GUA,Raul Mendoza,raul.mendoza30@correo.mx,7314,MASTERCARD,162.2,MXN,APROBADA,BANDA,N
TRX0002961,2026-05-25 07:21:36,Super Norteno,Supermercado,Monterrey,TPV01-MON,Lucia Herrera,lucia.herrera11@correo.mx,1104,VISA,496.35,MXN,APROBADA,QR,N
TRX0002962,2026-02-15 19:51:16,FARMACIA DEL SOL,Farmacia,Ciudad de Mexico,TPV02-CIU,Ana Salazar,ana.salazar158@correo.mx,2274,MASTERCARD,836.84,MXN,APROBADA,BANDA,N
TRX0002963,2026-05-23 11:27:49,Viajes Altamar,viajes,Cancun,TPV01-CAN,Elena Gonzalez,elena.gonzalez143@correo.mx,1660,MASTERCARD,16386.02,MXN,APROBADA,QR,N
TRX0002964,2026-01-12 21:36:10,FARMACIA DEL SOL,Farmacia,Ciudad de Mexico,TPV02-CIU,Luis Delgado,luis.delgado150@correo.mx,7838,VISA,233.29,MXN,APROBADA,QR,N
TRX0002965,2026-02-23 21:43:44,Farmacia del Sol ,FARM,Ciudad de Mexico,TPV03-CIU,Ivan Gonzalez,ivan.gonzalez41@correo.mx,2888,AMEX,201.22,MXN,APROBADA,BANDA,N
TRX0002966,2026-02-02 20:12:02,Electro Maya,Electronica,Merida,TPV04-MER,Fernando Ramirez,fernando.ramirez126@correo.mx,7487,AMEX,19900.08,MXN,RECHAZADA,MANUAL,N
TRX0002967,2026-02-17 20:22:40,Farmacia del Sol ,farmacia,Ciudad de Mexico,TPV02-CIU,Ivan Ramirez,ivan.ramirez45@correo.mx,8146,AMEX,331.18,MXN,APROBADA,QR,N
TRX0002968,2026-06-11 10:00:53,Super Norteno,supermercado,Monterrey,TPV01-MON,Ana Salazar,ana.salazar158@correo.mx,2274,MASTERCARD,1161.66,MXN,APROBADA,CONTACTLESS,N
TRX0002969,2026-06-29 10:47:52,Gasolinera Km 12,Combustible,Puebla,TPV03-PUE,Hector Rivas,hector.rivas50@correo.mx,8897,MASTERCARD,572.49,MXN,APROBADA,QR,N
TRX0002970,2026-03-29 10:12:12,SUPER NORTENO,SUPER,Monterrey,TPV03-MON,Rocio Salazar,rocio.salazar98@correo.mx,9662,VISA,669.9,MXN,APROBADA,CHIP,N
TRX0002971,2026-01-18 17:12:44,Super Norteno,supermercado,Monterrey,TPV01-MON,Patricia Mendoza,patricia.mendoza140@correo.mx,8731,VISA,328.34,MXN,APROBADA,CHIP,N
TRX0002972,2026-02-17 14:13:01,Cafe Aurora,restaurante,Guadalajara,TPV02-GUA,Ana Salazar,ana.salazar158@correo.mx,2274,MASTERCARD,288.81,MXN,APROBADA,CHIP,N
TRX0002973,2026-01-20 21:06:19,Super Norteno,supermercado,Monterrey,TPV01-MON,Hector Herrera,hector.herrera79@correo.mx,3159,VISA,1550.87,MXN,REVERSADA,QR,N
TRX0002974,2026-04-23 16:24:20,Super Norteno,Supermercado,Monterrey,TPV04-MON,Jorge Gonzalez,jorge.gonzalez138@correo.mx,4950,AMEX,3003.62,MXN,APROBADA,BANDA,N
TRX0002975,2026-01-04 12:42:42,Farmacia del Sol ,FARM,Ciudad de Mexico,TPV02-CIU,Lucia Herrera,lucia.herrera11@correo.mx,1104,VISA,185.79,MXN,RECHAZADA,BANDA,N
TRX0002976,2026-01-21 21:26:59,Farmacia del Sol,FARM,Ciudad de Mexico,TPV01-CIU,Patricia Delgado,patricia.delgado167@correo.mx,8972,VISA,235.92,MXN,APROBADA,CONTACTLESS,N
TRX0002977,2026-06-17 07:17:02,Super Nortenio,supermercado,Monterrey,TPV02-MON,Rocio Ramirez,rocio.ramirez12@correo.mx,2195,MASTERCARD,2993.8,MXN,APROBADA,MANUAL,N
TRX0002978,2026-02-20 17:31:07,Gasolinera Km 12,Combustible,Puebla,TPV02-PUE,Sofia Ramirez,sofia.ramirez84@correo.mx,1287,MASTERCARD,988.05,MXN,APROBADA,QR,N
TRX0002979,2026-05-18 07:05:33,Farmacia del Sol ,Farmacia,Ciudad de Mexico,TPV03-CIU,Miguel Herrera,miguel.herrera166@correo.mx,4697,AMEX,501.27,MXN,APROBADA,BANDA,N
TRX0002980,2026-03-28 11:23:57,SUPER NORTENO,supermercado,Monterrey,TPV03-MON,Rocio Herrera,rocio.herrera165@correo.mx,6020,VISA,3067.55,MXN,APROBADA,MANUAL,N
TRX0002981,2026-05-02 09:23:11,CAFE AURORA,restaurante,Guadalajara,TPV04-GUA,Ivan Nunez,ivan.nunez88@correo.mx,1309,MASTERCARD,309.57,MXN,RECHAZADA,CONTACTLESS,N
TRX0002982,2026-01-21 08:02:24,BOUTIQUE IRIS,ropa,Ciudad de Mexico,TPV04-CIU,Patricia Salazar,patricia.salazar69@correo.mx,4268,MASTERCARD,3164.14,MXN,RECHAZADA,MANUAL,N
TRX0002983,2026-01-09 17:28:56,Boutique  Iris,ropa,Ciudad de Mexico,TPV02-CIU,Carmen Vargas,carmen.vargas161@correo.mx,3446,MASTERCARD,824.23,MXN,APROBADA,CONTACTLESS,N
TRX0002984,2026-02-22 21:45:51,Super Nortenio,SUPER,Monterrey,TPV04-MON,Patricia Ramirez,patricia.ramirez130@correo.mx,8241,AMEX,2888.7,MXN,APROBADA,QR,N
TRX0002985,2026-02-05 12:44:10,BOUTIQUE IRIS,VESTIMENTA,Ciudad de Mexico,TPV02-CIU,Elena Rivas,elena.rivas20@correo.mx,9752,AMEX,5941.33,MXN,RECHAZADA,QR,N
TRX0002986,2026-05-30 14:26:13,Cafe Aurora,restaurante,Guadalajara,TPV02-GUA,Fernando Gonzalez,fernando.gonzalez14@correo.mx,4950,MASTERCARD,188.56,MXN,APROBADA,MANUAL,N
TRX0002987,2026-05-11 10:44:54,CAFE AURORA,Restaurante,Guadalajara,TPV02-GUA,Jorge Delgado,jorge.delgado66@correo.mx,7754,VISA,245.26,MXN,APROBADA,CHIP,N
TRX0002988,2026-04-09 16:42:04,Super Nortenio,supermercado,Monterrey,TPV04-MON,Teresa Rivas,teresa.rivas25@correo.mx,6114,AMEX,2785.63,MXN,RECHAZADA,MANUAL,N
TRX0002989,2026-02-01 06:48:41,GASOLINERA KM 12,combustible,Puebla,TPV03-PUE,Miguel Delgado,miguel.delgado23@correo.mx,3807,VISA,1487.62,MXN,APROBADA,MANUAL,N
TRX0002990,2026-03-21 09:57:20,Cafe Aurora,Restaurante,Guadalajara,TPV02-GUA,Rocio Salazar,rocio.salazar15@correo.mx,4224,MASTERCARD,156.35,MXN,REVERSADA,MANUAL,N
TRX0002991,2026-06-13 11:45:38,Super Nortenio,SUPER,Monterrey,TPV04-MON,Patricia Cortes,patricia.cortes160@correo.mx,4485,VISA,233.95,MXN,APROBADA,CHIP,N
TRX0002992,2026-03-12 08:08:55,Super Norteno,supermercado,Monterrey,TPV04-MON,Rocio Zamora,rocio.zamora85@correo.mx,2544,AMEX,2206.19,MXN,APROBADA,CHIP,N
TRX0002993,2026-05-23 08:39:16,GASOLINERA KM 12,Combustible,Puebla,TPV03-PUE,Carmen Ramirez,carmen.ramirez111@correo.mx,1829,VISA,1250.48,MXN,RECHAZADA,BANDA,N
TRX0002994,2026-02-25 20:35:04,Super Nortenio,SUPER,Monterrey,TPV03-MON,Patricia Gonzalez,patricia.gonzalez33@correo.mx,8690,AMEX,2976.19,MXN,REVERSADA,CHIP,N
TRX0002995,2026-04-18 15:17:05,Farmacia del Sol,Farmacia,Ciudad de Mexico,TPV01-CIU,Patricia Rivas,patricia.rivas157@correo.mx,8006,VISA,214.31,MXN,RECHAZADA,QR,N
TRX0002996,2026-04-18 14:13:18,Super Norteno,Supermercado,Monterrey,TPV01-MON,Raul Delgado,raul.delgado122@correo.mx,1413,VISA,3164.76,MXN,APROBADA,BANDA,N
TRX0002997,2026-01-12 18:26:12,Boutique  Iris,Ropa,Ciudad de Mexico,TPV01-CIU,Ana Delgado,ana.delgado171@correo.mx,8676,MASTERCARD,834.91,MXN,APROBADA,QR,N
TRX0002998,2026-02-01 18:10:52,FARMACIA DEL SOL,FARM,Ciudad de Mexico,TPV03-CIU,Raul Vargas,raul.vargas37@correo.mx,5573,AMEX,561.49,MXN,APROBADA,CHIP,N
TRX0002999,2026-05-12 09:31:37,BOUTIQUE IRIS,ropa,Ciudad de Mexico,TPV03-CIU,Raul Rivas,raul.rivas123@correo.mx,5837,MASTERCARD,1299.52,MXN,APROBADA,MANUAL,N
TRX0003000,2026-01-01 15:39:34,FARMACIA DEL SOL,Farmacia,Ciudad de Mexico,TPV03-CIU,Miguel Nunez,miguel.nunez82@correo.mx,8132,AMEX,173.73,MXN,REVERSADA,QR,N
TRX0003001,2026-06-09 21:53:43,SUPER NORTENO,SUPER,Monterrey,TPV02-MON,Jorge Vargas,jorge.vargas40@correo.mx,2316,AMEX,1048.29,MXN,APROBADA,CHIP,S
TRX0003002,2026-04-27 14:29:46,Super Nortenio,SUPER,Monterrey,TPV04-MON,Sofia Nunez,sofia.nunez134@correo.mx,9193,AMEX,889.16,MXN,RECHAZADA,CONTACTLESS,N
TRX0003003,2026-04-24 09:53:54,Super Nortenio,supermercado,Monterrey,TPV01-MON,Jorge Gonzalez,jorge.gonzalez138@correo.mx,4950,AMEX,3263.21,MXN,APROBADA,CONTACTLESS,N
TRX0003004,2026-05-05 11:55:30,Gasolinera Km 12,combustible,Puebla,TPV04-PUE,Ivan Nunez,ivan.nunez88@correo.mx,1309,MASTERCARD,555.14,MXN,APROBADA,QR,N
TRX0003005,2026-01-18 12:54:09,Super Norteno,supermercado,Monterrey,TPV01-MON,Raul Herrera,raul.herrera110@correo.mx,7010,VISA,3294.23,MXN,APROBADA,QR,N
TRX0003006,2026-06-10 18:23:00,Viajes Altamar,viajes,Cancun,TPV03-CAN,Elena Rivas,elena.rivas20@correo.mx,9752,AMEX,37055.73,MXN,APROBADA,BANDA,N
TRX0003007,2026-04-02 09:02:17,ELECTRO MAYA,electronica,Merida,TPV04-MER,Lucia Trejo,lucia.trejo32@correo.mx,7972,AMEX,22970.08,MXN,APROBADA,MANUAL,N
TRX0003008,2026-02-06 17:58:56,FARMACIA DEL SOL,farmacia,Ciudad de Mexico,TPV01-CIU,Sofia Vargas,sofia.vargas19@correo.mx,1099,MASTERCARD,294.37,MXN,APROBADA,CONTACTLESS,N
TRX0003009,2026-05-09 11:43:31,Super Norteno,supermercado,Monterrey,TPV04-MON,Elena Zamora,elena.zamora16@correo.mx,2698,VISA,2623.4,MXN,APROBADA,CONTACTLESS,N
TRX0003010,2026-01-19 12:05:25,Cafe Aurora,Restaurante,Guadalajara,TPV04-GUA,Miguel Gonzalez,miguel.gonzalez172@correo.mx,8638,MASTERCARD,459.11,MXN,APROBADA,QR,N
TRX0003011,2026-02-07 19:46:38,FARMACIA DEL SOL,Farmacia,Ciudad de Mexico,TPV03-CIU,Miguel Cortes,miguel.cortes97@correo.mx,9422,MASTERCARD,431.87,MXN,APROBADA,QR,N
TRX0003012,2026-03-12 08:05:23,SUPER NORTENO,SUPER,Monterrey,TPV04-MON,Ana Herrera,ana.herrera83@correo.mx,1387,MASTERCARD,887.42,MXN,APROBADA,BANDA,N
TRX0003013,2026-03-12 17:53:07,SUPER NORTENO,Supermercado,Monterrey,TPV03-MON,Jorge Herrera,jorge.herrera46@correo.mx,2925,AMEX,1717.97,MXN,APROBADA,CONTACTLESS,N
TRX0003014,2026-01-18 21:57:02,CAFE AURORA,Restaurante,Guadalajara,TPV04-GUA,Patricia Ramirez,patricia.ramirez130@correo.mx,8241,AMEX,380.93,MXN,APROBADA,BANDA,N
TRX0003015,2026-03-29 08:36:51,Super Nortenio,supermercado,Monterrey,TPV03-MON,Miguel Gonzalez,miguel.gonzalez154@correo.mx,8784,AMEX,630.1,MXN,REVERSADA,CHIP,N
TRX0003016,2026-01-07 12:15:52,Viajes Altamar,Viajes,Cancun,TPV02-CAN,Raul Rivas,raul.rivas123@correo.mx,5837,MASTERCARD,18056.09,MXN,APROBADA,CHIP,N
TRX0003017,2026-03-21 11:16:53,Electro Maya,ELECTRO,Merida,TPV03-MER,Miguel Gonzalez,miguel.gonzalez154@correo.mx,8784,AMEX,16559.37,MXN,APROBADA,BANDA,N
TRX0003018,2026-04-30 21:27:22,SUPER NORTENO,SUPER,Monterrey,TPV01-MON,Jorge Delgado,jorge.delgado66@correo.mx,7754,VISA,1360.38,MXN,REVERSADA,MANUAL,N
TRX0003019,2026-01-31 10:56:25,Super Nortenio,supermercado,Monterrey,TPV01-MON,Lucia Herrera,lucia.herrera155@correo.mx,9599,MASTERCARD,3292.56,MXN,RECHAZADA,MANUAL,N
TRX0003020,2026-05-10 07:53:18,Super Nortenio,Supermercado,Monterrey,TPV02-MON,Rocio Vargas,rocio.vargas62@correo.mx,4939,MASTERCARD,2294.23,MXN,APROBADA,BANDA,N
TRX0003021,2026-01-30 15:38:20,Super Norteno,SUPER,Monterrey,TPV04-MON,Miguel Ramirez,miguel.ramirez132@correo.mx,5849,MASTERCARD,843.27,MXN,APROBADA,BANDA,N
TRX0003022,2026-06-29 07:41:27,Super Nortenio,Supermercado,Monterrey,TPV03-MON,Ivan Delgado,ivan.delgado162@correo.mx,2492,AMEX,1138.64,MXN,APROBADA,MANUAL,N
TRX0003023,2026-01-01 20:30:37,Viajes Altamar,viajes,Cancun,TPV03-CAN,Teresa Rivas,teresa.rivas25@correo.mx,6114,AMEX,20649.0,MXN,APROBADA,QR,N
TRX0003024,2026-01-24 16:54:48,Super Norteno,supermercado,Monterrey,TPV02-MON,Ana Herrera,ana.herrera83@correo.mx,1387,MASTERCARD,2162.14,MXN,APROBADA,CHIP,N
TRX0003025,2026-03-25 16:34:38,Farmacia del Sol,Farmacia,Ciudad de Mexico,TPV01-CIU,Patricia Gonzalez,patricia.gonzalez127@correo.mx,8628,VISA,805.59,MXN,APROBADA,BANDA,N
TRX0003026,2026-06-24 06:05:24,Farmacia del Sol ,Farmacia,Ciudad de Mexico,TPV02-CIU,Ana Nunez,ana.nunez17@correo.mx,9063,VISA,614.77,MXN,APROBADA,CHIP,N
TRX0003027,2026-01-26 13:01:51,Electro Maya,ELECTRO,Merida,TPV03-MER,Jorge Nunez,jorge.nunez29@correo.mx,5067,AMEX,22049.92,MXN,APROBADA,CHIP,N
TRX0003028,2026-04-08 14:56:46,Boutique Iris,Ropa,Ciudad de Mexico,TPV04-CIU,Patricia Vargas,patricia.vargas26@correo.mx,4933,VISA,4252.83,MXN,APROBADA,QR,N
TRX0003029,2026-06-20 16:06:08,Super Nortenio,Supermercado,Monterrey,TPV01-MON,Luis Salazar,luis.salazar77@correo.mx,1058,AMEX,1148.3,MXN,REVERSADA,MANUAL,N
TRX0003030,2026-04-06 11:56:38,BOUTIQUE IRIS,Ropa,Ciudad de Mexico,TPV02-CIU,Lucia Ramirez,lucia.ramirez48@correo.mx,2913,VISA,567.62,MXN,REVERSADA,BANDA,N
TRX0003031,2026-06-20 19:06:43,Viajes Altamar,Viajes,Cancun,TPV03-CAN,Miguel Delgado,miguel.delgado23@correo.mx,3807,VISA,21212.82,MXN,APROBADA,BANDA,N
TRX0003032,2026-03-03 06:45:55,Cafe Aurora,restaurante,Guadalajara,TPV03-GUA,Hector Trejo,hector.trejo101@correo.mx,6533,MASTERCARD,351.59,MXN,APROBADA,QR,N
TRX0003033,2026-04-17 08:13:15,Super Nortenio,Supermercado,Monterrey,TPV02-MON,Carmen Ramirez,carmen.ramirez111@correo.mx,1829,VISA,3087.42,MXN,APROBADA,CHIP,N
TRX0003034,2026-03-16 09:47:20,Boutique  Iris,ropa,Ciudad de Mexico,TPV04-CIU,Miguel Gonzalez,miguel.gonzalez154@correo.mx,8784,AMEX,3649.26,MXN,REVERSADA,QR,N
TRX0003035,2026-03-16 18:19:32,FARMACIA DEL SOL,Farmacia,Ciudad de Mexico,TPV03-CIU,Teresa Mendoza,teresa.mendoza55@correo.mx,6130,MASTERCARD,605.1,MXN,APROBADA,CONTACTLESS,N
TRX0003036,2026-05-17 06:19:16,Farmacia del Sol ,FARM,Ciudad de Mexico,TPV04-CIU,Raul Delgado,raul.delgado142@correo.mx,4207,AMEX,802.76,MXN,REVERSADA,MANUAL,N
TRX0003037,2026-06-09 20:00:57,Boutique  Iris,VESTIMENTA,Ciudad de Mexico,TPV01-CIU,Teresa Gonzalez,teresa.gonzalez24@correo.mx,8230,VISA,5973.66,MXN,APROBADA,MANUAL,N
TRX0003038,2026-01-17 06:13:43,Super Norteno,SUPER,Monterrey,TPV04-MON,Elena Vargas,elena.vargas89@correo.mx,5689,VISA,1802.64,MXN,RECHAZADA,CHIP,N
TRX0003039,2026-01-06 21:25:51,SUPER NORTENO,SUPER,Monterrey,TPV03-MON,Teresa Mendoza,teresa.mendoza159@correo.mx,6739,VISA,2523.76,MXN,APROBADA,BANDA,N
TRX0003040,2026-01-29 21:59:28,Electro Maya,Electronica,Merida,TPV01-MER,Sofia Vargas,sofia.vargas19@correo.mx,1099,MASTERCARD,16525.87,MXN,RECHAZADA,CHIP,N
TRX0003041,2026-02-28 21:06:38,Super Norteno,supermercado,Monterrey,TPV03-MON,Elena Ramirez,elena.ramirez144@correo.mx,3433,VISA,933.02,MXN,APROBADA,MANUAL,N
TRX0003042,2026-05-06 13:35:10,Farmacia del Sol ,farmacia,Ciudad de Mexico,TPV02-CIU,Raul Nunez,raul.nunez70@correo.mx,5287,AMEX,820.44,MXN,APROBADA,MANUAL,N
TRX0003043,2026-03-29 06:37:13,CAFE AURORA,restaurante,Guadalajara,TPV02-GUA,Elena Ramirez,elena.ramirez61@correo.mx,8246,AMEX,259.97,MXN,RECHAZADA,QR,N
TRX0003044,2026-03-19 18:38:13,SUPER NORTENO,Supermercado,Monterrey,TPV01-MON,Ivan Ramirez,ivan.ramirez45@correo.mx,8146,AMEX,316.44,MXN,APROBADA,QR,N
TRX0003045,2026-03-23 08:31:54,Boutique Iris,Ropa,Ciudad de Mexico,TPV01-CIU,Lucia Vargas,lucia.vargas7@correo.mx,3320,MASTERCARD,3599.12,MXN,APROBADA,QR,N
TRX0003046,2026-02-18 14:10:37,Super Norteno,SUPER,Monterrey,TPV03-MON,Lucia Vargas,lucia.vargas7@correo.mx,3320,MASTERCARD,419.33,MXN,APROBADA,CONTACTLESS,N
TRX0003047,2026-04-03 13:02:34,Boutique Iris,VESTIMENTA,Ciudad de Mexico,TPV02-CIU,Elena Zamora,elena.zamora151@correo.mx,7344,AMEX,4002.16,MXN,APROBADA,QR,N
TRX0003048,2026-06-29 19:44:28,FARMACIA DEL SOL,Farmacia,Ciudad de Mexico,TPV03-CIU,Teresa Rivas,teresa.rivas25@correo.mx,6114,AMEX,533.14,MXN,REVERSADA,BANDA,N
TRX0003049,2026-05-21 08:30:25,CAFE AURORA,Restaurante,Guadalajara,TPV02-GUA,Ana Cortes,ana.cortes91@correo.mx,8806,AMEX,399.57,MXN,RECHAZADA,CHIP,N
TRX0003050,2026-04-27 06:09:02,VIAJES ALTAMAR,viajes,Cancun,TPV01-CAN,Jorge Rivas,jorge.rivas147@correo.mx,5919,MASTERCARD,5933.49,MXN,RECHAZADA,CHIP,N
TRX0003051,2026-04-10 21:33:30,FARMACIA DEL SOL,farmacia,Ciudad de Mexico,TPV01-CIU,Raul Trejo,raul.trejo125@correo.mx,4936,VISA,143.94,MXN,APROBADA,BANDA,N
TRX0003052,2026-04-27 17:46:46,SUPER NORTENO,supermercado,Monterrey,TPV01-MON,Patricia Gonzalez,patricia.gonzalez127@correo.mx,8628,VISA,2343.59,MXN,RECHAZADA,QR,N
TRX0003053,2026-01-02 07:32:40,Gasolinera Km 12,Combustible,Puebla,TPV03-PUE,Raul Delgado,raul.delgado105@correo.mx,8772,MASTERCARD,1311.41,MXN,APROBADA,MANUAL,N
TRX0003054,2026-05-21 15:24:57,BOUTIQUE IRIS,ropa,Ciudad de Mexico,TPV04-CIU,Ivan Gonzalez,ivan.gonzalez163@correo.mx,9280,MASTERCARD,1510.21,MXN,APROBADA,CHIP,N
TRX0003055,2026-02-28 16:23:11,BOUTIQUE IRIS,ropa,Ciudad de Mexico,TPV03-CIU,Sofia Rivas,sofia.rivas93@correo.mx,4177,VISA,5931.89,MXN,APROBADA,CHIP,N
TRX0003056,2026-05-24 10:41:52,GASOLINERA KM 12,Combustible,Puebla,TPV03-PUE,Luis Gonzalez,luis.gonzalez18@correo.mx,5494,VISA,1003.67,MXN,APROBADA,QR,N
TRX0003057,2026-05-19 14:38:02,Cafe Aurora,restaurante,Guadalajara,TPV01-GUA,Raul Delgado,raul.delgado122@correo.mx,1413,VISA,292.51,MXN,APROBADA,QR,N
TRX0003058,2026-01-18 08:24:47,Cafe Aurora,Restaurante,Guadalajara,TPV02-GUA,Carmen Gonzalez,carmen.gonzalez129@correo.mx,1346,MASTERCARD,465.72,MXN,APROBADA,BANDA,N
TRX0003059,2026-04-16 06:17:45,Boutique  Iris,ropa,Ciudad de Mexico,TPV01-CIU,Elena Ramirez,elena.ramirez8@correo.mx,3648,MASTERCARD,5339.37,MXN,APROBADA,MANUAL,N
TRX0003060,2026-01-27 17:28:21,Electro Maya,Electronica,Merida,TPV02-MER,Luis Salazar,luis.salazar75@correo.mx,4376,MASTERCARD,3471.27,MXN,APROBADA,CHIP,N
TRX0003061,2026-05-07 09:20:28,Farmacia del Sol,farmacia,Ciudad de Mexico,TPV03-CIU,Miguel Delgado,miguel.delgado23@correo.mx,3807,VISA,177.92,MXN,REVERSADA,CONTACTLESS,N
TRX0003062,2026-03-01 20:04:17,Farmacia del Sol,farmacia,Ciudad de Mexico,TPV01-CIU,Ivan Gonzalez,ivan.gonzalez41@correo.mx,2888,AMEX,271.16,MXN,APROBADA,BANDA,N
TRX0003063,2026-03-29 18:30:04,Farmacia del Sol,farmacia,Ciudad de Mexico,TPV01-CIU,Elena Cortes,elena.cortes68@correo.mx,5599,AMEX,796.8,MXN,APROBADA,QR,N
TRX0003064,2026-02-07 14:46:31,CAFE AURORA,restaurante,Guadalajara,TPV03-GUA,Ivan Mendoza,ivan.mendoza21@correo.mx,2908,MASTERCARD,337.82,MXN,REVERSADA,MANUAL,N
TRX0003065,2026-04-30 17:03:10,Farmacia del Sol,farmacia,Ciudad de Mexico,TPV03-CIU,Luis Ramirez,luis.ramirez39@correo.mx,8712,VISA,691.06,MXN,APROBADA,BANDA,N
TRX0003066,2026-04-11 16:57:01,Super Norteno,SUPER,Monterrey,TPV04-MON,Ivan Delgado,ivan.delgado59@correo.mx,3851,AMEX,3257.94,MXN,APROBADA,MANUAL,N
TRX0003067,2026-01-26 07:30:31,ELECTRO MAYA,ELECTRO,Merida,TPV03-MER,Elena Zamora,elena.zamora151@correo.mx,7344,AMEX,14750.15,MXN,REVERSADA,CONTACTLESS,N
TRX0003068,2026-01-18 11:52:38,Super Norteno,SUPER,Monterrey,TPV01-MON,Rocio Nunez,rocio.nunez173@correo.mx,4285,MASTERCARD,1663.05,MXN,APROBADA,CHIP,N
TRX0003069,2026-02-01 11:16:52,Gasolinera Km 12,combustible,Puebla,TPV03-PUE,Patricia Herrera,patricia.herrera13@correo.mx,1324,VISA,1300.92,MXN,APROBADA,MANUAL,N
TRX0003070,2026-06-12 15:42:16,SUPER NORTENO,supermercado,Monterrey,TPV02-MON,Fernando Gonzalez,fernando.gonzalez14@correo.mx,4950,MASTERCARD,1301.0,MXN,APROBADA,MANUAL,N
TRX0003071,2026-06-20 11:36:46,BOUTIQUE IRIS,Ropa,Ciudad de Mexico,TPV01-CIU,Raul Trejo,raul.trejo125@correo.mx,4936,VISA,4467.96,MXN,APROBADA,QR,N
TRX0003072,2026-03-13 16:59:39,Boutique  Iris,VESTIMENTA,Ciudad de Mexico,TPV04-CIU,Jorge Gonzalez,jorge.gonzalez138@correo.mx,4950,AMEX,5163.71,MXN,REVERSADA,BANDA,N
TRX0003073,2026-05-27 12:38:56,Boutique  Iris,VESTIMENTA,Ciudad de Mexico,TPV03-CIU,Sofia Vargas,sofia.vargas19@correo.mx,1099,MASTERCARD,3206.65,MXN,APROBADA,CHIP,N
TRX0003074,2026-05-23 07:44:08,Cafe Aurora,restaurante,Guadalajara,TPV04-GUA,Raul Nunez,raul.nunez70@correo.mx,5287,AMEX,410.58,MXN,APROBADA,QR,N
TRX0003075,2026-06-09 16:49:08,Super Norteno,SUPER,Monterrey,TPV03-MON,Ivan Delgado,ivan.delgado162@correo.mx,2492,AMEX,2193.32,MXN,APROBADA,CHIP,N
TRX0003076,2026-04-30 06:01:44,Super Norteno,Supermercado,Monterrey,TPV04-MON,Raul Mendoza,raul.mendoza30@correo.mx,7314,MASTERCARD,3102.27,MXN,RECHAZADA,CONTACTLESS,N
TRX0003077,2026-05-26 17:09:49,Cafe Aurora,Restaurante,Guadalajara,TPV03-GUA,Elena Zamora,elena.zamora151@correo.mx,7344,AMEX,293.7,MXN,APROBADA,QR,N
TRX0003078,2026-01-29 17:17:09,Super Norteno,supermercado,Monterrey,TPV02-MON,Lucia Gonzalez,lucia.gonzalez54@correo.mx,2892,AMEX,1840.03,MXN,APROBADA,QR,N
TRX0003079,2026-04-07 16:42:18,GASOLINERA KM 12,combustible,Puebla,TPV01-PUE,Fernando Mendoza,fernando.mendoza109@correo.mx,1447,AMEX,1048.25,MXN,APROBADA,CONTACTLESS,N
TRX0003080,2026-05-15 12:24:55,ELECTRO MAYA,ELECTRO,Merida,TPV04-MER,Ivan Delgado,ivan.delgado59@correo.mx,3851,AMEX,4801.99,MXN,APROBADA,BANDA,N
TRX0003081,2026-04-05 09:22:37,SUPER NORTENO,Supermercado,Monterrey,TPV03-MON,Patricia Mendoza,patricia.mendoza107@correo.mx,8089,MASTERCARD,2136.39,MXN,APROBADA,MANUAL,N
TRX0003082,2026-01-28 11:43:22,BOUTIQUE IRIS,ropa,Ciudad de Mexico,TPV04-CIU,Carmen Rivas,carmen.rivas139@correo.mx,4822,AMEX,5549.65,MXN,APROBADA,QR,N
TRX0003083,2026-06-25 18:15:13,Electro Maya,ELECTRO,Merida,TPV02-MER,Teresa Rivas,teresa.rivas25@correo.mx,6114,AMEX,20340.77,MXN,APROBADA,CHIP,N
TRX0003084,2026-04-24 19:55:55,CAFE AURORA,restaurante,Guadalajara,TPV01-GUA,Ivan Nunez,ivan.nunez88@correo.mx,1309,MASTERCARD,372.31,MXN,APROBADA,BANDA,N
TRX0003085,2026-02-09 08:18:28,Super Norteno,supermercado,Monterrey,TPV03-MON,Jorge Herrera,jorge.herrera112@correo.mx,5612,MASTERCARD,893.93,MXN,APROBADA,CHIP,N
TRX0003086,2026-06-11 17:20:09,Gasolinera Km 12,combustible,Puebla,TPV02-PUE,Hector Herrera,hector.herrera79@correo.mx,6221,MASTERCARD,1025.9,MXN,APROBADA,BANDA,N
TRX0003087,2026-01-05 17:18:02,Super Norteno,supermercado,Monterrey,TPV01-MON,Ivan Delgado,ivan.delgado59@correo.mx,3851,AMEX,1572.27,MXN,APROBADA,MANUAL,N
TRX0003088,2026-06-06 17:32:05,Boutique Iris,VESTIMENTA,Ciudad de Mexico,TPV01-CIU,Lucia Herrera,lucia.herrera155@correo.mx,9599,MASTERCARD,703.13,MXN,APROBADA,BANDA,N
TRX0003089,2026-04-07 17:37:59,Gasolinera Km 12,combustible,Puebla,TPV02-PUE,Ana Delgado,ana.delgado171@correo.mx,1786,AMEX,982.03,MXN,APROBADA,CHIP,N
TRX0003090,2026-06-14 08:55:29,CAFE AURORA,Restaurante,Guadalajara,TPV01-GUA,Patricia Gonzalez,patricia.gonzalez127@correo.mx,4793,VISA,157.73,MXN,APROBADA,BANDA,N
TRX0003091,2026-06-15 10:43:43,BOUTIQUE IRIS,VESTIMENTA,Ciudad de Mexico,TPV01-CIU,Patricia Herrera,patricia.herrera13@correo.mx,1324,VISA,5483.85,MXN,APROBADA,CONTACTLESS,N
TRX0003092,2026-05-04 11:22:49,Farmacia del Sol,Farmacia,Ciudad de Mexico,TPV02-CIU,Elena Rivas,elena.rivas20@correo.mx,9752,AMEX,653.6,MXN,RECHAZADA,CHIP,N
TRX0003093,2026-05-27 06:29:34,Super Norteno,SUPER,Monterrey,TPV04-MON,Patricia Mendoza,patricia.mendoza140@correo.mx,8731,VISA,533.05,MXN,APROBADA,MANUAL,N
TRX0003094,2026-06-19 06:43:58,CAFE AURORA,Restaurante,Guadalajara,TPV02-GUA,Patricia Salazar,patricia.salazar69@correo.mx,4268,MASTERCARD,249.95,MXN,REVERSADA,CHIP,N
TRX0003095,2026-01-09 09:35:32,Super Nortenio,SUPER,Monterrey,TPV04-MON,Elena Cortes,elena.cortes68@correo.mx,5599,AMEX,381.23,MXN,APROBADA,CHIP,N
TRX0003096,2026-06-11 10:54:15,Boutique  Iris,ropa,Ciudad de Mexico,TPV02-CIU,Fernando Ramirez,fernando.ramirez126@correo.mx,7487,AMEX,3227.29,MXN,APROBADA,CHIP,N
TRX0003097,2026-05-10 19:39:15,SUPER NORTENO,SUPER,Monterrey,TPV04-MON,Raul Delgado,raul.delgado105@correo.mx,8772,MASTERCARD,787.65,MXN,APROBADA,CONTACTLESS,N
TRX0003098,2026-04-16 07:02:23,Super Norteno,supermercado,Monterrey,TPV04-MON,Sofia Ramirez,sofia.ramirez84@correo.mx,8467,MASTERCARD,1575.18,MXN,APROBADA,CHIP,N
TRX0003099,2026-02-26 12:27:10,Gasolinera Km 12,Combustible,Puebla,TPV01-PUE,Ana Mendoza,ana.mendoza27@correo.mx,5764,VISA,345.3,MXN,RECHAZADA,BANDA,N
TRX0003100,2026-04-25 16:06:14,SUPER NORTENO,supermercado,Monterrey,TPV01-MON,Teresa Rivas,teresa.rivas6@correo.mx,1505,MASTERCARD,2098.31,MXN,APROBADA,QR,N
TRX0003101,2026-06-26 15:06:51,Farmacia del Sol ,FARM,Ciudad de Mexico,TPV04-CIU,Raul Rivas,raul.rivas114@correo.mx,9720,MASTERCARD,600.69,MXN,APROBADA,QR,N
TRX0003102,2026-05-26 18:45:56,Super Norteno,SUPER,Monterrey,TPV04-MON,Ivan Delgado,ivan.delgado59@correo.mx,3851,AMEX,2660.58,MXN,APROBADA,QR,N
TRX0003103,2026-01-29 20:50:28,Super Norteno,supermercado,Monterrey,TPV04-MON,Hector Mendoza,hector.mendoza71@correo.mx,6093,VISA,3315.63,MXN,APROBADA,CONTACTLESS,N
TRX0003104,2026-03-27 14:06:01,Super Norteno,supermercado,Monterrey,TPV02-MON,Miguel Nunez,miguel.nunez174@correo.mx,2390,MASTERCARD,2906.93,MXN,APROBADA,MANUAL,N
TRX0003105,2026-03-08 13:45:13,SUPER NORTENO,supermercado,Monterrey,TPV02-MON,Rocio Rivas,rocio.rivas87@correo.mx,7957,VISA,211.39,MXN,REVERSADA,CONTACTLESS,N
TRX0003106,2026-01-08 16:41:39,SUPER NORTENO,Supermercado,Monterrey,TPV03-MON,Patricia Herrera,patricia.herrera13@correo.mx,1324,VISA,3443.73,MXN,APROBADA,CHIP,N
TRX0003107,2026-03-24 10:22:14,ELECTRO MAYA,electronica,Merida,TPV03-MER,Jorge Rivas,jorge.rivas128@correo.mx,7387,MASTERCARD,5659.55,MXN,APROBADA,CONTACTLESS,N
TRX0003108,2026-06-11 14:58:31,CAFE AURORA,restaurante,Guadalajara,TPV04-GUA,Raul Delgado,raul.delgado105@correo.mx,6357,VISA,210.41,MXN,APROBADA,CONTACTLESS,N
TRX0003109,2026-04-05 14:58:47,Super Norteno,Supermercado,Monterrey,TPV01-MON,Patricia Herrera,patricia.herrera3@correo.mx,4061,VISA,3199.26,MXN,APROBADA,BANDA,N
TRX0003110,2026-02-18 08:47:53,Cafe Aurora,restaurante,Guadalajara,TPV02-GUA,Patricia Cortes,patricia.cortes160@correo.mx,9021,MASTERCARD,209.73,MXN,APROBADA,MANUAL,N
TRX0003111,2026-06-03 11:49:04,Farmacia del Sol ,FARM,Ciudad de Mexico,TPV03-CIU,Ivan Mendoza,ivan.mendoza21@correo.mx,2908,MASTERCARD,233.12,MXN,APROBADA,CONTACTLESS,N
TRX0003112,2026-06-08 13:30:28,Viajes Altamar,Viajes,Cancun,TPV03-CAN,Ana Salazar,ana.salazar102@correo.mx,3316,AMEX,29704.68,MXN,APROBADA,MANUAL,S
TRX0003113,2026-01-23 10:07:55,ELECTRO MAYA,Electronica,Merida,TPV02-MER,Patricia Rivas,patricia.rivas157@correo.mx,8006,VISA,3194.68,MXN,APROBADA,MANUAL,N
TRX0003114,2026-03-06 12:07:41,Farmacia del Sol ,FARM,Ciudad de Mexico,TPV01-CIU,Fernando Mendoza,fernando.mendoza109@correo.mx,1447,AMEX,784.53,MXN,APROBADA,CONTACTLESS,N
TRX0003115,2026-03-24 17:19:04,Super Nortenio,supermercado,Monterrey,TPV03-MON,Lucia Trejo,lucia.trejo32@correo.mx,8092,VISA,2524.55,MXN,APROBADA,QR,N
TRX0003116,2026-01-16 15:39:06,Boutique  Iris,VESTIMENTA,Ciudad de Mexico,TPV03-CIU,Ivan Delgado,ivan.delgado59@correo.mx,3851,AMEX,3650.39,MXN,APROBADA,MANUAL,N
TRX0003117,2026-04-28 19:05:37,CAFE AURORA,restaurante,Guadalajara,TPV04-GUA,Hector Herrera,hector.herrera79@correo.mx,3159,VISA,280.38,MXN,APROBADA,QR,N
TRX0003118,2026-01-26 06:50:18,Boutique Iris,Ropa,Ciudad de Mexico,TPV04-CIU,Lucia Trejo,lucia.trejo92@correo.mx,3905,MASTERCARD,654.81,MXN,APROBADA,CONTACTLESS,N
TRX0003119,2026-04-17 08:56:02,FARMACIA DEL SOL,farmacia,Ciudad de Mexico,TPV01-CIU,Patricia Herrera,patricia.herrera3@correo.mx,4061,VISA,769.33,MXN,APROBADA,CONTACTLESS,N
TRX0003120,2026-03-08 11:53:18,Boutique Iris,VESTIMENTA,Ciudad de Mexico,TPV02-CIU,Hector Herrera,hector.herrera34@correo.mx,9193,VISA,4171.94,MXN,REVERSADA,MANUAL,N
TRX0003121,2026-03-16 16:32:46,Farmacia del Sol,FARM,Ciudad de Mexico,TPV01-CIU,Carmen Nunez,carmen.nunez31@correo.mx,6697,VISA,376.85,MXN,RECHAZADA,CONTACTLESS,N
TRX0003122,2026-05-10 07:43:20,Cafe Aurora,Restaurante,Guadalajara,TPV01-GUA,Ana Rivas,ana.rivas117@correo.mx,2975,MASTERCARD,360.85,MXN,APROBADA,MANUAL,N
TRX0003123,2026-03-06 11:57:52,Electro Maya,ELECTRO,Merida,TPV01-MER,Elena Trejo,elena.trejo113@correo.mx,4568,MASTERCARD,22301.66,MXN,APROBADA,MANUAL,N
TRX0003124,2026-01-25 09:05:47,Boutique Iris,VESTIMENTA,Ciudad de Mexico,TPV04-CIU,Jorge Rivas,jorge.rivas78@correo.mx,8391,AMEX,1281.85,MXN,APROBADA,MANUAL,N
TRX0003125,2026-05-15 16:54:13,Farmacia del Sol,FARM,Ciudad de Mexico,TPV02-CIU,Patricia Cortes,patricia.cortes160@correo.mx,9021,MASTERCARD,438.21,MXN,APROBADA,BANDA,N
TRX0003126,2026-04-10 12:41:38,FARMACIA DEL SOL,FARM,Ciudad de Mexico,TPV01-CIU,Carmen Ramirez,carmen.ramirez111@correo.mx,1829,VISA,783.6,MXN,RECHAZADA,CONTACTLESS,N
TRX0003127,2026-02-13 11:55:16,ELECTRO MAYA,ELECTRO,Merida,TPV04-MER,Rocio Zamora,rocio.zamora104@correo.mx,6783,MASTERCARD,16089.36,MXN,APROBADA,CHIP,N
TRX0003128,2026-01-28 08:07:51,CAFE AURORA,Restaurante,Guadalajara,TPV02-GUA,Elena Trejo,elena.trejo73@correo.mx,9973,AMEX,394.09,MXN,RECHAZADA,BANDA,N
TRX0003129,2026-05-02 07:52:12,SUPER NORTENO,SUPER,Monterrey,TPV02-MON,Carmen Cortes,carmen.cortes76@correo.mx,7986,AMEX,2839.42,MXN,APROBADA,MANUAL,N
TRX0003130,2026-05-28 09:11:45,FARMACIA DEL SOL,FARM,Ciudad de Mexico,TPV01-CIU,Fernando Rivas,fernando.rivas133@correo.mx,1834,VISA,327.73,MXN,APROBADA,QR,N
TRX0003131,2026-02-24 13:29:15,CAFE AURORA,restaurante,Guadalajara,TPV03-GUA,Patricia Mendoza,patricia.mendoza140@correo.mx,5378,VISA,442.22,MXN,APROBADA,CONTACTLESS,N
TRX0003132,2026-06-12 15:47:38,Super Norteno,supermercado,Monterrey,TPV03-MON,Ana Delgado,ana.delgado171@correo.mx,8676,MASTERCARD,2349.74,MXN,REVERSADA,CONTACTLESS,N
TRX0003133,2026-02-06 16:56:56,SUPER NORTENO,supermercado,Monterrey,TPV01-MON,Hector Delgado,hector.delgado137@correo.mx,3321,AMEX,370.95,MXN,RECHAZADA,BANDA,N
TRX0003134,2026-02-10 07:17:10,Boutique  Iris,ropa,Ciudad de Mexico,TPV04-CIU,Sofia Ramirez,sofia.ramirez84@correo.mx,1287,MASTERCARD,3346.01,MXN,APROBADA,CHIP,N
TRX0003135,2026-04-21 14:11:40,Cafe Aurora,Restaurante,Guadalajara,TPV04-GUA,Raul Delgado,raul.delgado122@correo.mx,1413,VISA,130.65,MXN,APROBADA,MANUAL,N
TRX0003136,2026-05-18 21:35:48,Electro Maya,ELECTRO,Merida,TPV02-MER,Miguel Ramirez,miguel.ramirez132@correo.mx,5849,MASTERCARD,14150.28,MXN,APROBADA,QR,N
TRX0003137,2026-06-18 20:24:51,CAFE AURORA,restaurante,Guadalajara,TPV03-GUA,Ana Cortes,ana.cortes91@correo.mx,8806,AMEX,159.42,MXN,APROBADA,MANUAL,N
TRX0003138,2026-06-13 12:40:15,VIAJES ALTAMAR,viajes,Cancun,TPV02-CAN,Jorge Gonzalez,jorge.gonzalez2@correo.mx,4837,AMEX,19472.33,MXN,APROBADA,CHIP,N
TRX0003139,2026-03-14 19:47:53,Super Nortenio,SUPER,Monterrey,TPV02-MON,Ivan Nunez,ivan.nunez88@correo.mx,1309,MASTERCARD,2353.21,MXN,REVERSADA,QR,N
TRX0003140,2026-04-12 16:33:15,SUPER NORTENO,supermercado,Monterrey,TPV02-MON,Miguel Trejo,miguel.trejo115@correo.mx,2634,VISA,555.27,MXN,REVERSADA,CHIP,N
TRX0003141,2026-02-15 14:04:45,Cafe Aurora,Restaurante,Guadalajara,TPV04-GUA,Raul Trejo,raul.trejo125@correo.mx,4936,VISA,81.84,MXN,APROBADA,MANUAL,N
TRX0003142,2026-05-21 17:35:19,GASOLINERA KM 12,Combustible,Puebla,TPV04-PUE,Ana Mendoza,ana.mendoza27@correo.mx,5764,VISA,717.88,MXN,APROBADA,CONTACTLESS,N
TRX0003143,2026-06-14 10:08:47,CAFE AURORA,restaurante,Guadalajara,TPV02-GUA,Raul Nunez,raul.nunez70@correo.mx,5287,AMEX,361.17,MXN,REVERSADA,CONTACTLESS,N
TRX0003144,2026-02-11 09:51:43,Gasolinera Km 12,combustible,Puebla,TPV03-PUE,Elena Ramirez,elena.ramirez144@correo.mx,3433,VISA,669.1,MXN,APROBADA,QR,N
TRX0003145,2026-06-17 13:38:18,Boutique Iris,VESTIMENTA,Ciudad de Mexico,TPV03-CIU,Hector Mendoza,hector.mendoza71@correo.mx,6093,VISA,5418.46,MXN,APROBADA,MANUAL,N
TRX0003146,2026-04-05 08:53:49,CAFE AURORA,Restaurante,Guadalajara,TPV01-GUA,Luis Salazar,luis.salazar77@correo.mx,1058,AMEX,449.28,MXN,APROBADA,MANUAL,N
TRX0003147,2026-02-24 17:16:51,Farmacia del Sol ,farmacia,Ciudad de Mexico,TPV01-CIU,Patricia Mendoza,patricia.mendoza107@correo.mx,8089,MASTERCARD,591.78,MXN,APROBADA,BANDA,N
TRX0003148,2026-04-02 09:52:33,Farmacia del Sol ,FARM,Ciudad de Mexico,TPV04-CIU,Luis Zamora,luis.zamora9@correo.mx,1462,AMEX,201.61,MXN,APROBADA,CONTACTLESS,N
TRX0003149,2026-01-06 11:13:36,Boutique Iris,ropa,Ciudad de Mexico,TPV02-CIU,Jorge Vargas,jorge.vargas86@correo.mx,5040,MASTERCARD,1730.81,MXN,APROBADA,BANDA,N
TRX0003150,2026-03-23 16:55:01,SUPER NORTENO,supermercado,Monterrey,TPV02-MON,Jorge Herrera,jorge.herrera46@correo.mx,2925,AMEX,566.06,MXN,APROBADA,CONTACTLESS,N
TRX0003151,2026-06-07 18:31:28,Super Nortenio,SUPER,Monterrey,TPV02-MON,Elena Zamora,elena.zamora16@correo.mx,2698,VISA,771.41,MXN,REVERSADA,CHIP,N
TRX0003152,2026-05-28 17:40:43,Farmacia del Sol ,Farmacia,Ciudad de Mexico,TPV02-CIU,Luis Ramirez,luis.ramirez58@correo.mx,6479,AMEX,724.37,MXN,APROBADA,CHIP,N
TRX0003153,2026-05-31 10:47:53,BOUTIQUE IRIS,VESTIMENTA,Ciudad de Mexico,TPV04-CIU,Elena Ramirez,elena.ramirez61@correo.mx,8246,AMEX,5000.42,MXN,APROBADA,MANUAL,N
TRX0003154,2026-02-18 08:12:08,Electro Maya,electronica,Merida,TPV02-MER,Jorge Rivas,jorge.rivas128@correo.mx,7387,MASTERCARD,7057.34,MXN,APROBADA,BANDA,N
TRX0003155,2026-01-11 09:57:16,Boutique Iris,VESTIMENTA,Ciudad de Mexico,TPV01-CIU,Lucia Trejo,lucia.trejo32@correo.mx,8092,VISA,4078.11,MXN,APROBADA,CHIP,N
TRX0003156,2026-04-11 17:51:36,GASOLINERA KM 12,Combustible,Puebla,TPV01-PUE,Lucia Vargas,lucia.vargas64@correo.mx,5333,VISA,664.14,MXN,REVERSADA,CONTACTLESS,N
TRX0003157,2026-06-24 15:29:39,Gasolinera Km 12,combustible,Puebla,TPV02-PUE,Miguel Delgado,miguel.delgado42@correo.mx,7456,VISA,598.12,MXN,APROBADA,CONTACTLESS,N
TRX0003158,2026-03-24 09:17:56,Super Norteno,supermercado,Monterrey,TPV01-MON,Hector Ramirez,hector.ramirez164@correo.mx,7290,MASTERCARD,1303.31,MXN,RECHAZADA,MANUAL,N
TRX0003159,2026-03-07 14:18:21,Gasolinera Km 12,Combustible,Puebla,TPV03-PUE,Patricia Ramirez,patricia.ramirez130@correo.mx,8241,AMEX,1392.87,MXN,REVERSADA,CONTACTLESS,N
TRX0003160,2026-05-09 18:13:27,Super Norteno,Supermercado,Monterrey,TPV03-MON,Hector Herrera,hector.herrera79@correo.mx,6221,MASTERCARD,2403.25,MXN,APROBADA,QR,N
TRX0003161,2026-05-10 13:59:41,Electro Maya,Electronica,Merida,TPV02-MER,Hector Delgado,hector.delgado49@correo.mx,4702,VISA,6072.52,MXN,APROBADA,MANUAL,N
TRX0003162,2026-06-18 13:31:46,Farmacia del Sol ,Farmacia,Ciudad de Mexico,TPV04-CIU,Elena Ramirez,elena.ramirez61@correo.mx,8246,AMEX,662.49,MXN,APROBADA,CONTACTLESS,N
TRX0003163,2026-05-11 13:05:20,Electro Maya,ELECTRO,Merida,TPV03-MER,Raul Delgado,raul.delgado122@correo.mx,1413,VISA,20985.2,MXN,RECHAZADA,MANUAL,N
TRX0003164,2026-06-14 20:15:21,CAFE AURORA,restaurante,Guadalajara,TPV03-GUA,Miguel Nunez,miguel.nunez174@correo.mx,2390,MASTERCARD,80.29,MXN,APROBADA,MANUAL,N
TRX0003165,2026-04-21 17:39:41,GASOLINERA KM 12,Combustible,Puebla,TPV02-PUE,Elena Trejo,elena.trejo73@correo.mx,9973,AMEX,1096.49,MXN,REVERSADA,BANDA,N
TRX0003166,2026-03-22 13:25:20,Farmacia del Sol,farmacia,Ciudad de Mexico,TPV01-CIU,Patricia Mendoza,patricia.mendoza140@correo.mx,8731,VISA,139.6,MXN,APROBADA,CONTACTLESS,N
TRX0003167,2026-05-09 21:14:57,Boutique  Iris,VESTIMENTA,Ciudad de Mexico,TPV03-CIU,Carmen Mendoza,carmen.mendoza95@correo.mx,6566,AMEX,1237.7,MXN,RECHAZADA,QR,N
TRX0003168,2026-05-07 21:58:43,FARMACIA DEL SOL,farmacia,Ciudad de Mexico,TPV02-CIU,Miguel Herrera,miguel.herrera166@correo.mx,4697,AMEX,278.98,MXN,APROBADA,MANUAL,N
TRX0003169,2026-04-03 10:03:20,SUPER NORTENO,SUPER,Monterrey,TPV03-MON,Patricia Delgado,patricia.delgado167@correo.mx,8972,VISA,3373.47,MXN,RECHAZADA,MANUAL,N
TRX0003170,2026-01-16 19:18:52,Super Nortenio,SUPER,Monterrey,TPV04-MON,Raul Herrera,raul.herrera110@correo.mx,7010,VISA,1992.68,MXN,APROBADA,QR,N
TRX0003171,2026-06-04 10:47:22,Super Nortenio,Supermercado,Monterrey,TPV04-MON,Miguel Nunez,miguel.nunez82@correo.mx,8132,AMEX,3209.44,MXN,RECHAZADA,MANUAL,N
TRX0003172,2026-06-07 08:23:38,Boutique Iris,Ropa,Ciudad de Mexico,TPV03-CIU,Lucia Ramirez,lucia.ramirez43@correo.mx,2509,VISA,5811.44,MXN,APROBADA,QR,N
TRX0003173,2026-01-04 08:37:27,Super Nortenio,Supermercado,Monterrey,TPV03-MON,Patricia Cortes,patricia.cortes160@correo.mx,4485,VISA,1133.19,MXN,APROBADA,MANUAL,N
TRX0003174,2026-02-07 13:13:36,ELECTRO MAYA,electronica,Merida,TPV03-MER,Teresa Rivas,teresa.rivas6@correo.mx,1505,MASTERCARD,11412.59,MXN,APROBADA,QR,N
TRX0003175,2026-03-19 17:15:38,GASOLINERA KM 12,combustible,Puebla,TPV01-PUE,Sofia Trejo,sofia.trejo80@correo.mx,8498,MASTERCARD,1454.83,MXN,APROBADA,CHIP,N
TRX0003176,2026-01-13 14:33:17,Boutique Iris,Ropa,Ciudad de Mexico,TPV04-CIU,Luis Rivas,luis.rivas99@correo.mx,1585,MASTERCARD,580.65,MXN,APROBADA,CONTACTLESS,N
TRX0003177,2026-04-18 15:18:34,GASOLINERA KM 12,Combustible,Puebla,TPV04-PUE,Fernando Zamora,fernando.zamora156@correo.mx,3541,MASTERCARD,967.24,MXN,APROBADA,MANUAL,N
TRX0003178,2026-02-01 10:59:13,Boutique Iris,ropa,Ciudad de Mexico,TPV03-CIU,Patricia Mendoza,patricia.mendoza140@correo.mx,5378,VISA,2727.21,MXN,APROBADA,CONTACTLESS,N
TRX0003179,2026-01-24 09:34:26,Gasolinera Km 12,combustible,Puebla,TPV01-PUE,Jorge Nunez,jorge.nunez29@correo.mx,5067,AMEX,1685.32,MXN,APROBADA,CONTACTLESS,N
TRX0003180,2026-01-30 20:51:45,Viajes Altamar,Viajes,Cancun,TPV03-CAN,Ana Vargas,ana.vargas60@correo.mx,5862,AMEX,32804.79,MXN,APROBADA,MANUAL,N
TRX0003181,2026-03-15 14:24:13,CAFE AURORA,restaurante,Guadalajara,TPV04-GUA,Raul Delgado,raul.delgado142@correo.mx,4207,AMEX,257.68,MXN,APROBADA,BANDA,N
TRX0003182,2026-04-06 12:14:40,SUPER NORTENO,SUPER,Monterrey,TPV01-MON,Hector Herrera,hector.herrera79@correo.mx,3159,VISA,2939.12,MXN,APROBADA,QR,N
TRX0003183,2026-06-02 14:24:39,Super Norteno,Supermercado,Monterrey,TPV02-MON,Fernando Nunez,fernando.nunez145@correo.mx,8489,AMEX,434.84,MXN,APROBADA,BANDA,N
TRX0003184,2026-06-11 14:20:10,Super Nortenio,SUPER,Monterrey,TPV04-MON,Ana Vargas,ana.vargas44@correo.mx,1097,AMEX,1355.89,MXN,APROBADA,MANUAL,N
TRX0003185,2026-06-22 19:17:58,Boutique  Iris,Ropa,Ciudad de Mexico,TPV04-CIU,Jorge Delgado,jorge.delgado66@correo.mx,7754,VISA,2289.13,MXN,APROBADA,QR,N
TRX0003186,2026-06-23 16:54:11,Super Norteno,supermercado,Monterrey,TPV04-MON,Elena Vargas,elena.vargas89@correo.mx,5689,VISA,2021.6,MXN,APROBADA,QR,N
TRX0003187,2026-05-17 14:00:24,Electro Maya,ELECTRO,Merida,TPV01-MER,Hector Ramirez,hector.ramirez164@correo.mx,7290,MASTERCARD,22195.01,MXN,APROBADA,CONTACTLESS,N
TRX0003188,2026-06-16 15:12:06,Cafe Aurora,Restaurante,Guadalajara,TPV02-GUA,Lucia Trejo,lucia.trejo92@correo.mx,3905,MASTERCARD,245.18,MXN,APROBADA,CONTACTLESS,N
TRX0003189,2026-05-15 18:57:11,SUPER NORTENO,SUPER,Monterrey,TPV02-MON,Hector Trejo,hector.trejo101@correo.mx,6533,MASTERCARD,855.44,MXN,APROBADA,CHIP,N
TRX0003190,2026-01-28 11:15:40,ELECTRO MAYA,ELECTRO,Merida,TPV03-MER,Ana Salazar,ana.salazar102@correo.mx,3316,AMEX,9019.48,MXN,APROBADA,CONTACTLESS,N
TRX0003191,2026-06-27 19:44:35,Super Nortenio,Supermercado,Monterrey,TPV02-MON,Rocio Nunez,rocio.nunez173@correo.mx,4285,MASTERCARD,1481.99,MXN,REVERSADA,CONTACTLESS,N
TRX0003192,2026-05-15 20:50:11,Gasolinera Km 12,combustible,Puebla,TPV03-PUE,Fernando Ramirez,fernando.ramirez126@correo.mx,7487,AMEX,1096.4,MXN,APROBADA,CONTACTLESS,N
TRX0003193,2026-03-09 19:53:24,Cafe Aurora,restaurante,Guadalajara,TPV04-GUA,Raul Rivas,raul.rivas114@correo.mx,9720,MASTERCARD,479.94,MXN,APROBADA,CHIP,N
TRX0003194,2026-01-07 18:00:01,BOUTIQUE IRIS,Ropa,Ciudad de Mexico,TPV04-CIU,Miguel Nunez,miguel.nunez174@correo.mx,2390,MASTERCARD,4294.36,MXN,APROBADA,BANDA,N
TRX0003195,2026-03-26 15:05:37,SUPER NORTENO,SUPER,Monterrey,TPV04-MON,Carmen Vargas,carmen.vargas161@correo.mx,3446,MASTERCARD,1677.39,MXN,APROBADA,BANDA,N
TRX0003196,2026-06-29 08:02:00,Cafe Aurora,Restaurante,Guadalajara,TPV02-GUA,Fernando Nunez,fernando.nunez145@correo.mx,5858,AMEX,137.97,MXN,APROBADA,CONTACTLESS,N
TRX0003197,2026-05-02 21:25:58,Cafe Aurora,Restaurante,Guadalajara,TPV01-GUA,Luis Ramirez,luis.ramirez58@correo.mx,8936,MASTERCARD,383.91,MXN,APROBADA,MANUAL,N
TRX0003198,2026-01-11 20:52:04,Super Norteno,SUPER,Monterrey,TPV01-MON,Elena Vargas,elena.vargas148@correo.mx,9840,AMEX,258.95,MXN,APROBADA,MANUAL,N
TRX0003199,2026-03-19 15:11:47,Gasolinera Km 12,Combustible,Puebla,TPV03-PUE,Patricia Gonzalez,patricia.gonzalez127@correo.mx,4793,VISA,1617.21,MXN,APROBADA,CONTACTLESS,N
TRX0003200,2026-06-19 14:41:38,Farmacia del Sol ,farmacia,Ciudad de Mexico,TPV01-CIU,Hector Ramirez,hector.ramirez164@correo.mx,7290,MASTERCARD,685.46,MXN,APROBADA,CONTACTLESS,N
TRX0003201,2026-06-10 12:14:04,Super Norteno,Supermercado,Monterrey,TPV03-MON,Fernando Vargas,fernando.vargas65@correo.mx,7747,MASTERCARD,2052.26,MXN,REVERSADA,CONTACTLESS,N
TRX0003202,2026-03-13 06:39:15,GASOLINERA KM 12,combustible,Puebla,TPV02-PUE,Ana Salazar,ana.salazar102@correo.mx,3316,AMEX,610.93,MXN,APROBADA,CHIP,N
TRX0003203,2026-06-21 10:37:08,Cafe Aurora,Restaurante,Guadalajara,TPV04-GUA,Raul Gonzalez,raul.gonzalez179@correo.mx,8333,MASTERCARD,99.53,MXN,RECHAZADA,BANDA,N
TRX0003204,2026-01-08 14:51:41,SUPER NORTENO,Supermercado,Monterrey,TPV04-MON,Patricia Herrera,patricia.herrera3@correo.mx,4061,VISA,924.0,MXN,APROBADA,CONTACTLESS,N
TRX0003205,2026-03-14 12:13:24,Cafe Aurora,restaurante,Guadalajara,TPV03-GUA,Jorge Gonzalez,jorge.gonzalez138@correo.mx,4950,AMEX,163.49,MXN,APROBADA,CHIP,N
TRX0003206,2026-02-19 21:46:23,SUPER NORTENO,Supermercado,Monterrey,TPV01-MON,Rocio Salazar,rocio.salazar98@correo.mx,9662,VISA,3402.0,MXN,APROBADA,QR,N
TRX0003207,2026-03-01 14:39:13,Farmacia del Sol,Farmacia,Ciudad de Mexico,TPV03-CIU,Luis Salazar,luis.salazar77@correo.mx,1058,AMEX,779.82,MXN,APROBADA,MANUAL,N
TRX0003208,2026-04-10 13:18:32,Boutique  Iris,Ropa,Ciudad de Mexico,TPV01-CIU,Raul Delgado,raul.delgado169@correo.mx,7678,VISA,4678.83,MXN,REVERSADA,MANUAL,N
TRX0003209,2026-05-10 15:49:53,ELECTRO MAYA,ELECTRO,Merida,TPV04-MER,Elena Ramirez,elena.ramirez175@correo.mx,9442,MASTERCARD,7835.54,MXN,APROBADA,QR,N
TRX0003210,2026-04-04 12:46:36,Super Norteno,Supermercado,Monterrey,TPV01-MON,Ana Mendoza,ana.mendoza27@correo.mx,5764,VISA,2960.26,MXN,APROBADA,MANUAL,N
TRX0003211,2026-05-12 11:56:20,CAFE AURORA,Restaurante,Guadalajara,TPV03-GUA,Jorge Rivas,jorge.rivas128@correo.mx,7387,MASTERCARD,440.1,MXN,APROBADA,BANDA,N
TRX0003212,2026-02-26 21:39:58,FARMACIA DEL SOL,Farmacia,Ciudad de Mexico,TPV02-CIU,Ivan Delgado,ivan.delgado162@correo.mx,2492,AMEX,485.6,MXN,APROBADA,BANDA,N
TRX0003213,2026-01-21 21:35:40,CAFE AURORA,restaurante,Guadalajara,TPV02-GUA,Sofia Salazar,sofia.salazar146@correo.mx,4742,VISA,130.06,MXN,APROBADA,MANUAL,N
TRX0003214,2026-06-12 20:11:03,CAFE AURORA,Restaurante,Guadalajara,TPV03-GUA,Fernando Salazar,fernando.salazar63@correo.mx,5089,MASTERCARD,137.68,MXN,APROBADA,CONTACTLESS,N
TRX0003215,2026-04-20 10:53:37,Super Nortenio,supermercado,Monterrey,TPV01-MON,Hector Herrera,hector.herrera79@correo.mx,3159,VISA,1809.27,MXN,REVERSADA,BANDA,N
TRX0003216,2026-01-11 19:16:31,Super Norteno,Supermercado,Monterrey,TPV03-MON,Luis Zamora,luis.zamora9@correo.mx,1462,AMEX,3469.41,MXN,RECHAZADA,BANDA,N
TRX0003217,2026-03-14 15:54:31,Super Nortenio,supermercado,Monterrey,TPV04-MON,Patricia Delgado,patricia.delgado67@correo.mx,9262,AMEX,3109.51,MXN,APROBADA,MANUAL,N
TRX0003218,2026-03-16 15:21:25,Farmacia del Sol ,FARM,Ciudad de Mexico,TPV04-CIU,Patricia Herrera,patricia.herrera13@correo.mx,1324,VISA,437.7,MXN,APROBADA,CONTACTLESS,N
TRX0003219,2026-01-11 07:42:08,Farmacia del Sol,FARM,Ciudad de Mexico,TPV03-CIU,Lucia Vargas,lucia.vargas131@correo.mx,3615,MASTERCARD,597.69,MXN,APROBADA,QR,N
TRX0003220,2026-01-25 15:39:55,SUPER NORTENO,supermercado,Monterrey,TPV02-MON,Luis Delgado,luis.delgado150@correo.mx,7838,VISA,2667.23,MXN,RECHAZADA,MANUAL,N
TRX0003221,2026-06-17 14:54:28,Super Nortenio,supermercado,Monterrey,TPV04-MON,Patricia Herrera,patricia.herrera13@correo.mx,1324,VISA,2569.59,MXN,APROBADA,MANUAL,N
TRX0003222,2026-02-21 13:37:53,FARMACIA DEL SOL,FARM,Ciudad de Mexico,TPV04-CIU,Patricia Ramirez,patricia.ramirez130@correo.mx,8241,AMEX,703.22,MXN,APROBADA,CONTACTLESS,N
TRX0003223,2026-06-16 07:26:37,GASOLINERA KM 12,combustible,Puebla,TPV03-PUE,Lucia Delgado,lucia.delgado141@correo.mx,6423,VISA,1485.59,MXN,APROBADA,QR,N
TRX0003224,2026-03-29 07:32:24,CAFE AURORA,restaurante,Guadalajara,TPV02-GUA,Rocio Ramirez,rocio.ramirez12@correo.mx,2195,MASTERCARD,183.05,MXN,APROBADA,CONTACTLESS,N
TRX0003225,2026-06-20 06:40:32,BOUTIQUE IRIS,Ropa,Ciudad de Mexico,TPV01-CIU,Ivan Delgado,ivan.delgado59@correo.mx,3851,AMEX,5489.41,MXN,APROBADA,MANUAL,N
TRX0003226,2026-04-21 12:36:42,FARMACIA DEL SOL,FARM,Ciudad de Mexico,TPV02-CIU,Raul Delgado,raul.delgado122@correo.mx,1413,VISA,129.48,MXN,APROBADA,QR,N
TRX0003227,2026-05-15 15:32:53,SUPER NORTENO,supermercado,Monterrey,TPV02-MON,Elena Rivas,elena.rivas20@correo.mx,9752,AMEX,1416.09,MXN,APROBADA,QR,N
TRX0003228,2026-04-07 16:54:14,Super Nortenio,SUPER,Monterrey,TPV04-MON,Raul Vargas,raul.vargas106@correo.mx,1214,AMEX,3109.24,MXN,RECHAZADA,CONTACTLESS,N
TRX0003229,2026-01-31 16:37:20,Super Norteno,SUPER,Monterrey,TPV02-MON,Patricia Delgado,patricia.delgado167@correo.mx,8972,VISA,2996.44,MXN,APROBADA,CONTACTLESS,N
TRX0003230,2026-03-31 06:04:34,Boutique  Iris,Ropa,Ciudad de Mexico,TPV02-CIU,Elena Ramirez,elena.ramirez61@correo.mx,8246,AMEX,5611.73,MXN,APROBADA,CHIP,N
TRX0003231,2026-02-04 10:08:33,Super Nortenio,Supermercado,Monterrey,TPV03-MON,Raul Delgado,raul.delgado105@correo.mx,8772,MASTERCARD,2395.4,MXN,APROBADA,BANDA,N
TRX0003232,2026-05-18 16:37:29,Super Norteno,supermercado,Monterrey,TPV02-MON,Raul Vargas,raul.vargas106@correo.mx,1214,AMEX,1913.78,MXN,APROBADA,BANDA,N
TRX0003233,2026-02-22 14:25:43,CAFE AURORA,restaurante,Guadalajara,TPV01-GUA,Patricia Vargas,patricia.vargas26@correo.mx,4933,VISA,365.12,MXN,APROBADA,MANUAL,N
TRX0003234,2026-01-17 10:53:17,Farmacia del Sol ,farmacia,Ciudad de Mexico,TPV03-CIU,Raul Mendoza,raul.mendoza30@correo.mx,7314,MASTERCARD,614.21,MXN,APROBADA,CHIP,N
TRX0003235,2026-06-01 20:20:22,Boutique  Iris,ropa,Ciudad de Mexico,TPV02-CIU,Lucia Herrera,lucia.herrera155@correo.mx,9599,MASTERCARD,781.95,MXN,REVERSADA,QR,N
TRX0003236,2026-04-03 06:32:03,ELECTRO MAYA,electronica,Merida,TPV04-MER,Ana Herrera,ana.herrera83@correo.mx,1387,MASTERCARD,12719.14,MXN,REVERSADA,CHIP,N
TRX0003237,2026-02-17 16:29:38,CAFE AURORA,Restaurante,Guadalajara,TPV04-GUA,Hector Delgado,hector.delgado137@correo.mx,3321,AMEX,183.15,MXN,APROBADA,CHIP,N
TRX0003238,2026-02-01 18:31:32,Farmacia del Sol,Farmacia,Ciudad de Mexico,TPV02-CIU,Teresa Rivas,teresa.rivas6@correo.mx,1505,MASTERCARD,419.92,MXN,APROBADA,CHIP,N
TRX0003239,2026-06-16 18:24:21,Super Nortenio,supermercado,Monterrey,TPV01-MON,Luis Delgado,luis.delgado150@correo.mx,7838,VISA,1450.13,MXN,APROBADA,BANDA,N
TRX0003240,2026-01-31 17:57:07,SUPER NORTENO,supermercado,Monterrey,TPV01-MON,Lucia Vargas,lucia.vargas131@correo.mx,3615,MASTERCARD,1808.46,MXN,APROBADA,MANUAL,N
TRX0003241,2026-02-06 18:22:23,FARMACIA DEL SOL,FARM,Ciudad de Mexico,TPV03-CIU,Teresa Mendoza,teresa.mendoza159@correo.mx,6739,VISA,364.42,MXN,RECHAZADA,BANDA,N
TRX0003242,2026-02-09 21:19:24,Cafe Aurora,Restaurante,Guadalajara,TPV01-GUA,Sofia Nunez,sofia.nunez56@correo.mx,5954,AMEX,238.79,MXN,APROBADA,CHIP,N
TRX0003243,2026-03-16 19:37:37,SUPER NORTENO,SUPER,Monterrey,TPV02-MON,Jorge Gonzalez,jorge.gonzalez2@correo.mx,4837,AMEX,1434.43,MXN,REVERSADA,QR,N
TRX0003244,2026-01-17 11:28:55,Super Norteno,supermercado,Monterrey,TPV01-MON,Sofia Nunez,sofia.nunez134@correo.mx,9193,AMEX,2097.61,MXN,APROBADA,QR,N
TRX0003245,2026-02-27 11:19:49,FARMACIA DEL SOL,farmacia,Ciudad de Mexico,TPV04-CIU,Rocio Ramirez,rocio.ramirez94@correo.mx,3489,VISA,626.58,MXN,APROBADA,CHIP,N
TRX0003246,2026-03-21 06:51:27,Cafe Aurora,restaurante,Guadalajara,TPV04-GUA,Jorge Vargas,jorge.vargas40@correo.mx,7531,MASTERCARD,239.56,MXN,REVERSADA,CHIP,N
TRX0003247,2026-06-23 12:36:03,Gasolinera Km 12,combustible,Puebla,TPV01-PUE,Raul Gonzalez,raul.gonzalez74@correo.mx,9447,VISA,1137.46,MXN,APROBADA,CHIP,S
TRX0003248,2026-05-25 17:53:10,VIAJES ALTAMAR,viajes,Cancun,TPV02-CAN,Lucia Delgado,lucia.delgado141@correo.mx,6423,VISA,23501.62,MXN,APROBADA,CONTACTLESS,N
TRX0003249,2026-02-15 18:29:35,Cafe Aurora,restaurante,Guadalajara,TPV03-GUA,Luis Ramirez,luis.ramirez39@correo.mx,8712,VISA,331.68,MXN,APROBADA,BANDA,N
TRX0003250,2026-06-25 21:34:48,CAFE AURORA,restaurante,Guadalajara,TPV01-GUA,Fernando Herrera,fernando.herrera177@correo.mx,7418,VISA,346.24,MXN,APROBADA,CONTACTLESS,N
TRX0003251,2026-03-20 13:18:02,Super Nortenio,supermercado,Monterrey,TPV04-MON,Lucia Ramirez,lucia.ramirez152@correo.mx,6278,MASTERCARD,333.42,MXN,APROBADA,QR,N
TRX0003252,2026-06-09 15:12:11,Super Norteno,Supermercado,Monterrey,TPV04-MON,Patricia Gonzalez,patricia.gonzalez127@correo.mx,8628,VISA,990.06,MXN,APROBADA,CONTACTLESS,N
TRX0003253,2026-06-25 14:34:54,CAFE AURORA,restaurante,Guadalajara,TPV04-GUA,Rocio Ramirez,rocio.ramirez12@correo.mx,2195,MASTERCARD,265.1,MXN,APROBADA,CONTACTLESS,N
TRX0003254,2026-03-30 06:16:39,Boutique  Iris,Ropa,Ciudad de Mexico,TPV01-CIU,Luis Salazar,luis.salazar77@correo.mx,1058,AMEX,3148.32,MXN,APROBADA,MANUAL,N
TRX0003255,2026-03-28 18:45:25,Super Nortenio,SUPER,Monterrey,TPV01-MON,Sofia Salazar,sofia.salazar136@correo.mx,2952,AMEX,3206.61,MXN,APROBADA,CHIP,N
TRX0003256,2026-05-01 07:29:15,Super Norteno,Supermercado,Monterrey,TPV02-MON,Rocio Zamora,rocio.zamora85@correo.mx,2544,AMEX,2953.69,MXN,APROBADA,CHIP,N
TRX0003257,2026-03-14 17:54:20,Super Norteno,SUPER,Monterrey,TPV03-MON,Lucia Ramirez,lucia.ramirez48@correo.mx,2913,VISA,906.64,MXN,APROBADA,MANUAL,N
TRX0003258,2026-01-05 10:18:04,FARMACIA DEL SOL,Farmacia,Ciudad de Mexico,TPV01-CIU,Sofia Trejo,sofia.trejo80@correo.mx,8498,MASTERCARD,626.9,MXN,APROBADA,QR,N
TRX0003259,2026-01-14 19:26:35,CAFE AURORA,restaurante,Guadalajara,TPV01-GUA,Raul Herrera,raul.herrera110@correo.mx,7010,VISA,447.64,MXN,APROBADA,CONTACTLESS,N
TRX0003260,2026-03-15 12:47:46,Super Norteno,Supermercado,Monterrey,TPV04-MON,Teresa Rivas,teresa.rivas6@correo.mx,1505,MASTERCARD,2145.52,MXN,APROBADA,BANDA,N
TRX0003261,2026-03-12 16:34:11,VIAJES ALTAMAR,viajes,Cancun,TPV04-CAN,Rocio Salazar,rocio.salazar98@correo.mx,9662,VISA,24632.69,MXN,APROBADA,MANUAL,N
TRX0003262,2026-01-30 07:50:54,FARMACIA DEL SOL,farmacia,Ciudad de Mexico,TPV04-CIU,Hector Ramirez,hector.ramirez164@correo.mx,7290,MASTERCARD,636.11,MXN,APROBADA,QR,N
TRX0003263,2026-03-01 19:09:28,SUPER NORTENO,Supermercado,Monterrey,TPV01-MON,Miguel Ramirez,miguel.ramirez132@correo.mx,5849,MASTERCARD,3192.51,MXN,APROBADA,MANUAL,N
TRX0003264,2026-02-27 21:40:39,SUPER NORTENO,Supermercado,Monterrey,TPV01-MON,Elena Zamora,elena.zamora151@correo.mx,7344,AMEX,411.38,MXN,RECHAZADA,CHIP,N
TRX0003265,2026-01-04 17:00:54,GASOLINERA KM 12,combustible,Puebla,TPV03-PUE,Sofia Salazar,sofia.salazar136@correo.mx,2952,AMEX,1454.73,MXN,APROBADA,MANUAL,N
TRX0003266,2026-06-04 16:32:26,VIAJES ALTAMAR,viajes,Cancun,TPV02-CAN,Fernando Nunez,fernando.nunez145@correo.mx,8489,AMEX,27605.62,MXN,APROBADA,CONTACTLESS,N
TRX0003267,2026-01-27 20:45:03,Farmacia del Sol ,Farmacia,Ciudad de Mexico,TPV03-CIU,Sofia Delgado,sofia.delgado119@correo.mx,1778,AMEX,774.01,MXN,REVERSADA,MANUAL,N
TRX0003268,2026-01-21 14:40:55,FARMACIA DEL SOL,Farmacia,Ciudad de Mexico,TPV01-CIU,Raul Delgado,raul.delgado169@correo.mx,7678,VISA,747.67,MXN,APROBADA,QR,N
TRX0003269,2026-06-19 06:11:57,SUPER NORTENO,supermercado,Monterrey,TPV04-MON,Miguel Nunez,miguel.nunez174@correo.mx,2390,MASTERCARD,1492.24,MXN,APROBADA,MANUAL,N
TRX0003270,2026-03-10 18:05:38,SUPER NORTENO,Supermercado,Monterrey,TPV01-MON,Ana Delgado,ana.delgado171@correo.mx,8676,MASTERCARD,1461.3,MXN,APROBADA,CHIP,N
TRX0003271,2026-01-06 10:19:17,Farmacia del Sol ,farmacia,Ciudad de Mexico,TPV01-CIU,Miguel Nunez,miguel.nunez82@correo.mx,8132,AMEX,580.42,MXN,RECHAZADA,CHIP,N
TRX0003272,2026-02-22 12:00:18,Cafe Aurora,restaurante,Guadalajara,TPV01-GUA,Carmen Ramirez,carmen.ramirez111@correo.mx,1829,VISA,93.71,MXN,APROBADA,BANDA,N
TRX0003273,2026-01-23 09:57:07,Super Nortenio,supermercado,Monterrey,TPV04-MON,Sofia Rivas,sofia.rivas81@correo.mx,4001,VISA,1328.96,MXN,REVERSADA,CONTACTLESS,N
TRX0003274,2026-01-08 08:50:09,Gasolinera Km 12,Combustible,Puebla,TPV02-PUE,Luis Herrera,luis.herrera5@correo.mx,7395,MASTERCARD,673.52,MXN,APROBADA,CHIP,N
TRX0003275,2026-01-21 20:26:34,Gasolinera Km 12,combustible,Puebla,TPV02-PUE,Rocio Vargas,rocio.vargas62@correo.mx,4939,MASTERCARD,683.96,MXN,APROBADA,CHIP,N
TRX0003276,2026-02-02 11:07:23,CAFE AURORA,Restaurante,Guadalajara,TPV04-GUA,Teresa Mendoza,teresa.mendoza159@correo.mx,6739,VISA,121.04,MXN,APROBADA,BANDA,N
TRX0003277,2026-06-01 17:01:50,Cafe Aurora,restaurante,Guadalajara,TPV01-GUA,Lucia Delgado,lucia.delgado141@correo.mx,6423,VISA,82.82,MXN,APROBADA,CHIP,N
TRX0003278,2026-06-04 20:58:40,Cafe Aurora,Restaurante,Guadalajara,TPV02-GUA,Luis Zamora,luis.zamora9@correo.mx,1462,AMEX,138.15,MXN,APROBADA,BANDA,N
TRX0003279,2026-03-03 16:33:26,Super Norteno,SUPER,Monterrey,TPV03-MON,Teresa Rivas,teresa.rivas25@correo.mx,6114,AMEX,1627.6,MXN,APROBADA,CHIP,N
TRX0003280,2026-05-17 16:50:56,Cafe Aurora,restaurante,Guadalajara,TPV01-GUA,Patricia Mendoza,patricia.mendoza107@correo.mx,8089,MASTERCARD,437.69,MXN,RECHAZADA,CONTACTLESS,N
TRX0003281,2026-03-16 19:46:46,Boutique Iris,VESTIMENTA,Ciudad de Mexico,TPV03-CIU,Patricia Mendoza,patricia.mendoza140@correo.mx,8731,VISA,3517.01,MXN,APROBADA,CHIP,N
TRX0003282,2026-01-03 20:01:30,Cafe Aurora,Restaurante,Guadalajara,TPV04-GUA,Jorge Rivas,jorge.rivas128@correo.mx,7387,MASTERCARD,427.41,MXN,APROBADA,MANUAL,N
TRX0003283,2026-04-25 09:20:04,Super Nortenio,supermercado,Monterrey,TPV04-MON,Lucia Ramirez,lucia.ramirez43@correo.mx,2509,VISA,3361.38,MXN,REVERSADA,MANUAL,N
TRX0003284,2026-05-31 21:24:03,BOUTIQUE IRIS,Ropa,Ciudad de Mexico,TPV02-CIU,Ana Salazar,ana.salazar158@correo.mx,2274,MASTERCARD,477.53,MXN,APROBADA,BANDA,N
TRX0003285,2026-02-25 08:58:34,Super Norteno,supermercado,Monterrey,TPV02-MON,Fernando Cortes,fernando.cortes170@correo.mx,6842,AMEX,1612.56,MXN,APROBADA,QR,N
TRX0003286,2026-02-20 21:43:36,Cafe Aurora,Restaurante,Guadalajara,TPV02-GUA,Jorge Gonzalez,jorge.gonzalez138@correo.mx,4950,AMEX,152.09,MXN,APROBADA,CHIP,N
TRX0003287,2026-04-30 21:28:32,Boutique  Iris,ropa,Ciudad de Mexico,TPV01-CIU,Patricia Cortes,patricia.cortes160@correo.mx,4485,VISA,999.24,MXN,APROBADA,CONTACTLESS,N
TRX0003288,2026-01-26 09:13:30,Farmacia del Sol ,farmacia,Ciudad de Mexico,TPV02-CIU,Lucia Ramirez,lucia.ramirez48@correo.mx,2913,VISA,587.27,MXN,APROBADA,MANUAL,S
TRX0003289,2026-04-17 14:53:37,CAFE AURORA,restaurante,Guadalajara,TPV02-GUA,Jorge Herrera,jorge.herrera46@correo.mx,2925,AMEX,373.32,MXN,APROBADA,BANDA,N
TRX0003290,2026-05-29 21:08:50,Super Norteno,supermercado,Monterrey,TPV01-MON,Ana Trejo,ana.trejo51@correo.mx,9690,MASTERCARD,2961.92,MXN,REVERSADA,CHIP,N
TRX0003291,2026-03-25 10:10:00,CAFE AURORA,Restaurante,Guadalajara,TPV04-GUA,Fernando Mendoza,fernando.mendoza57@correo.mx,8388,AMEX,284.54,MXN,APROBADA,MANUAL,N
TRX0003292,2026-01-14 10:23:17,Electro Maya,ELECTRO,Merida,TPV03-MER,Miguel Trejo,miguel.trejo115@correo.mx,3481,MASTERCARD,11028.08,MXN,APROBADA,CHIP,N
TRX0003293,2026-02-05 18:28:54,Boutique  Iris,ropa,Ciudad de Mexico,TPV03-CIU,Sofia Cortes,sofia.cortes153@correo.mx,1495,AMEX,3775.14,MXN,APROBADA,MANUAL,N
TRX0003294,2026-06-18 17:15:57,Farmacia del Sol,FARM,Ciudad de Mexico,TPV02-CIU,Lucia Ramirez,lucia.ramirez48@correo.mx,2913,VISA,797.07,MXN,APROBADA,BANDA,N
TRX0003295,2026-05-10 12:04:09,Super Norteno,supermercado,Monterrey,TPV04-MON,Ivan Trejo,ivan.trejo180@correo.mx,8045,MASTERCARD,1673.03,MXN,APROBADA,BANDA,N
TRX0003296,2026-05-15 06:24:33,Farmacia del Sol ,farmacia,Ciudad de Mexico,TPV01-CIU,Ivan Delgado,ivan.delgado162@correo.mx,2492,AMEX,690.04,MXN,APROBADA,CHIP,N
TRX0003297,2026-03-06 18:30:31,CAFE AURORA,restaurante,Guadalajara,TPV01-GUA,Fernando Herrera,fernando.herrera168@correo.mx,8810,VISA,204.36,MXN,APROBADA,MANUAL,N
TRX0003298,2026-05-01 15:53:00,CAFE AURORA,Restaurante,Guadalajara,TPV04-GUA,Ana Trejo,ana.trejo51@correo.mx,9690,MASTERCARD,126.74,MXN,APROBADA,CHIP,N
TRX0003299,2026-03-28 20:04:27,Cafe Aurora,Restaurante,Guadalajara,TPV04-GUA,Luis Rivas,luis.rivas99@correo.mx,1585,MASTERCARD,184.43,MXN,APROBADA,CONTACTLESS,N
TRX0003300,2026-06-11 06:04:29,ELECTRO MAYA,ELECTRO,Merida,TPV03-MER,Ana Mendoza,ana.mendoza27@correo.mx,6032,AMEX,16870.26,MXN,APROBADA,MANUAL,N
TRX0003301,2026-03-12 20:09:14,SUPER NORTENO,Supermercado,Monterrey,TPV01-MON,Sofia Nunez,sofia.nunez134@correo.mx,9193,AMEX,1074.11,MXN,APROBADA,CONTACTLESS,N
TRX0003302,2026-02-11 21:57:34,Farmacia del Sol,farmacia,Ciudad de Mexico,TPV01-CIU,Ivan Nunez,ivan.nunez88@correo.mx,1309,MASTERCARD,789.59,MXN,APROBADA,CHIP,N
TRX0003303,2026-05-24 13:59:27,FARMACIA DEL SOL,Farmacia,Ciudad de Mexico,TPV04-CIU,Jorge Rivas,jorge.rivas147@correo.mx,5919,MASTERCARD,795.65,MXN,APROBADA,QR,N
TRX0003304,2026-05-31 19:26:46,Super Norteno,SUPER,Monterrey,TPV03-MON,Hector Delgado,hector.delgado137@correo.mx,3321,AMEX,1913.34,MXN,APROBADA,CHIP,S
TRX0003305,2026-05-09 16:57:13,Gasolinera Km 12,Combustible,Puebla,TPV03-PUE,Miguel Nunez,miguel.nunez82@correo.mx,8132,AMEX,695.59,MXN,REVERSADA,MANUAL,N
TRX0003306,2026-01-16 13:42:03,GASOLINERA KM 12,combustible,Puebla,TPV03-PUE,Raul Trejo,raul.trejo125@correo.mx,4936,VISA,858.46,MXN,APROBADA,BANDA,N
TRX0003307,2026-05-16 14:59:27,Super Norteno,Supermercado,Monterrey,TPV03-MON,Patricia Mendoza,patricia.mendoza140@correo.mx,8731,VISA,3121.22,MXN,APROBADA,QR,N
TRX0003308,2026-06-03 13:26:30,Super Norteno,Supermercado,Monterrey,TPV01-MON,Sofia Vargas,sofia.vargas19@correo.mx,1099,MASTERCARD,378.97,MXN,APROBADA,QR,N
TRX0003309,2026-03-09 18:30:43,Electro Maya,Electronica,Merida,TPV02-MER,Luis Zamora,luis.zamora9@correo.mx,1462,AMEX,10719.04,MXN,APROBADA,QR,N
TRX0003310,2026-01-13 15:41:36,CAFE AURORA,Restaurante,Guadalajara,TPV02-GUA,Elena Cortes,elena.cortes68@correo.mx,5599,AMEX,453.94,MXN,REVERSADA,CONTACTLESS,N
TRX0003311,2026-01-10 21:13:57,Super Nortenio,Supermercado,Monterrey,TPV03-MON,Patricia Herrera,patricia.herrera3@correo.mx,4061,VISA,3087.82,MXN,APROBADA,CONTACTLESS,N
TRX0003312,2026-05-09 15:57:03,Gasolinera Km 12,combustible,Puebla,TPV03-PUE,Lucia Delgado,lucia.delgado141@correo.mx,6423,VISA,1189.93,MXN,APROBADA,BANDA,N
TRX0003313,2026-03-11 16:25:48,Cafe Aurora,restaurante,Guadalajara,TPV01-GUA,Rocio Herrera,rocio.herrera165@correo.mx,6020,VISA,454.53,MXN,APROBADA,MANUAL,N
TRX0003314,2026-04-30 12:45:31,Boutique  Iris,Ropa,Ciudad de Mexico,TPV04-CIU,Sofia Cortes,sofia.cortes153@correo.mx,1495,AMEX,4228.99,MXN,RECHAZADA,MANUAL,N
TRX0003315,2026-03-16 12:32:49,Super Norteno,Supermercado,Monterrey,TPV01-MON,Elena Trejo,elena.trejo73@correo.mx,9973,AMEX,953.11,MXN,REVERSADA,CONTACTLESS,N
TRX0003316,2026-01-13 08:49:13,Super Norteno,supermercado,Monterrey,TPV01-MON,Raul Mendoza,raul.mendoza90@correo.mx,1177,AMEX,631.59,MXN,APROBADA,CHIP,N
TRX0003317,2026-02-22 20:39:41,GASOLINERA KM 12,Combustible,Puebla,TPV04-PUE,Rocio Ramirez,rocio.ramirez94@correo.mx,3489,VISA,770.21,MXN,APROBADA,CONTACTLESS,N
TRX0003318,2026-05-17 10:52:20,CAFE AURORA,Restaurante,Guadalajara,TPV02-GUA,Teresa Herrera,teresa.herrera35@correo.mx,4201,VISA,194.69,MXN,RECHAZADA,MANUAL,N
TRX0003319,2026-02-27 08:21:23,CAFE AURORA,restaurante,Guadalajara,TPV04-GUA,Elena Ramirez,elena.ramirez4@correo.mx,8580,VISA,455.82,MXN,APROBADA,CONTACTLESS,N
TRX0003320,2026-05-27 09:35:32,GASOLINERA KM 12,combustible,Puebla,TPV03-PUE,Jorge Mendoza,jorge.mendoza47@correo.mx,6756,AMEX,1012.77,MXN,APROBADA,MANUAL,N
TRX0003321,2026-01-10 11:55:07,SUPER NORTENO,SUPER,Monterrey,TPV01-MON,Ana Salazar,ana.salazar102@correo.mx,3316,AMEX,1889.7,MXN,APROBADA,BANDA,N
TRX0003322,2026-04-25 07:49:14,Electro Maya,electronica,Merida,TPV01-MER,Luis Zamora,luis.zamora9@correo.mx,1462,AMEX,22831.47,MXN,APROBADA,MANUAL,N
TRX0003323,2026-03-08 21:14:55,FARMACIA DEL SOL,farmacia,Ciudad de Mexico,TPV03-CIU,Elena Delgado,elena.delgado149@correo.mx,9248,MASTERCARD,806.05,MXN,APROBADA,CONTACTLESS,N
TRX0003324,2026-06-22 08:23:22,Farmacia del Sol ,FARM,Ciudad de Mexico,TPV02-CIU,Elena Delgado,elena.delgado149@correo.mx,9248,MASTERCARD,735.1,MXN,APROBADA,BANDA,N
TRX0003325,2026-06-20 08:14:28,Super Norteno,supermercado,Monterrey,TPV01-MON,Carmen Cortes,carmen.cortes76@correo.mx,7986,AMEX,579.01,MXN,APROBADA,BANDA,N
TRX0003326,2026-02-11 06:09:35,Electro Maya,electronica,Merida,TPV02-MER,Patricia Mendoza,patricia.mendoza107@correo.mx,8089,MASTERCARD,22204.76,MXN,APROBADA,CONTACTLESS,N
TRX0003327,2026-01-05 21:03:25,Viajes Altamar,viajes,Cancun,TPV03-CAN,Luis Ramirez,luis.ramirez39@correo.mx,8712,VISA,31658.86,MXN,APROBADA,QR,N
TRX0003328,2026-05-15 14:40:22,Boutique Iris,Ropa,Ciudad de Mexico,TPV03-CIU,Lucia Herrera,lucia.herrera155@correo.mx,9599,MASTERCARD,2055.53,MXN,APROBADA,MANUAL,N
TRX0003329,2026-05-05 07:29:05,Electro Maya,ELECTRO,Merida,TPV04-MER,Jorge Rivas,jorge.rivas128@correo.mx,7387,MASTERCARD,20772.23,MXN,APROBADA,CHIP,N
TRX0003330,2026-01-10 18:53:31,Boutique  Iris,Ropa,Ciudad de Mexico,TPV03-CIU,Luis Herrera,luis.herrera5@correo.mx,7395,MASTERCARD,608.87,MXN,APROBADA,CHIP,N
TRX0003331,2026-02-08 18:42:39,Farmacia del Sol,farmacia,Ciudad de Mexico,TPV04-CIU,Raul Vargas,raul.vargas22@correo.mx,8824,AMEX,870.26,MXN,APROBADA,CONTACTLESS,N
TRX0003332,2026-04-13 10:08:14,Gasolinera Km 12,combustible,Puebla,TPV03-PUE,Raul Vargas,raul.vargas37@correo.mx,5573,AMEX,450.57,MXN,APROBADA,CONTACTLESS,N
TRX0003333,2026-02-05 19:07:08,FARMACIA DEL SOL,FARM,Ciudad de Mexico,TPV01-CIU,Sofia Rivas,sofia.rivas81@correo.mx,4001,VISA,204.83,MXN,APROBADA,CONTACTLESS,N
TRX0003334,2026-06-23 10:40:13,Super Nortenio,Supermercado,Monterrey,TPV04-MON,Sofia Ramirez,sofia.ramirez84@correo.mx,1287,MASTERCARD,1975.12,MXN,APROBADA,CONTACTLESS,N
TRX0003335,2026-03-28 21:39:08,SUPER NORTENO,supermercado,Monterrey,TPV01-MON,Fernando Nunez,fernando.nunez145@correo.mx,8489,AMEX,634.51,MXN,APROBADA,CHIP,N
TRX0003336,2026-02-27 18:56:33,CAFE AURORA,restaurante,Guadalajara,TPV03-GUA,Lucia Ramirez,lucia.ramirez152@correo.mx,6278,MASTERCARD,474.89,MXN,APROBADA,MANUAL,N
TRX0003337,2026-01-11 19:48:25,SUPER NORTENO,Supermercado,Monterrey,TPV02-MON,Luis Gonzalez,luis.gonzalez18@correo.mx,5494,VISA,3245.47,MXN,APROBADA,BANDA,N
TRX0003338,2026-02-01 19:54:45,GASOLINERA KM 12,combustible,Puebla,TPV04-PUE,Lucia Zamora,lucia.zamora108@correo.mx,3262,MASTERCARD,1418.92,MXN,APROBADA,QR,N
TRX0003339,2026-05-01 12:30:25,CAFE AURORA,Restaurante,Guadalajara,TPV02-GUA,Rocio Salazar,rocio.salazar98@correo.mx,9662,VISA,308.54,MXN,APROBADA,QR,N
TRX0003340,2026-06-07 09:28:28,CAFE AURORA,Restaurante,Guadalajara,TPV03-GUA,Jorge Herrera,jorge.herrera112@correo.mx,5612,MASTERCARD,417.82,MXN,APROBADA,BANDA,N
TRX0003341,2026-01-10 12:58:15,Super Nortenio,SUPER,Monterrey,TPV01-MON,Fernando Herrera,fernando.herrera168@correo.mx,8810,VISA,1132.06,MXN,APROBADA,CONTACTLESS,N
TRX0003342,2026-02-15 09:30:20,SUPER NORTENO,Supermercado,Monterrey,TPV01-MON,Jorge Delgado,jorge.delgado66@correo.mx,7754,VISA,2763.85,MXN,APROBADA,BANDA,N
TRX0003343,2026-02-15 18:14:07,SUPER NORTENO,supermercado,Monterrey,TPV01-MON,Carmen Rivas,carmen.rivas139@correo.mx,4822,AMEX,870.13,MXN,APROBADA,BANDA,S
TRX0003344,2026-01-07 12:15:15,FARMACIA DEL SOL,farmacia,Ciudad de Mexico,TPV01-CIU,Elena Vargas,elena.vargas89@correo.mx,5689,VISA,242.73,MXN,RECHAZADA,CHIP,N
TRX0003345,2026-01-05 13:42:32,Super Norteno,SUPER,Monterrey,TPV01-MON,Ivan Delgado,ivan.delgado59@correo.mx,3851,AMEX,2531.32,MXN,APROBADA,CONTACTLESS,N
TRX0003346,2026-03-11 14:52:36,Boutique Iris,VESTIMENTA,Ciudad de Mexico,TPV03-CIU,Luis Salazar,luis.salazar75@correo.mx,4376,MASTERCARD,5833.9,MXN,APROBADA,CONTACTLESS,N
TRX0003347,2026-01-10 08:05:39,Farmacia del Sol,farmacia,Ciudad de Mexico,TPV04-CIU,Hector Nunez,hector.nunez38@correo.mx,3109,AMEX,353.86,MXN,APROBADA,QR,N
TRX0003348,2026-03-03 20:59:21,Gasolinera Km 12,Combustible,Puebla,TPV03-PUE,Fernando Nunez,fernando.nunez145@correo.mx,5858,AMEX,735.38,MXN,APROBADA,BANDA,N
TRX0003349,2026-01-26 20:49:36,SUPER NORTENO,SUPER,Monterrey,TPV04-MON,Elena Zamora,elena.zamora151@correo.mx,7344,AMEX,1722.37,MXN,APROBADA,CHIP,N
TRX0003350,2026-06-14 08:11:55,GASOLINERA KM 12,Combustible,Puebla,TPV02-PUE,Sofia Ramirez,sofia.ramirez84@correo.mx,8467,MASTERCARD,1500.32,MXN,APROBADA,CHIP,N
TRX0003351,2026-03-09 19:24:50,VIAJES ALTAMAR,Viajes,Cancun,TPV04-CAN,Raul Trejo,raul.trejo125@correo.mx,4936,VISA,44453.51,MXN,REVERSADA,QR,N
TRX0003352,2026-01-05 14:11:56,Boutique Iris,ropa,Ciudad de Mexico,TPV04-CIU,Jorge Nunez,jorge.nunez121@correo.mx,1683,AMEX,1896.13,MXN,RECHAZADA,CHIP,N
TRX0003353,2026-01-21 14:08:46,Farmacia del Sol ,Farmacia,Ciudad de Mexico,TPV02-CIU,Elena Delgado,elena.delgado149@correo.mx,9248,MASTERCARD,651.17,MXN,APROBADA,QR,N
TRX0003354,2026-06-16 06:04:52,Cafe Aurora,Restaurante,Guadalajara,TPV03-GUA,Patricia Gonzalez,patricia.gonzalez127@correo.mx,8628,VISA,306.22,MXN,REVERSADA,CONTACTLESS,N
TRX0003355,2026-05-13 10:43:41,BOUTIQUE IRIS,VESTIMENTA,Ciudad de Mexico,TPV02-CIU,Teresa Rivas,teresa.rivas6@correo.mx,1505,MASTERCARD,1276.86,MXN,APROBADA,QR,N
TRX0003356,2026-05-18 21:53:18,Super Norteno,Supermercado,Monterrey,TPV03-MON,Ana Vargas,ana.vargas60@correo.mx,5862,AMEX,1237.01,MXN,APROBADA,CONTACTLESS,N
TRX0003357,2026-03-15 15:43:31,FARMACIA DEL SOL,FARM,Ciudad de Mexico,TPV02-CIU,Patricia Delgado,patricia.delgado167@correo.mx,8972,VISA,354.43,MXN,APROBADA,CHIP,N
TRX0003358,2026-06-05 20:47:20,Cafe Aurora,restaurante,Guadalajara,TPV04-GUA,Luis Zamora,luis.zamora9@correo.mx,1462,AMEX,362.53,MXN,APROBADA,MANUAL,N
TRX0003359,2026-01-28 06:44:20,Electro Maya,electronica,Merida,TPV01-MER,Miguel Ramirez,miguel.ramirez132@correo.mx,5849,MASTERCARD,18932.83,MXN,APROBADA,CHIP,N
TRX0003360,2026-02-27 21:58:16,GASOLINERA KM 12,combustible,Puebla,TPV04-PUE,Ana Rivas,ana.rivas117@correo.mx,2975,MASTERCARD,1315.42,MXN,REVERSADA,QR,N
TRX0003361,2026-03-12 21:14:18,Cafe Aurora,restaurante,Guadalajara,TPV04-GUA,Luis Ramirez,luis.ramirez39@correo.mx,8712,VISA,156.02,MXN,APROBADA,MANUAL,N
TRX0003362,2026-02-25 11:12:29,ELECTRO MAYA,electronica,Merida,TPV03-MER,Fernando Herrera,fernando.herrera168@correo.mx,8810,VISA,22863.08,MXN,APROBADA,CONTACTLESS,N
TRX0003363,2026-04-30 21:04:41,Farmacia del Sol,farmacia,Ciudad de Mexico,TPV02-CIU,Carmen Rivas,carmen.rivas139@correo.mx,4822,AMEX,469.28,MXN,APROBADA,MANUAL,N
TRX0003364,2026-05-14 18:39:32,FARMACIA DEL SOL,Farmacia,Ciudad de Mexico,TPV02-CIU,Elena Delgado,elena.delgado149@correo.mx,9248,MASTERCARD,376.4,MXN,APROBADA,CONTACTLESS,N
TRX0003365,2026-01-07 07:24:06,SUPER NORTENO,Supermercado,Monterrey,TPV03-MON,Sofia Nunez,sofia.nunez134@correo.mx,9193,AMEX,1818.33,MXN,APROBADA,QR,N
TRX0003366,2026-05-08 19:32:05,FARMACIA DEL SOL,farmacia,Ciudad de Mexico,TPV02-CIU,Elena Ramirez,elena.ramirez61@correo.mx,8246,AMEX,830.17,MXN,APROBADA,MANUAL,N
TRX0003367,2026-03-20 09:19:03,Electro Maya,Electronica,Merida,TPV02-MER,Raul Nunez,raul.nunez70@correo.mx,5287,AMEX,1478.48,MXN,APROBADA,CONTACTLESS,N
TRX0003368,2026-04-22 15:55:52,BOUTIQUE IRIS,Ropa,Ciudad de Mexico,TPV04-CIU,Carmen Vargas,carmen.vargas161@correo.mx,3446,MASTERCARD,445.12,MXN,REVERSADA,CHIP,N
TRX0003369,2026-03-21 19:48:02,Boutique Iris,ropa,Ciudad de Mexico,TPV01-CIU,Elena Cortes,elena.cortes68@correo.mx,5599,AMEX,4914.77,MXN,APROBADA,CONTACTLESS,N
TRX0003370,2026-01-06 16:28:31,CAFE AURORA,Restaurante,Guadalajara,TPV04-GUA,Miguel Cortes,miguel.cortes97@correo.mx,9422,MASTERCARD,145.89,MXN,APROBADA,QR,N
TRX0003371,2026-04-27 08:15:27,Farmacia del Sol ,farmacia,Ciudad de Mexico,TPV01-CIU,Hector Trejo,hector.trejo101@correo.mx,6533,MASTERCARD,139.88,MXN,APROBADA,QR,N
TRX0003372,2026-04-09 06:39:28,CAFE AURORA,Restaurante,Guadalajara,TPV04-GUA,Raul Delgado,raul.delgado169@correo.mx,7678,VISA,479.3,MXN,APROBADA,MANUAL,N
TRX0003373,2026-01-15 12:39:06,Super Norteno,supermercado,Monterrey,TPV03-MON,Jorge Gonzalez,jorge.gonzalez138@correo.mx,4950,AMEX,1373.15,MXN,APROBADA,BANDA,N
TRX0003374,2026-05-18 07:29:46,Super Nortenio,supermercado,Monterrey,TPV03-MON,Rocio Ramirez,rocio.ramirez12@correo.mx,2195,MASTERCARD,3165.78,MXN,REVERSADA,CHIP,N
TRX0003375,2026-06-05 19:31:29,BOUTIQUE IRIS,ropa,Ciudad de Mexico,TPV01-CIU,Jorge Gonzalez,jorge.gonzalez138@correo.mx,4950,AMEX,2413.98,MXN,APROBADA,CHIP,N
TRX0003376,2026-06-24 14:06:53,CAFE AURORA,Restaurante,Guadalajara,TPV04-GUA,Miguel Cortes,miguel.cortes97@correo.mx,9422,MASTERCARD,176.62,MXN,APROBADA,CONTACTLESS,N
TRX0003377,2026-01-17 21:50:46,Cafe Aurora,restaurante,Guadalajara,TPV02-GUA,Elena Cortes,elena.cortes68@correo.mx,5599,AMEX,389.59,MXN,APROBADA,MANUAL,N
TRX0003378,2026-01-26 08:13:31,Electro Maya,ELECTRO,Merida,TPV01-MER,Miguel Nunez,miguel.nunez82@correo.mx,8132,AMEX,19901.95,MXN,APROBADA,CONTACTLESS,N
TRX0003379,2026-04-05 20:07:25,Boutique Iris,ropa,Ciudad de Mexico,TPV01-CIU,Sofia Nunez,sofia.nunez134@correo.mx,8835,VISA,5431.36,MXN,RECHAZADA,MANUAL,N
TRX0003380,2026-04-02 09:41:55,Boutique Iris,Ropa,Ciudad de Mexico,TPV01-CIU,Lucia Zamora,lucia.zamora108@correo.mx,3262,MASTERCARD,4230.91,MXN,APROBADA,BANDA,N
TRX0003381,2026-01-07 15:23:18,FARMACIA DEL SOL,FARM,Ciudad de Mexico,TPV01-CIU,Jorge Delgado,jorge.delgado66@correo.mx,7754,VISA,583.43,MXN,APROBADA,MANUAL,N
TRX0003382,2026-02-02 10:51:48,Super Nortenio,SUPER,Monterrey,TPV04-MON,Elena Cortes,elena.cortes68@correo.mx,5599,AMEX,1420.72,MXN,APROBADA,CHIP,N
TRX0003383,2026-03-02 12:21:50,Super Norteno,SUPER,Monterrey,TPV01-MON,Jorge Delgado,jorge.delgado66@correo.mx,7754,VISA,2025.77,MXN,APROBADA,QR,N
TRX0003384,2026-02-22 10:03:29,Farmacia del Sol ,farmacia,Ciudad de Mexico,TPV01-CIU,Hector Mendoza,hector.mendoza10@correo.mx,6846,VISA,203.6,MXN,APROBADA,QR,N
TRX0003385,2026-06-24 07:51:14,Super Nortenio,supermercado,Monterrey,TPV03-MON,Jorge Rivas,jorge.rivas128@correo.mx,7387,MASTERCARD,1771.58,MXN,APROBADA,BANDA,N
TRX0003386,2026-03-22 08:37:54,FARMACIA DEL SOL,Farmacia,Ciudad de Mexico,TPV02-CIU,Fernando Zamora,fernando.zamora156@correo.mx,3541,MASTERCARD,591.79,MXN,APROBADA,MANUAL,N
TRX0003387,2026-04-20 18:11:14,FARMACIA DEL SOL,farmacia,Ciudad de Mexico,TPV02-CIU,Raul Vargas,raul.vargas106@correo.mx,1214,AMEX,473.61,MXN,APROBADA,MANUAL,N
TRX0003388,2026-03-29 18:22:28,Super Norteno,supermercado,Monterrey,TPV01-MON,Raul Vargas,raul.vargas135@correo.mx,8290,AMEX,2082.92,MXN,APROBADA,CHIP,S
TRX0003389,2026-03-15 13:15:15,Farmacia del Sol,farmacia,Ciudad de Mexico,TPV04-CIU,Ivan Nunez,ivan.nunez88@correo.mx,1309,MASTERCARD,261.43,MXN,APROBADA,CONTACTLESS,N
TRX0003390,2026-01-24 21:23:26,Farmacia del Sol,FARM,Ciudad de Mexico,TPV04-CIU,Miguel Herrera,miguel.herrera166@correo.mx,4697,AMEX,244.16,MXN,APROBADA,MANUAL,N
TRX0003391,2026-06-19 11:01:54,Super Nortenio,SUPER,Monterrey,TPV02-MON,Elena Ramirez,elena.ramirez144@correo.mx,3433,VISA,787.08,MXN,APROBADA,BANDA,N
TRX0003392,2026-03-04 13:56:07,CAFE AURORA,restaurante,Guadalajara,TPV03-GUA,Fernando Cortes,fernando.cortes170@correo.mx,6842,AMEX,226.04,MXN,APROBADA,QR,N
TRX0003393,2026-02-22 06:03:36,SUPER NORTENO,Supermercado,Monterrey,TPV03-MON,Teresa Rivas,teresa.rivas25@correo.mx,6114,AMEX,1753.88,MXN,RECHAZADA,MANUAL,N
TRX0003394,2026-04-22 18:25:50,Super Norteno,Supermercado,Monterrey,TPV02-MON,Patricia Delgado,patricia.delgado167@correo.mx,8972,VISA,1657.21,MXN,RECHAZADA,CONTACTLESS,N
TRX0003395,2026-05-12 06:48:24,Cafe Aurora,restaurante,Guadalajara,TPV04-GUA,Raul Mendoza,raul.mendoza90@correo.mx,1177,AMEX,76.61,MXN,APROBADA,CHIP,N
TRX0003396,2026-03-25 08:38:27,Farmacia del Sol ,Farmacia,Ciudad de Mexico,TPV02-CIU,Fernando Nunez,fernando.nunez145@correo.mx,5858,AMEX,808.11,MXN,APROBADA,MANUAL,N
TRX0003397,2026-06-13 21:50:36,GASOLINERA KM 12,combustible,Puebla,TPV04-PUE,Fernando Gonzalez,fernando.gonzalez14@correo.mx,4950,MASTERCARD,1784.8,MXN,APROBADA,QR,N
TRX0003398,2026-04-30 11:51:09,Farmacia del Sol,farmacia,Ciudad de Mexico,TPV04-CIU,Fernando Nunez,fernando.nunez145@correo.mx,8489,AMEX,869.8,MXN,APROBADA,BANDA,N
TRX0003399,2026-03-17 13:00:11,Boutique  Iris,Ropa,Ciudad de Mexico,TPV01-CIU,Hector Herrera,hector.herrera34@correo.mx,9193,VISA,1130.45,MXN,APROBADA,CONTACTLESS,N
TRX0003400,2026-01-20 18:38:15,Gasolinera Km 12,combustible,Puebla,TPV04-PUE,Ivan Nunez,ivan.nunez88@correo.mx,1309,MASTERCARD,340.78,MXN,APROBADA,MANUAL,N
TRX0003401,2026-03-23 21:54:24,FARMACIA DEL SOL,Farmacia,Ciudad de Mexico,TPV04-CIU,Carmen Herrera,carmen.herrera176@correo.mx,1605,VISA,269.63,MXN,REVERSADA,BANDA,N
TRX0003402,2026-05-09 11:06:24,Super Nortenio,SUPER,Monterrey,TPV03-MON,Ana Delgado,ana.delgado171@correo.mx,8676,MASTERCARD,233.24,MXN,APROBADA,CONTACTLESS,N
TRX0003403,2026-01-28 19:14:11,Super Nortenio,Supermercado,Monterrey,TPV03-MON,Carmen Mendoza,carmen.mendoza95@correo.mx,6566,AMEX,3188.84,MXN,APROBADA,QR,N
TRX0003404,2026-04-30 07:25:07,Farmacia del Sol,Farmacia,Ciudad de Mexico,TPV03-CIU,Miguel Nunez,miguel.nunez82@correo.mx,8132,AMEX,438.23,MXN,APROBADA,CHIP,N
TRX0003405,2026-06-18 16:43:44,Super Nortenio,supermercado,Monterrey,TPV03-MON,Rocio Cortes,rocio.cortes103@correo.mx,8270,VISA,1751.69,MXN,APROBADA,BANDA,N
TRX0003406,2026-05-23 10:12:10,FARMACIA DEL SOL,FARM,Ciudad de Mexico,TPV02-CIU,Elena Ramirez,elena.ramirez144@correo.mx,8187,MASTERCARD,297.02,MXN,REVERSADA,QR,N
TRX0003407,2026-06-02 19:40:48,Super Norteno,supermercado,Monterrey,TPV01-MON,Fernando Herrera,fernando.herrera177@correo.mx,7418,VISA,2074.66,MXN,APROBADA,QR,N
TRX0003408,2026-01-20 21:48:38,Farmacia del Sol ,Farmacia,Ciudad de Mexico,TPV02-CIU,Sofia Cortes,sofia.cortes153@correo.mx,1495,AMEX,757.57,MXN,APROBADA,CONTACTLESS,N
TRX0003409,2026-02-18 08:44:59,Boutique  Iris,ropa,Ciudad de Mexico,TPV04-CIU,Elena Trejo,elena.trejo113@correo.mx,4568,MASTERCARD,5561.37,MXN,RECHAZADA,CONTACTLESS,N
TRX0003410,2026-02-10 06:29:39,Super Norteno,supermercado,Monterrey,TPV03-MON,Raul Rivas,raul.rivas123@correo.mx,5837,MASTERCARD,1550.87,MXN,APROBADA,MANUAL,N
TRX0003411,2026-02-01 13:56:22,FARMACIA DEL SOL,FARM,Ciudad de Mexico,TPV01-CIU,Teresa Mendoza,teresa.mendoza159@correo.mx,6739,VISA,806.01,MXN,APROBADA,CHIP,N
TRX0003412,2026-03-16 17:18:50,Super Norteno,supermercado,Monterrey,TPV02-MON,Elena Ramirez,elena.ramirez8@correo.mx,3648,MASTERCARD,2883.65,MXN,APROBADA,CONTACTLESS,N
TRX0003413,2026-04-04 08:16:02,CAFE AURORA,restaurante,Guadalajara,TPV01-GUA,Hector Rivas,hector.rivas50@correo.mx,8897,MASTERCARD,362.83,MXN,APROBADA,QR,N
TRX0003414,2026-02-16 17:48:56,Farmacia del Sol ,Farmacia,Ciudad de Mexico,TPV02-CIU,Ana Rivas,ana.rivas117@correo.mx,2975,MASTERCARD,797.38,MXN,APROBADA,CHIP,N
TRX0003415,2026-03-24 18:36:47,Super Nortenio,supermercado,Monterrey,TPV04-MON,Miguel Delgado,miguel.delgado23@correo.mx,3807,VISA,3145.62,MXN,APROBADA,CONTACTLESS,N
TRX0003416,2026-06-07 13:56:18,Boutique  Iris,ropa,Ciudad de Mexico,TPV01-CIU,Fernando Nunez,fernando.nunez145@correo.mx,5858,AMEX,2417.23,MXN,APROBADA,QR,N
TRX0003417,2026-04-22 14:18:56,Boutique  Iris,ropa,Ciudad de Mexico,TPV04-CIU,Carmen Nunez,carmen.nunez31@correo.mx,2556,AMEX,2801.33,MXN,APROBADA,QR,N
TRX0003418,2026-01-05 10:55:33,Super Nortenio,SUPER,Monterrey,TPV03-MON,Ivan Trejo,ivan.trejo180@correo.mx,8045,MASTERCARD,2514.86,MXN,APROBADA,QR,N
TRX0003419,2026-04-26 20:55:04,Super Norteno,SUPER,Monterrey,TPV01-MON,Elena Zamora,elena.zamora16@correo.mx,2698,VISA,2652.56,MXN,APROBADA,CHIP,N
TRX0003420,2026-05-31 11:08:44,Super Nortenio,Supermercado,Monterrey,TPV01-MON,Lucia Herrera,lucia.herrera155@correo.mx,9599,MASTERCARD,1578.89,MXN,APROBADA,MANUAL,N
TRX0003421,2026-06-09 13:05:31,VIAJES ALTAMAR,viajes,Cancun,TPV03-CAN,Luis Salazar,luis.salazar75@correo.mx,4376,MASTERCARD,14978.48,MXN,APROBADA,MANUAL,N
TRX0003422,2026-05-21 17:17:25,Super Norteno,supermercado,Monterrey,TPV03-MON,Jorge Gonzalez,jorge.gonzalez2@correo.mx,4837,AMEX,3200.36,MXN,APROBADA,QR,N
TRX0003423,2026-04-21 07:12:09,Boutique Iris,VESTIMENTA,Ciudad de Mexico,TPV04-CIU,Lucia Trejo,lucia.trejo32@correo.mx,7972,AMEX,5076.68,MXN,APROBADA,CHIP,N
TRX0003424,2026-06-07 09:42:37,SUPER NORTENO,Supermercado,Monterrey,TPV04-MON,Raul Mendoza,raul.mendoza30@correo.mx,7314,MASTERCARD,2747.56,MXN,APROBADA,CONTACTLESS,N
TRX0003425,2026-05-30 15:04:32,Cafe Aurora,restaurante,Guadalajara,TPV02-GUA,Luis Trejo,luis.trejo1@correo.mx,4572,AMEX,83.67,MXN,APROBADA,CONTACTLESS,N
TRX0003426,2026-05-08 07:58:33,Electro Maya,Electronica,Merida,TPV03-MER,Elena Gonzalez,elena.gonzalez143@correo.mx,1660,MASTERCARD,7547.48,MXN,APROBADA,BANDA,N
TRX0003427,2026-03-06 14:30:08,FARMACIA DEL SOL,FARM,Ciudad de Mexico,TPV01-CIU,Fernando Gonzalez,fernando.gonzalez14@correo.mx,4950,MASTERCARD,837.72,MXN,APROBADA,MANUAL,N
TRX0003428,2026-01-24 15:32:41,FARMACIA DEL SOL,Farmacia,Ciudad de Mexico,TPV01-CIU,Rocio Salazar,rocio.salazar98@correo.mx,9662,VISA,312.55,MXN,APROBADA,CONTACTLESS,N
TRX0003429,2026-05-09 18:05:16,Electro Maya,ELECTRO,Merida,TPV03-MER,Raul Mendoza,raul.mendoza90@correo.mx,1177,AMEX,10659.56,MXN,REVERSADA,CHIP,N
TRX0003430,2026-05-11 13:32:05,Super Norteno,SUPER,Monterrey,TPV01-MON,Sofia Delgado,sofia.delgado119@correo.mx,1778,AMEX,247.18,MXN,APROBADA,QR,N
TRX0003431,2026-03-29 09:21:41,Boutique  Iris,Ropa,Ciudad de Mexico,TPV01-CIU,Jorge Rivas,jorge.rivas147@correo.mx,5919,MASTERCARD,407.53,MXN,APROBADA,QR,N
TRX0003432,2026-03-06 21:17:30,FARMACIA DEL SOL,farmacia,Ciudad de Mexico,TPV03-CIU,Ana Cortes,ana.cortes91@correo.mx,8806,AMEX,879.87,MXN,APROBADA,CHIP,N
TRX0003433,2026-02-24 19:08:59,Gasolinera Km 12,Combustible,Puebla,TPV02-PUE,Miguel Nunez,miguel.nunez174@correo.mx,2390,MASTERCARD,797.57,MXN,RECHAZADA,QR,N
TRX0003434,2026-05-28 12:00:15,Super Norteno,Supermercado,Monterrey,TPV03-MON,Elena Rivas,elena.rivas20@correo.mx,9752,AMEX,2954.31,MXN,APROBADA,QR,N
TRX0003435,2026-03-31 15:04:28,SUPER NORTENO,Supermercado,Monterrey,TPV02-MON,Patricia Mendoza,patricia.mendoza107@correo.mx,8089,MASTERCARD,3405.59,MXN,APROBADA,CONTACTLESS,N
TRX0003436,2026-05-05 06:14:14,BOUTIQUE IRIS,Ropa,Ciudad de Mexico,TPV01-CIU,Elena Ramirez,elena.ramirez4@correo.mx,8580,VISA,2309.77,MXN,APROBADA,MANUAL,N
TRX0003437,2026-03-21 12:49:59,Farmacia del Sol ,FARM,Ciudad de Mexico,TPV04-CIU,Ana Cortes,ana.cortes91@correo.mx,8806,AMEX,847.56,MXN,RECHAZADA,CHIP,N
TRX0003438,2026-03-20 18:12:18,SUPER NORTENO,SUPER,Monterrey,TPV01-MON,Ana Ramirez,ana.ramirez100@correo.mx,7540,MASTERCARD,1240.26,MXN,APROBADA,BANDA,N
TRX0003439,2026-01-09 09:56:07,SUPER NORTENO,supermercado,Monterrey,TPV04-MON,Lucia Delgado,lucia.delgado120@correo.mx,1162,AMEX,2520.84,MXN,APROBADA,CONTACTLESS,N
TRX0003440,2026-06-27 13:58:52,Gasolinera Km 12,Combustible,Puebla,TPV01-PUE,Rocio Ramirez,rocio.ramirez12@correo.mx,2195,MASTERCARD,1489.05,MXN,APROBADA,CHIP,N
TRX0003441,2026-02-24 10:29:59,Super Nortenio,SUPER,Monterrey,TPV03-MON,Sofia Nunez,sofia.nunez56@correo.mx,5954,AMEX,891.59,MXN,RECHAZADA,BANDA,N
TRX0003442,2026-03-03 12:10:45,Farmacia del Sol ,Farmacia,Ciudad de Mexico,TPV04-CIU,Miguel Gonzalez,miguel.gonzalez154@correo.mx,8784,AMEX,519.88,MXN,REVERSADA,CHIP,N
TRX0003443,2026-03-10 14:04:12,Farmacia del Sol ,farmacia,Ciudad de Mexico,TPV02-CIU,Miguel Herrera,miguel.herrera166@correo.mx,4697,AMEX,828.72,MXN,APROBADA,BANDA,N
TRX0003444,2026-06-07 19:01:43,SUPER NORTENO,supermercado,Monterrey,TPV01-MON,Miguel Gonzalez,miguel.gonzalez28@correo.mx,8632,VISA,2497.12,MXN,APROBADA,BANDA,N
TRX0003445,2026-01-25 11:49:31,Super Nortenio,SUPER,Monterrey,TPV01-MON,Elena Ramirez,elena.ramirez175@correo.mx,9442,MASTERCARD,2892.01,MXN,APROBADA,CHIP,N
TRX0003446,2026-05-31 16:12:01,FARMACIA DEL SOL,farmacia,Ciudad de Mexico,TPV01-CIU,Ivan Trejo,ivan.trejo180@correo.mx,8045,MASTERCARD,472.29,MXN,APROBADA,CHIP,N
TRX0003447,2026-03-22 07:38:28,GASOLINERA KM 12,combustible,Puebla,TPV03-PUE,Raul Nunez,raul.nunez70@correo.mx,2085,VISA,1022.55,MXN,APROBADA,BANDA,S
TRX0003448,2026-05-10 11:49:11,Farmacia del Sol,Farmacia,Ciudad de Mexico,TPV04-CIU,Hector Herrera,hector.herrera34@correo.mx,9193,VISA,785.83,MXN,APROBADA,MANUAL,N
TRX0003449,2026-05-25 18:02:10,BOUTIQUE IRIS,Ropa,Ciudad de Mexico,TPV03-CIU,Miguel Ramirez,miguel.ramirez132@correo.mx,5849,MASTERCARD,3372.87,MXN,APROBADA,MANUAL,S
TRX0003450,2026-04-28 20:28:16,Electro Maya,Electronica,Merida,TPV02-MER,Ana Vargas,ana.vargas60@correo.mx,5862,AMEX,15888.62,MXN,APROBADA,CHIP,N
TRX0003451,2026-04-25 09:17:07,BOUTIQUE IRIS,VESTIMENTA,Ciudad de Mexico,TPV02-CIU,Raul Delgado,raul.delgado105@correo.mx,8772,MASTERCARD,484.96,MXN,APROBADA,QR,N
TRX0003452,2026-06-14 18:51:34,Farmacia del Sol ,Farmacia,Ciudad de Mexico,TPV02-CIU,Patricia Herrera,patricia.herrera13@correo.mx,1324,VISA,855.56,MXN,REVERSADA,QR,N
TRX0003453,2026-05-17 10:48:39,Cafe Aurora,Restaurante,Guadalajara,TPV02-GUA,Hector Mendoza,hector.mendoza10@correo.mx,6846,VISA,148.46,MXN,APROBADA,CHIP,N
TRX0003454,2026-01-08 09:51:41,FARMACIA DEL SOL,farmacia,Ciudad de Mexico,TPV02-CIU,Jorge Herrera,jorge.herrera46@correo.mx,2925,AMEX,288.99,MXN,APROBADA,BANDA,N
TRX0003455,2026-06-04 06:36:41,FARMACIA DEL SOL,farmacia,Ciudad de Mexico,TPV02-CIU,Carmen Ramirez,carmen.ramirez111@correo.mx,1829,VISA,877.36,MXN,APROBADA,BANDA,N
TRX0003456,2026-05-15 21:11:48,ELECTRO MAYA,electronica,Merida,TPV03-MER,Ana Zamora,ana.zamora72@correo.mx,8476,VISA,18610.74,MXN,APROBADA,BANDA,N
TRX0003457,2026-03-09 11:14:30,CAFE AURORA,restaurante,Guadalajara,TPV02-GUA,Raul Vargas,raul.vargas22@correo.mx,8824,AMEX,247.47,MXN,APROBADA,CHIP,N
TRX0003458,2026-02-12 08:55:18,Farmacia del Sol,Farmacia,Ciudad de Mexico,TPV03-CIU,Patricia Mendoza,patricia.mendoza140@correo.mx,8731,VISA,313.38,MXN,REVERSADA,CHIP,N
TRX0003459,2026-06-22 15:58:41,Super Nortenio,SUPER,Monterrey,TPV02-MON,Carmen Cortes,carmen.cortes76@correo.mx,7986,AMEX,3139.56,MXN,APROBADA,CONTACTLESS,N
TRX0003460,2026-04-02 12:56:51,Boutique Iris,VESTIMENTA,Ciudad de Mexico,TPV04-CIU,Fernando Mendoza,fernando.mendoza109@correo.mx,1447,AMEX,2815.76,MXN,REVERSADA,CONTACTLESS,N
TRX0003461,2026-05-24 10:26:21,Farmacia del Sol ,Farmacia,Ciudad de Mexico,TPV03-CIU,Ivan Gonzalez,ivan.gonzalez163@correo.mx,9280,MASTERCARD,457.19,MXN,APROBADA,CHIP,N
TRX0003462,2026-06-27 14:19:10,ELECTRO MAYA,Electronica,Merida,TPV04-MER,Sofia Vargas,sofia.vargas19@correo.mx,1099,MASTERCARD,23861.67,MXN,APROBADA,MANUAL,N
TRX0003463,2026-04-07 07:39:14,Super Norteno,SUPER,Monterrey,TPV04-MON,Carmen Ramirez,carmen.ramirez111@correo.mx,1829,VISA,3143.04,MXN,APROBADA,BANDA,N
TRX0003464,2026-04-28 10:10:49,BOUTIQUE IRIS,ropa,Ciudad de Mexico,TPV01-CIU,Hector Mendoza,hector.mendoza10@correo.mx,6846,VISA,4447.8,MXN,APROBADA,MANUAL,N
TRX0003465,2026-04-29 13:19:19,BOUTIQUE IRIS,ropa,Ciudad de Mexico,TPV03-CIU,Fernando Zamora,fernando.zamora156@correo.mx,3541,MASTERCARD,4679.69,MXN,APROBADA,CONTACTLESS,N
TRX0003466,2026-06-14 13:46:24,Viajes Altamar,Viajes,Cancun,TPV02-CAN,Elena Zamora,elena.zamora151@correo.mx,7344,AMEX,28326.47,MXN,APROBADA,MANUAL,N
TRX0003467,2026-01-28 06:55:45,Cafe Aurora,restaurante,Guadalajara,TPV02-GUA,Sofia Rivas,sofia.rivas93@correo.mx,4177,VISA,406.78,MXN,APROBADA,CHIP,N
TRX0003468,2026-05-22 11:47:12,FARMACIA DEL SOL,FARM,Ciudad de Mexico,TPV01-CIU,Miguel Gonzalez,miguel.gonzalez154@correo.mx,1692,MASTERCARD,800.91,MXN,RECHAZADA,BANDA,N
TRX0003469,2026-05-07 09:27:30,VIAJES ALTAMAR,viajes,Cancun,TPV01-CAN,Ana Vargas,ana.vargas44@correo.mx,1097,AMEX,31616.1,MXN,RECHAZADA,BANDA,N
TRX0003470,2026-01-27 06:31:45,Farmacia del Sol,Farmacia,Ciudad de Mexico,TPV01-CIU,Jorge Nunez,jorge.nunez121@correo.mx,3221,AMEX,162.08,MXN,APROBADA,BANDA,N
TRX0003471,2026-04-25 14:49:08,Super Norteno,SUPER,Monterrey,TPV02-MON,Jorge Gonzalez,jorge.gonzalez2@correo.mx,4837,AMEX,984.45,MXN,APROBADA,CONTACTLESS,N
TRX0003472,2026-02-02 13:35:36,Super Nortenio,Supermercado,Monterrey,TPV02-MON,Lucia Gonzalez,lucia.gonzalez96@correo.mx,7074,VISA,3201.77,MXN,APROBADA,MANUAL,N
TRX0003473,2026-02-07 08:25:22,Gasolinera Km 12,Combustible,Puebla,TPV04-PUE,Teresa Rivas,teresa.rivas25@correo.mx,6114,AMEX,1427.75,MXN,RECHAZADA,CONTACTLESS,N
TRX0003474,2026-01-01 15:18:17,Super Norteno,supermercado,Monterrey,TPV02-MON,Jorge Rivas,jorge.rivas128@correo.mx,7387,MASTERCARD,1480.35,MXN,REVERSADA,BANDA,N
TRX0003475,2026-02-27 15:18:24,FARMACIA DEL SOL,farmacia,Ciudad de Mexico,TPV01-CIU,Ana Salazar,ana.salazar102@correo.mx,3316,AMEX,705.34,MXN,REVERSADA,BANDA,N
TRX0003476,2026-03-28 11:01:51,Super Norteno,supermercado,Monterrey,TPV04-MON,Elena Rivas,elena.rivas20@correo.mx,9752,AMEX,3261.95,MXN,APROBADA,BANDA,N
TRX0003477,2026-06-08 09:09:29,Farmacia del Sol,farmacia,Ciudad de Mexico,TPV03-CIU,Lucia Gonzalez,lucia.gonzalez54@correo.mx,2892,AMEX,562.45,MXN,APROBADA,CONTACTLESS,N
TRX0003478,2026-05-02 17:28:16,Farmacia del Sol ,FARM,Ciudad de Mexico,TPV04-CIU,Jorge Delgado,jorge.delgado66@correo.mx,7754,VISA,818.04,MXN,APROBADA,QR,N
TRX0003479,2026-05-20 06:43:42,Gasolinera Km 12,combustible,Puebla,TPV02-PUE,Hector Rivas,hector.rivas50@correo.mx,8897,MASTERCARD,1036.92,MXN,APROBADA,BANDA,N
TRX0003480,2026-03-15 11:13:18,GASOLINERA KM 12,combustible,Puebla,TPV04-PUE,Carmen Mendoza,carmen.mendoza95@correo.mx,6566,AMEX,1569.71,MXN,APROBADA,QR,N
TRX0003481,2026-01-06 15:16:48,FARMACIA DEL SOL,FARM,Ciudad de Mexico,TPV03-CIU,Sofia Salazar,sofia.salazar146@correo.mx,4742,VISA,583.86,MXN,APROBADA,CONTACTLESS,N
TRX0003482,2026-02-01 10:19:52,Gasolinera Km 12,combustible,Puebla,TPV02-PUE,Ivan Nunez,ivan.nunez88@correo.mx,1309,MASTERCARD,428.43,MXN,REVERSADA,QR,N
TRX0003483,2026-03-26 16:33:04,GASOLINERA KM 12,combustible,Puebla,TPV01-PUE,Fernando Zamora,fernando.zamora156@correo.mx,3541,MASTERCARD,1409.91,MXN,APROBADA,CONTACTLESS,N
TRX0003484,2026-06-02 09:37:51,Boutique  Iris,VESTIMENTA,Ciudad de Mexico,TPV02-CIU,Patricia Rivas,patricia.rivas157@correo.mx,8006,VISA,3809.89,MXN,APROBADA,BANDA,N
TRX0003485,2026-05-26 15:41:52,CAFE AURORA,restaurante,Guadalajara,TPV02-GUA,Miguel Cortes,miguel.cortes97@correo.mx,9422,MASTERCARD,293.04,MXN,APROBADA,BANDA,N
TRX0003486,2026-03-02 09:00:06,Farmacia del Sol ,Farmacia,Ciudad de Mexico,TPV02-CIU,Ana Trejo,ana.trejo51@correo.mx,9690,MASTERCARD,869.85,MXN,APROBADA,MANUAL,N
TRX0003487,2026-01-01 16:30:26,Super Norteno,Supermercado,Monterrey,TPV01-MON,Raul Vargas,raul.vargas37@correo.mx,5573,AMEX,1165.08,MXN,APROBADA,QR,N
TRX0003488,2026-04-28 11:17:17,SUPER NORTENO,supermercado,Monterrey,TPV04-MON,Elena Zamora,elena.zamora151@correo.mx,7344,AMEX,1709.64,MXN,APROBADA,CONTACTLESS,N
TRX0003489,2026-01-19 11:54:44,Cafe Aurora,restaurante,Guadalajara,TPV04-GUA,Raul Cortes,raul.cortes116@correo.mx,1792,MASTERCARD,470.75,MXN,REVERSADA,CONTACTLESS,N
TRX0003490,2026-06-14 21:43:06,Gasolinera Km 12,combustible,Puebla,TPV01-PUE,Raul Mendoza,raul.mendoza30@correo.mx,7314,MASTERCARD,1239.0,MXN,APROBADA,QR,N
TRX0003491,2026-06-13 06:54:29,Farmacia del Sol ,Farmacia,Ciudad de Mexico,TPV01-CIU,Elena Trejo,elena.trejo113@correo.mx,4568,MASTERCARD,295.23,MXN,APROBADA,CONTACTLESS,N
TRX0003492,2026-01-03 11:48:29,GASOLINERA KM 12,Combustible,Puebla,TPV01-PUE,Fernando Mendoza,fernando.mendoza57@correo.mx,6879,AMEX,333.56,MXN,APROBADA,CHIP,N
TRX0003493,2026-02-01 19:33:42,Boutique  Iris,Ropa,Ciudad de Mexico,TPV02-CIU,Miguel Delgado,miguel.delgado23@correo.mx,3807,VISA,3849.71,MXN,APROBADA,QR,N
TRX0003494,2026-03-21 07:56:32,Cafe Aurora,Restaurante,Guadalajara,TPV02-GUA,Raul Herrera,raul.herrera110@correo.mx,7010,VISA,466.85,MXN,APROBADA,BANDA,N
TRX0003495,2026-02-14 08:13:58,Cafe Aurora,Restaurante,Guadalajara,TPV02-GUA,Jorge Nunez,jorge.nunez29@correo.mx,5067,AMEX,348.24,MXN,REVERSADA,MANUAL,N
TRX0003496,2026-01-30 10:35:53,GASOLINERA KM 12,Combustible,Puebla,TPV02-PUE,Sofia Delgado,sofia.delgado119@correo.mx,1778,AMEX,726.35,MXN,APROBADA,QR,N
TRX0003497,2026-06-18 13:51:31,Super Nortenio,Supermercado,Monterrey,TPV04-MON,Teresa Salazar,teresa.salazar118@correo.mx,4699,VISA,3395.86,MXN,RECHAZADA,CONTACTLESS,N
TRX0003498,2026-03-29 19:24:37,CAFE AURORA,restaurante,Guadalajara,TPV03-GUA,Elena Gonzalez,elena.gonzalez143@correo.mx,1660,MASTERCARD,326.33,MXN,APROBADA,MANUAL,N
TRX0003499,2026-06-14 21:05:21,Super Norteno,SUPER,Monterrey,TPV04-MON,Sofia Nunez,sofia.nunez56@correo.mx,5954,AMEX,1275.74,MXN,REVERSADA,BANDA,N
TRX0003500,2026-03-25 20:33:41,Super Norteno,supermercado,Monterrey,TPV02-MON,Carmen Gonzalez,carmen.gonzalez129@correo.mx,1346,MASTERCARD,3081.31,MXN,APROBADA,QR,N
TRX0003501,2026-03-25 11:58:55,GASOLINERA KM 12,Combustible,Puebla,TPV03-PUE,Rocio Salazar,rocio.salazar98@correo.mx,9662,VISA,734.81,MXN,APROBADA,CONTACTLESS,N
TRX0003502,2026-03-17 09:09:23,FARMACIA DEL SOL,farmacia,Ciudad de Mexico,TPV02-CIU,Lucia Herrera,lucia.herrera11@correo.mx,1104,VISA,748.19,MXN,REVERSADA,QR,N
TRX0003503,2026-03-28 06:39:20,Farmacia del Sol,Farmacia,Ciudad de Mexico,TPV04-CIU,Fernando Mendoza,fernando.mendoza109@correo.mx,1447,AMEX,372.26,MXN,RECHAZADA,BANDA,N
TRX0003504,2026-06-04 19:54:45,Cafe Aurora,Restaurante,Guadalajara,TPV02-GUA,Patricia Salazar,patricia.salazar69@correo.mx,4268,MASTERCARD,353.27,MXN,APROBADA,MANUAL,N
TRX0003505,2026-06-14 16:13:31,Electro Maya,ELECTRO,Merida,TPV02-MER,Lucia Gonzalez,lucia.gonzalez54@correo.mx,2892,AMEX,5550.87,MXN,RECHAZADA,QR,N
TRX0003506,2026-02-20 08:04:57,Super Norteno,supermercado,Monterrey,TPV04-MON,Raul Cortes,raul.cortes116@correo.mx,1792,MASTERCARD,3271.0,MXN,APROBADA,CHIP,N
TRX0003507,2026-01-18 21:11:11,Super Norteno,supermercado,Monterrey,TPV04-MON,Jorge Vargas,jorge.vargas86@correo.mx,5040,MASTERCARD,1357.82,MXN,APROBADA,QR,N
TRX0003508,2026-05-11 10:05:34,Super Norteno,Supermercado,Monterrey,TPV01-MON,Rocio Nunez,rocio.nunez173@correo.mx,4285,MASTERCARD,3202.02,MXN,APROBADA,CHIP,N
TRX0003509,2026-05-14 15:47:44,Gasolinera Km 12,combustible,Puebla,TPV04-PUE,Raul Rivas,raul.rivas114@correo.mx,9720,MASTERCARD,399.77,MXN,APROBADA,MANUAL,N
TRX0003510,2026-04-17 20:05:41,Gasolinera Km 12,Combustible,Puebla,TPV03-PUE,Ana Nunez,ana.nunez17@correo.mx,9063,VISA,478.41,MXN,APROBADA,MANUAL,N
TRX0003511,2026-01-31 13:54:26,Super Nortenio,SUPER,Monterrey,TPV03-MON,Sofia Cortes,sofia.cortes153@correo.mx,1495,AMEX,492.39,MXN,APROBADA,CONTACTLESS,N
TRX0003512,2026-01-14 09:28:16,CAFE AURORA,Restaurante,Guadalajara,TPV03-GUA,Sofia Vargas,sofia.vargas19@correo.mx,1099,MASTERCARD,227.67,MXN,APROBADA,CHIP,N
TRX0003513,2026-03-24 20:39:13,Cafe Aurora,Restaurante,Guadalajara,TPV02-GUA,Carmen Rivas,carmen.rivas139@correo.mx,4822,AMEX,61.35,MXN,APROBADA,QR,N
TRX0003514,2026-06-23 21:46:19,CAFE AURORA,Restaurante,Guadalajara,TPV03-GUA,Rocio Vargas,rocio.vargas62@correo.mx,4939,MASTERCARD,313.05,MXN,APROBADA,CONTACTLESS,N
TRX0003515,2026-03-09 19:26:27,FARMACIA DEL SOL,Farmacia,Ciudad de Mexico,TPV04-CIU,Ivan Delgado,ivan.delgado162@correo.mx,2492,AMEX,740.31,MXN,APROBADA,BANDA,N
TRX0003516,2026-06-17 12:02:51,FARMACIA DEL SOL,FARM,Ciudad de Mexico,TPV03-CIU,Lucia Herrera,lucia.herrera11@correo.mx,1104,VISA,663.42,MXN,APROBADA,BANDA,N
TRX0003517,2026-05-16 12:12:19,SUPER NORTENO,supermercado,Monterrey,TPV01-MON,Lucia Ramirez,lucia.ramirez43@correo.mx,2509,VISA,3336.22,MXN,APROBADA,CHIP,N
TRX0003518,2026-04-12 12:10:57,Super Nortenio,supermercado,Monterrey,TPV01-MON,Sofia Salazar,sofia.salazar146@correo.mx,4742,VISA,2051.86,MXN,APROBADA,BANDA,N
TRX0003519,2026-04-02 15:53:52,Farmacia del Sol,Farmacia,Ciudad de Mexico,TPV04-CIU,Fernando Salazar,fernando.salazar63@correo.mx,5089,MASTERCARD,605.43,MXN,APROBADA,BANDA,N
TRX0003520,2026-01-23 08:25:09,Boutique  Iris,Ropa,Ciudad de Mexico,TPV01-CIU,Raul Mendoza,raul.mendoza90@correo.mx,1177,AMEX,730.13,MXN,APROBADA,CHIP,N
TRX0003521,2026-03-23 13:47:44,FARMACIA DEL SOL,farmacia,Ciudad de Mexico,TPV03-CIU,Lucia Trejo,lucia.trejo32@correo.mx,7972,AMEX,309.41,MXN,APROBADA,QR,N
TRX0003522,2026-05-23 21:24:40,Boutique  Iris,Ropa,Ciudad de Mexico,TPV01-CIU,Ana Mendoza,ana.mendoza27@correo.mx,6032,AMEX,2093.38,MXN,APROBADA,CHIP,N
TRX0003523,2026-06-23 08:32:54,SUPER NORTENO,SUPER,Monterrey,TPV04-MON,Ana Delgado,ana.delgado171@correo.mx,1786,AMEX,2867.61,MXN,APROBADA,BANDA,N
TRX0003524,2026-05-26 08:52:50,BOUTIQUE IRIS,VESTIMENTA,Ciudad de Mexico,TPV01-CIU,Sofia Salazar,sofia.salazar146@correo.mx,4742,VISA,5554.7,MXN,REVERSADA,MANUAL,N
TRX0003525,2026-04-02 15:44:02,Farmacia del Sol ,farmacia,Ciudad de Mexico,TPV01-CIU,Ana Ramirez,ana.ramirez100@correo.mx,7540,MASTERCARD,310.12,MXN,APROBADA,BANDA,N
TRX0003526,2026-06-14 16:08:32,Cafe Aurora,restaurante,Guadalajara,TPV01-GUA,Luis Ramirez,luis.ramirez58@correo.mx,8936,MASTERCARD,233.46,MXN,APROBADA,MANUAL,N
TRX0003527,2026-05-17 19:38:25,FARMACIA DEL SOL,farmacia,Ciudad de Mexico,TPV03-CIU,Hector Delgado,hector.delgado137@correo.mx,3321,AMEX,177.52,MXN,APROBADA,QR,N
TRX0003528,2026-04-08 21:37:44,Super Norteno,SUPER,Monterrey,TPV02-MON,Elena Ramirez,elena.ramirez4@correo.mx,8580,VISA,2211.59,MXN,REVERSADA,MANUAL,N
TRX0003529,2026-05-24 10:43:24,SUPER NORTENO,supermercado,Monterrey,TPV02-MON,Lucia Gonzalez,lucia.gonzalez54@correo.mx,2892,AMEX,3166.79,MXN,REVERSADA,BANDA,N
TRX0003530,2026-06-24 17:37:55,Gasolinera Km 12,combustible,Puebla,TPV03-PUE,Ana Delgado,ana.delgado171@correo.mx,1786,AMEX,576.96,MXN,APROBADA,CHIP,N
TRX0003531,2026-05-05 17:38:13,FARMACIA DEL SOL,FARM,Ciudad de Mexico,TPV04-CIU,Ana Rivas,ana.rivas117@correo.mx,2975,MASTERCARD,315.3,MXN,APROBADA,MANUAL,N
TRX0003532,2026-01-01 06:29:28,Farmacia del Sol ,FARM,Ciudad de Mexico,TPV03-CIU,Ivan Delgado,ivan.delgado162@correo.mx,2492,AMEX,423.77,MXN,APROBADA,CONTACTLESS,N
TRX0003533,2026-03-24 11:55:07,Super Nortenio,supermercado,Monterrey,TPV02-MON,Elena Trejo,elena.trejo113@correo.mx,8853,VISA,843.78,MXN,APROBADA,MANUAL,N
TRX0003534,2026-06-03 14:48:44,CAFE AURORA,restaurante,Guadalajara,TPV02-GUA,Miguel Gonzalez,miguel.gonzalez28@correo.mx,8632,VISA,396.15,MXN,APROBADA,BANDA,N
TRX0003535,2026-05-25 12:19:41,FARMACIA DEL SOL,Farmacia,Ciudad de Mexico,TPV01-CIU,Raul Delgado,raul.delgado105@correo.mx,6357,VISA,195.01,MXN,APROBADA,MANUAL,N
TRX0003536,2026-02-01 06:26:37,Farmacia del Sol ,farmacia,Ciudad de Mexico,TPV04-CIU,Ana Rivas,ana.rivas117@correo.mx,2975,MASTERCARD,762.92,MXN,APROBADA,CHIP,N
TRX0003537,2026-01-25 14:05:03,Super Norteno,Supermercado,Monterrey,TPV04-MON,Rocio Zamora,rocio.zamora85@correo.mx,2544,AMEX,494.2,MXN,APROBADA,CHIP,N
TRX0003538,2026-01-10 18:23:34,Super Norteno,Supermercado,Monterrey,TPV04-MON,Rocio Zamora,rocio.zamora104@correo.mx,6783,MASTERCARD,3097.77,MXN,APROBADA,CONTACTLESS,N
TRX0003539,2026-01-27 19:51:05,Boutique Iris,VESTIMENTA,Ciudad de Mexico,TPV04-CIU,Hector Nunez,hector.nunez38@correo.mx,3109,AMEX,4023.54,MXN,RECHAZADA,CONTACTLESS,N
TRX0003540,2026-05-26 12:20:22,FARMACIA DEL SOL,Farmacia,Ciudad de Mexico,TPV01-CIU,Hector Delgado,hector.delgado49@correo.mx,4702,VISA,820.36,MXN,APROBADA,MANUAL,N
TRX0003541,2026-04-03 06:31:37,CAFE AURORA,Restaurante,Guadalajara,TPV01-GUA,Patricia Nunez,patricia.nunez52@correo.mx,8415,VISA,319.58,MXN,APROBADA,CHIP,N
TRX0003542,2026-06-11 14:22:21,ELECTRO MAYA,Electronica,Merida,TPV04-MER,Hector Trejo,hector.trejo101@correo.mx,6533,MASTERCARD,6616.01,MXN,APROBADA,MANUAL,N
TRX0003543,2026-06-23 11:47:58,Super Norteno,supermercado,Monterrey,TPV02-MON,Jorge Gonzalez,jorge.gonzalez2@correo.mx,4837,AMEX,3299.03,MXN,APROBADA,CONTACTLESS,N
TRX0003544,2026-05-30 08:53:50,Electro Maya,electronica,Merida,TPV04-MER,Rocio Ramirez,rocio.ramirez12@correo.mx,2195,MASTERCARD,18134.91,MXN,APROBADA,CHIP,N
TRX0003545,2026-02-04 16:06:17,Boutique  Iris,VESTIMENTA,Ciudad de Mexico,TPV03-CIU,Raul Vargas,raul.vargas135@correo.mx,8290,AMEX,4708.32,MXN,APROBADA,CHIP,N
TRX0003546,2026-01-16 06:22:20,Gasolinera Km 12,Combustible,Puebla,TPV01-PUE,Sofia Salazar,sofia.salazar146@correo.mx,4742,VISA,746.28,MXN,APROBADA,BANDA,N
TRX0003547,2026-04-29 15:05:10,Gasolinera Km 12,combustible,Puebla,TPV03-PUE,Rocio Salazar,rocio.salazar15@correo.mx,4224,MASTERCARD,912.54,MXN,APROBADA,CONTACTLESS,S
TRX0003548,2026-05-29 08:00:12,Farmacia del Sol,Farmacia,Ciudad de Mexico,TPV04-CIU,Jorge Herrera,jorge.herrera46@correo.mx,2925,AMEX,555.59,MXN,RECHAZADA,BANDA,N
TRX0003549,2026-03-03 15:48:30,Super Norteno,Supermercado,Monterrey,TPV01-MON,Sofia Nunez,sofia.nunez134@correo.mx,9193,AMEX,2401.4,MXN,APROBADA,BANDA,N
TRX0003550,2026-06-24 18:07:09,CAFE AURORA,Restaurante,Guadalajara,TPV01-GUA,Raul Vargas,raul.vargas106@correo.mx,1214,AMEX,69.67,MXN,APROBADA,CHIP,N
TRX0003551,2026-04-06 07:41:06,Farmacia del Sol,Farmacia,Ciudad de Mexico,TPV02-CIU,Miguel Ramirez,miguel.ramirez132@correo.mx,5849,MASTERCARD,172.19,MXN,APROBADA,CONTACTLESS,N
TRX0003552,2026-06-15 11:43:14,GASOLINERA KM 12,combustible,Puebla,TPV03-PUE,Sofia Nunez,sofia.nunez56@correo.mx,5954,AMEX,1017.64,MXN,APROBADA,CHIP,N
TRX0003553,2026-05-03 19:52:26,Cafe Aurora,Restaurante,Guadalajara,TPV02-GUA,Ana Nunez,ana.nunez17@correo.mx,9063,VISA,119.72,MXN,RECHAZADA,BANDA,N
TRX0003554,2026-05-01 18:20:19,CAFE AURORA,Restaurante,Guadalajara,TPV01-GUA,Ivan Gonzalez,ivan.gonzalez163@correo.mx,9280,MASTERCARD,346.27,MXN,APROBADA,CONTACTLESS,N
TRX0003555,2026-04-05 21:17:56,SUPER NORTENO,supermercado,Monterrey,TPV03-MON,Teresa Rivas,teresa.rivas25@correo.mx,6114,AMEX,3072.72,MXN,APROBADA,CONTACTLESS,N
TRX0003556,2026-04-02 07:07:14,Farmacia del Sol,FARM,Ciudad de Mexico,TPV01-CIU,Fernando Herrera,fernando.herrera177@correo.mx,7418,VISA,668.26,MXN,APROBADA,CHIP,N
TRX0003557,2026-03-10 17:05:34,Cafe Aurora,restaurante,Guadalajara,TPV03-GUA,Rocio Vargas,rocio.vargas62@correo.mx,4939,MASTERCARD,332.57,MXN,APROBADA,QR,N
TRX0003558,2026-05-19 14:45:38,CAFE AURORA,restaurante,Guadalajara,TPV01-GUA,Miguel Gonzalez,miguel.gonzalez154@correo.mx,8784,AMEX,216.65,MXN,RECHAZADA,BANDA,N
TRX0003559,2026-01-10 10:30:33,CAFE AURORA,restaurante,Guadalajara,TPV03-GUA,Elena Rivas,elena.rivas20@correo.mx,9752,AMEX,205.23,MXN,APROBADA,MANUAL,N
TRX0003560,2026-03-11 09:12:25,Viajes Altamar,Viajes,Cancun,TPV02-CAN,Patricia Salazar,patricia.salazar69@correo.mx,4268,MASTERCARD,21891.32,MXN,APROBADA,BANDA,N
TRX0003561,2026-03-30 20:23:41,ELECTRO MAYA,Electronica,Merida,TPV02-MER,Raul Delgado,raul.delgado142@correo.mx,4207,AMEX,1139.15,MXN,APROBADA,BANDA,N
TRX0003562,2026-01-26 14:19:01,FARMACIA DEL SOL,Farmacia,Ciudad de Mexico,TPV02-CIU,Sofia Salazar,sofia.salazar146@correo.mx,4742,VISA,217.8,MXN,APROBADA,QR,N
TRX0003563,2026-04-13 17:30:09,SUPER NORTENO,SUPER,Monterrey,TPV04-MON,Raul Vargas,raul.vargas135@correo.mx,8290,AMEX,971.1,MXN,APROBADA,MANUAL,N
TRX0003564,2026-05-25 16:43:16,Farmacia del Sol,farmacia,Ciudad de Mexico,TPV03-CIU,Raul Mendoza,raul.mendoza90@correo.mx,1177,AMEX,205.82,MXN,APROBADA,CHIP,N
TRX0003565,2026-02-11 15:58:23,ELECTRO MAYA,ELECTRO,Merida,TPV04-MER,Luis Trejo,luis.trejo1@correo.mx,4572,AMEX,14970.35,MXN,APROBADA,CONTACTLESS,N
TRX0003566,2026-06-05 09:21:58,Super Norteno,SUPER,Monterrey,TPV01-MON,Ana Delgado,ana.delgado171@correo.mx,8676,MASTERCARD,2410.68,MXN,APROBADA,BANDA,N
TRX0003567,2026-02-07 17:29:26,Gasolinera Km 12,Combustible,Puebla,TPV04-PUE,Elena Ramirez,elena.ramirez4@correo.mx,8580,VISA,963.01,MXN,APROBADA,CONTACTLESS,N
TRX0003568,2026-06-10 08:30:29,Super Norteno,Supermercado,Monterrey,TPV02-MON,Jorge Delgado,jorge.delgado66@correo.mx,7754,VISA,326.08,MXN,APROBADA,CONTACTLESS,N
TRX0003569,2026-02-18 10:03:02,Super Nortenio,supermercado,Monterrey,TPV03-MON,Raul Mendoza,raul.mendoza90@correo.mx,1177,AMEX,375.16,MXN,APROBADA,BANDA,N
TRX0003570,2026-01-31 17:55:17,Boutique  Iris,VESTIMENTA,Ciudad de Mexico,TPV01-CIU,Carmen Herrera,carmen.herrera176@correo.mx,1605,VISA,5547.59,MXN,APROBADA,MANUAL,N
TRX0003571,2026-04-05 08:55:32,Super Nortenio,Supermercado,Monterrey,TPV01-MON,Patricia Cortes,patricia.cortes160@correo.mx,4485,VISA,1844.82,MXN,APROBADA,BANDA,N
TRX0003572,2026-01-02 09:22:49,FARMACIA DEL SOL,Farmacia,Ciudad de Mexico,TPV01-CIU,Sofia Cortes,sofia.cortes153@correo.mx,1495,AMEX,206.73,MXN,APROBADA,CONTACTLESS,N
TRX0003573,2026-01-27 15:31:42,Super Nortenio,Supermercado,Monterrey,TPV02-MON,Ana Mendoza,ana.mendoza27@correo.mx,5764,VISA,803.54,MXN,APROBADA,MANUAL,N
TRX0003574,2026-03-04 18:26:04,Viajes Altamar,viajes,Cancun,TPV03-CAN,Jorge Rivas,jorge.rivas147@correo.mx,5919,MASTERCARD,3904.68,MXN,APROBADA,MANUAL,N
TRX0003575,2026-04-05 20:37:32,Gasolinera Km 12,Combustible,Puebla,TPV03-PUE,Rocio Cortes,rocio.cortes103@correo.mx,8270,VISA,1354.39,MXN,APROBADA,QR,N
TRX0003576,2026-01-24 15:47:54,Farmacia del Sol ,FARM,Ciudad de Mexico,TPV02-CIU,Raul Vargas,raul.vargas22@correo.mx,8824,AMEX,390.88,MXN,APROBADA,BANDA,N
TRX0003577,2026-02-13 09:31:31,Cafe Aurora,Restaurante,Guadalajara,TPV04-GUA,Raul Mendoza,raul.mendoza90@correo.mx,1177,AMEX,418.23,MXN,APROBADA,CHIP,N
TRX0003578,2026-04-30 12:42:58,CAFE AURORA,restaurante,Guadalajara,TPV01-GUA,Rocio Nunez,rocio.nunez173@correo.mx,4285,MASTERCARD,173.14,MXN,APROBADA,CONTACTLESS,N
TRX0003579,2026-05-17 18:31:37,Super Nortenio,supermercado,Monterrey,TPV03-MON,Teresa Herrera,teresa.herrera35@correo.mx,4201,VISA,1837.58,MXN,APROBADA,BANDA,N
TRX0003580,2026-03-17 12:26:26,SUPER NORTENO,supermercado,Monterrey,TPV01-MON,Teresa Mendoza,teresa.mendoza55@correo.mx,6130,MASTERCARD,745.25,MXN,APROBADA,MANUAL,N
TRX0003581,2026-04-15 20:23:55,SUPER NORTENO,SUPER,Monterrey,TPV01-MON,Miguel Cortes,miguel.cortes97@correo.mx,9422,MASTERCARD,2908.94,MXN,APROBADA,CHIP,N
TRX0003582,2026-01-28 08:02:31,CAFE AURORA,Restaurante,Guadalajara,TPV02-GUA,Elena Rivas,elena.rivas20@correo.mx,9752,AMEX,469.25,MXN,APROBADA,CHIP,N
TRX0003583,2026-03-12 15:56:21,Boutique  Iris,ropa,Ciudad de Mexico,TPV02-CIU,Jorge Rivas,jorge.rivas147@correo.mx,5919,MASTERCARD,5465.29,MXN,RECHAZADA,CONTACTLESS,N
TRX0003584,2026-06-14 18:24:50,Viajes Altamar,Viajes,Cancun,TPV01-CAN,Elena Zamora,elena.zamora178@correo.mx,7623,AMEX,26592.01,MXN,APROBADA,MANUAL,N
TRX0003585,2026-02-21 09:53:48,Gasolinera Km 12,Combustible,Puebla,TPV03-PUE,Miguel Ramirez,miguel.ramirez132@correo.mx,5849,MASTERCARD,914.81,MXN,APROBADA,CONTACTLESS,N
TRX0003586,2026-05-09 09:24:11,Super Nortenio,SUPER,Monterrey,TPV01-MON,Patricia Mendoza,patricia.mendoza107@correo.mx,8089,MASTERCARD,1895.03,MXN,APROBADA,CONTACTLESS,N
TRX0003587,2026-02-06 06:39:30,Farmacia del Sol ,farmacia,Ciudad de Mexico,TPV04-CIU,Hector Trejo,hector.trejo101@correo.mx,6533,MASTERCARD,851.92,MXN,APROBADA,BANDA,N
TRX0003588,2026-06-12 21:55:41,Boutique  Iris,Ropa,Ciudad de Mexico,TPV04-CIU,Carmen Cortes,carmen.cortes76@correo.mx,7986,AMEX,981.36,MXN,APROBADA,MANUAL,N
TRX0003589,2026-06-11 16:13:46,Super Nortenio,SUPER,Monterrey,TPV03-MON,Teresa Mendoza,teresa.mendoza159@correo.mx,6739,VISA,2842.84,MXN,APROBADA,QR,S
TRX0003590,2026-01-31 19:30:07,Farmacia del Sol,Farmacia,Ciudad de Mexico,TPV01-CIU,Rocio Herrera,rocio.herrera165@correo.mx,6020,VISA,644.08,MXN,APROBADA,MANUAL,N
TRX0003591,2026-01-21 15:45:47,Viajes Altamar,Viajes,Cancun,TPV03-CAN,Teresa Rivas,teresa.rivas6@correo.mx,1505,MASTERCARD,21374.94,MXN,REVERSADA,MANUAL,N
TRX0003592,2026-06-09 19:26:09,FARMACIA DEL SOL,Farmacia,Ciudad de Mexico,TPV02-CIU,Ivan Delgado,ivan.delgado162@correo.mx,2492,AMEX,656.59,MXN,APROBADA,CONTACTLESS,N
TRX0003593,2026-03-07 09:04:30,BOUTIQUE IRIS,VESTIMENTA,Ciudad de Mexico,TPV03-CIU,Luis Rivas,luis.rivas99@correo.mx,1585,MASTERCARD,4526.85,MXN,REVERSADA,QR,N
TRX0003594,2026-02-27 19:31:04,Cafe Aurora,restaurante,Guadalajara,TPV04-GUA,Rocio Salazar,rocio.salazar98@correo.mx,9662,VISA,166.17,MXN,APROBADA,QR,N
TRX0003595,2026-03-16 12:55:59,Cafe Aurora,Restaurante,Guadalajara,TPV03-GUA,Luis Ramirez,luis.ramirez39@correo.mx,8712,VISA,351.15,MXN,APROBADA,BANDA,N
TRX0003596,2026-03-02 09:52:34,Farmacia del Sol ,Farmacia,Ciudad de Mexico,TPV02-CIU,Raul Gonzalez,raul.gonzalez179@correo.mx,8333,MASTERCARD,338.4,MXN,APROBADA,CHIP,N
TRX0003597,2026-06-23 11:51:53,CAFE AURORA,Restaurante,Guadalajara,TPV04-GUA,Rocio Zamora,rocio.zamora104@correo.mx,6783,MASTERCARD,317.43,MXN,APROBADA,CONTACTLESS,N
TRX0003598,2026-05-04 11:30:45,SUPER NORTENO,Supermercado,Monterrey,TPV02-MON,Ivan Delgado,ivan.delgado162@correo.mx,2492,AMEX,729.25,MXN,APROBADA,MANUAL,N
TRX0003599,2026-02-08 13:55:06,GASOLINERA KM 12,Combustible,Puebla,TPV02-PUE,Ana Vargas,ana.vargas60@correo.mx,5862,AMEX,474.58,MXN,APROBADA,CONTACTLESS,N
TRX0003600,2026-01-24 10:15:31,CAFE AURORA,Restaurante,Guadalajara,TPV02-GUA,Elena Cortes,elena.cortes68@correo.mx,5599,AMEX,348.66,MXN,APROBADA,BANDA,N
TRX0003601,2026-05-23 15:13:45,Farmacia del Sol ,Farmacia,Ciudad de Mexico,TPV01-CIU,Rocio Zamora,rocio.zamora104@correo.mx,6783,MASTERCARD,711.22,MXN,APROBADA,CHIP,N
TRX0003602,2026-05-14 08:43:07,Viajes Altamar,Viajes,Cancun,TPV02-CAN,Raul Zamora,raul.zamora124@correo.mx,6787,AMEX,40581.88,MXN,APROBADA,MANUAL,N
TRX0003603,2026-06-08 10:46:39,Gasolinera Km 12,Combustible,Puebla,TPV04-PUE,Teresa Salazar,teresa.salazar118@correo.mx,4699,VISA,934.42,MXN,APROBADA,CHIP,N
TRX0003604,2026-01-28 16:10:02,Farmacia del Sol ,farmacia,Ciudad de Mexico,TPV03-CIU,Ana Vargas,ana.vargas44@correo.mx,1097,AMEX,802.37,MXN,APROBADA,BANDA,N
TRX0003605,2026-06-23 12:05:35,Gasolinera Km 12,combustible,Puebla,TPV03-PUE,Carmen Gonzalez,carmen.gonzalez129@correo.mx,1346,MASTERCARD,1697.35,MXN,APROBADA,BANDA,N
TRX0003606,2026-05-03 12:04:08,Super Nortenio,Supermercado,Monterrey,TPV04-MON,Miguel Nunez,miguel.nunez174@correo.mx,2390,MASTERCARD,2341.5,MXN,APROBADA,QR,N
TRX0003607,2026-01-06 15:44:14,Boutique  Iris,VESTIMENTA,Ciudad de Mexico,TPV04-CIU,Teresa Gonzalez,teresa.gonzalez24@correo.mx,8230,VISA,819.88,MXN,APROBADA,QR,N
TRX0003608,2026-06-03 10:01:40,SUPER NORTENO,Supermercado,Monterrey,TPV01-MON,Carmen Herrera,carmen.herrera176@correo.mx,1605,VISA,2086.41,MXN,RECHAZADA,CONTACTLESS,N
TRX0003609,2026-05-22 19:57:27,Boutique Iris,Ropa,Ciudad de Mexico,TPV03-CIU,Carmen Gonzalez,carmen.gonzalez129@correo.mx,1346,MASTERCARD,4510.85,MXN,APROBADA,CHIP,N
TRX0003610,2026-04-10 18:25:06,CAFE AURORA,restaurante,Guadalajara,TPV03-GUA,Ana Salazar,ana.salazar158@correo.mx,2274,MASTERCARD,204.68,MXN,REVERSADA,BANDA,N
TRX0003611,2026-01-14 12:57:35,BOUTIQUE IRIS,VESTIMENTA,Ciudad de Mexico,TPV03-CIU,Patricia Vargas,patricia.vargas26@correo.mx,4933,VISA,4158.39,MXN,APROBADA,MANUAL,N
TRX0003612,2026-01-30 12:33:39,Super Norteno,supermercado,Monterrey,TPV03-MON,Elena Ramirez,elena.ramirez61@correo.mx,8246,AMEX,2524.26,MXN,APROBADA,CHIP,N
TRX0003613,2026-04-03 19:28:01,Gasolinera Km 12,combustible,Puebla,TPV04-PUE,Raul Delgado,raul.delgado142@correo.mx,4207,AMEX,1683.44,MXN,APROBADA,CHIP,N
TRX0003614,2026-04-18 10:47:02,Super Norteno,Supermercado,Monterrey,TPV03-MON,Miguel Trejo,miguel.trejo115@correo.mx,2634,VISA,227.09,MXN,APROBADA,CONTACTLESS,N
TRX0003615,2026-02-12 16:48:00,Super Norteno,supermercado,Monterrey,TPV03-MON,Sofia Nunez,sofia.nunez56@correo.mx,5954,AMEX,429.93,MXN,APROBADA,CONTACTLESS,N
TRX0003616,2026-04-19 13:34:54,SUPER NORTENO,supermercado,Monterrey,TPV01-MON,Miguel Delgado,miguel.delgado42@correo.mx,7456,VISA,2111.51,MXN,APROBADA,BANDA,N
TRX0003617,2026-03-18 18:03:34,CAFE AURORA,Restaurante,Guadalajara,TPV01-GUA,Rocio Zamora,rocio.zamora85@correo.mx,2544,AMEX,315.16,MXN,APROBADA,QR,N
TRX0003618,2026-06-25 13:28:47,CAFE AURORA,Restaurante,Guadalajara,TPV01-GUA,Jorge Vargas,jorge.vargas86@correo.mx,5040,MASTERCARD,438.34,MXN,APROBADA,CHIP,N
TRX0003619,2026-03-06 14:08:07,Boutique Iris,Ropa,Ciudad de Mexico,TPV01-CIU,Lucia Trejo,lucia.trejo92@correo.mx,3905,MASTERCARD,692.16,MXN,APROBADA,CHIP,N
TRX0003620,2026-04-30 06:58:42,FARMACIA DEL SOL,farmacia,Ciudad de Mexico,TPV01-CIU,Ana Salazar,ana.salazar102@correo.mx,3316,AMEX,289.58,MXN,APROBADA,MANUAL,N
TRX0003621,2026-03-16 09:24:12,Farmacia del Sol,FARM,Ciudad de Mexico,TPV04-CIU,Jorge Mendoza,jorge.mendoza47@correo.mx,6756,AMEX,384.88,MXN,APROBADA,MANUAL,N
TRX0003622,2026-05-23 06:41:33,Farmacia del Sol,FARM,Ciudad de Mexico,TPV02-CIU,Raul Cortes,raul.cortes116@correo.mx,1792,MASTERCARD,757.84,MXN,REVERSADA,BANDA,N
TRX0003623,2026-01-23 21:03:26,FARMACIA DEL SOL,farmacia,Ciudad de Mexico,TPV04-CIU,Miguel Herrera,miguel.herrera166@correo.mx,4697,AMEX,544.71,MXN,APROBADA,MANUAL,N
TRX0003624,2026-01-26 07:21:13,FARMACIA DEL SOL,FARM,Ciudad de Mexico,TPV03-CIU,Hector Mendoza,hector.mendoza10@correo.mx,6846,VISA,363.28,MXN,APROBADA,CHIP,N
TRX0003625,2026-05-15 13:57:56,Farmacia del Sol ,farmacia,Ciudad de Mexico,TPV01-CIU,Elena Ramirez,elena.ramirez175@correo.mx,9442,MASTERCARD,794.37,MXN,APROBADA,CONTACTLESS,N
TRX0003626,2026-04-05 16:53:13,Super Norteno,supermercado,Monterrey,TPV01-MON,Ana Cortes,ana.cortes53@correo.mx,9845,MASTERCARD,2137.7,MXN,APROBADA,BANDA,N
TRX0003627,2026-02-05 18:17:17,FARMACIA DEL SOL,FARM,Ciudad de Mexico,TPV01-CIU,Raul Delgado,raul.delgado142@correo.mx,4207,AMEX,419.51,MXN,REVERSADA,CHIP,N
TRX0003628,2026-02-25 13:40:09,SUPER NORTENO,supermercado,Monterrey,TPV04-MON,Hector Mendoza,hector.mendoza71@correo.mx,6093,VISA,3066.88,MXN,APROBADA,QR,N
TRX0003629,2026-06-01 21:25:29,Super Nortenio,supermercado,Monterrey,TPV01-MON,Raul Vargas,raul.vargas135@correo.mx,8290,AMEX,2466.26,MXN,APROBADA,BANDA,N
TRX0003630,2026-05-19 19:04:29,Farmacia del Sol,Farmacia,Ciudad de Mexico,TPV01-CIU,Luis Zamora,luis.zamora9@correo.mx,1462,AMEX,694.1,MXN,APROBADA,BANDA,N
TRX0003631,2026-04-22 16:48:33,BOUTIQUE IRIS,ropa,Ciudad de Mexico,TPV02-CIU,Luis Trejo,luis.trejo1@correo.mx,4572,AMEX,970.82,MXN,APROBADA,CHIP,N
TRX0003632,2026-02-20 17:02:28,ELECTRO MAYA,ELECTRO,Merida,TPV03-MER,Lucia Zamora,lucia.zamora108@correo.mx,3262,MASTERCARD,19649.55,MXN,APROBADA,BANDA,N
TRX0003633,2026-04-06 13:05:19,Super Nortenio,Supermercado,Monterrey,TPV03-MON,Raul Rivas,raul.rivas123@correo.mx,5837,MASTERCARD,1114.91,MXN,APROBADA,QR,N
TRX0003634,2026-04-02 11:15:31,Super Nortenio,supermercado,Monterrey,TPV03-MON,Ana Nunez,ana.nunez17@correo.mx,9063,VISA,978.75,MXN,RECHAZADA,CHIP,N
TRX0003635,2026-05-14 06:24:18,Super Norteno,Supermercado,Monterrey,TPV02-MON,Rocio Vargas,rocio.vargas62@correo.mx,4939,MASTERCARD,1671.17,MXN,APROBADA,BANDA,N
TRX0003636,2026-01-20 18:19:59,Gasolinera Km 12,Combustible,Puebla,TPV03-PUE,Teresa Herrera,teresa.herrera35@correo.mx,4201,VISA,988.6,MXN,RECHAZADA,CONTACTLESS,N
TRX0003637,2026-03-26 09:53:50,Cafe Aurora,Restaurante,Guadalajara,TPV04-GUA,Miguel Trejo,miguel.trejo115@correo.mx,3481,MASTERCARD,353.95,MXN,APROBADA,QR,N
TRX0003638,2026-05-12 10:04:46,FARMACIA DEL SOL,Farmacia,Ciudad de Mexico,TPV02-CIU,Rocio Vargas,rocio.vargas62@correo.mx,4939,MASTERCARD,138.91,MXN,REVERSADA,BANDA,N
TRX0003639,2026-01-19 20:57:06,SUPER NORTENO,Supermercado,Monterrey,TPV01-MON,Raul Herrera,raul.herrera110@correo.mx,7010,VISA,2124.24,MXN,APROBADA,CONTACTLESS,N
TRX0003640,2026-03-23 18:09:27,Super Nortenio,SUPER,Monterrey,TPV02-MON,Lucia Herrera,lucia.herrera11@correo.mx,1104,VISA,2086.87,MXN,APROBADA,CONTACTLESS,N
TRX0003641,2026-06-17 12:12:56,Super Nortenio,supermercado,Monterrey,TPV03-MON,Raul Delgado,raul.delgado142@correo.mx,4207,AMEX,2941.94,MXN,RECHAZADA,MANUAL,N
TRX0003642,2026-02-18 17:08:29,Gasolinera Km 12,Combustible,Puebla,TPV02-PUE,Carmen Rivas,carmen.rivas139@correo.mx,4822,AMEX,582.85,MXN,APROBADA,QR,N
TRX0003643,2026-01-06 21:08:18,Farmacia del Sol,FARM,Ciudad de Mexico,TPV01-CIU,Jorge Herrera,jorge.herrera46@correo.mx,2925,AMEX,217.83,MXN,RECHAZADA,MANUAL,N
TRX0003644,2026-06-21 07:39:49,Super Norteno,Supermercado,Monterrey,TPV03-MON,Lucia Herrera,lucia.herrera155@correo.mx,9599,MASTERCARD,1251.83,MXN,APROBADA,BANDA,N
TRX0003645,2026-01-11 11:42:55,SUPER NORTENO,SUPER,Monterrey,TPV04-MON,Patricia Delgado,patricia.delgado167@correo.mx,8972,VISA,276.46,MXN,REVERSADA,CONTACTLESS,N
TRX0003646,2026-03-29 13:09:41,Cafe Aurora,Restaurante,Guadalajara,TPV03-GUA,Ana Herrera,ana.herrera83@correo.mx,1387,MASTERCARD,458.36,MXN,APROBADA,QR,N
TRX0003647,2026-03-12 20:25:10,Super Nortenio,Supermercado,Monterrey,TPV01-MON,Raul Gonzalez,raul.gonzalez74@correo.mx,9447,VISA,2382.95,MXN,APROBADA,CHIP,N
TRX0003648,2026-05-17 18:23:53,Super Nortenio,SUPER,Monterrey,TPV02-MON,Hector Trejo,hector.trejo101@correo.mx,6533,MASTERCARD,3056.93,MXN,APROBADA,CONTACTLESS,N
TRX0003649,2026-03-08 07:12:03,Boutique Iris,VESTIMENTA,Ciudad de Mexico,TPV01-CIU,Elena Ramirez,elena.ramirez144@correo.mx,8187,MASTERCARD,1505.91,MXN,APROBADA,CHIP,N
TRX0003650,2026-06-15 17:32:22,Farmacia del Sol,Farmacia,Ciudad de Mexico,TPV02-CIU,Raul Vargas,raul.vargas135@correo.mx,8290,AMEX,236.05,MXN,RECHAZADA,CONTACTLESS,N
TRX0003651,2026-03-12 07:32:17,BOUTIQUE IRIS,ropa,Ciudad de Mexico,TPV02-CIU,Hector Delgado,hector.delgado49@correo.mx,4702,VISA,1546.92,MXN,APROBADA,MANUAL,N
TRX0003652,2026-04-28 14:50:28,BOUTIQUE IRIS,ropa,Ciudad de Mexico,TPV02-CIU,Teresa Rivas,teresa.rivas6@correo.mx,1505,MASTERCARD,1565.73,MXN,APROBADA,CHIP,N
TRX0003653,2026-02-28 17:40:52,Farmacia del Sol ,farmacia,Ciudad de Mexico,TPV01-CIU,Sofia Cortes,sofia.cortes153@correo.mx,1495,AMEX,224.96,MXN,APROBADA,QR,N
TRX0003654,2026-06-15 21:02:57,GASOLINERA KM 12,combustible,Puebla,TPV03-PUE,Hector Rivas,hector.rivas50@correo.mx,8897,MASTERCARD,622.27,MXN,APROBADA,CONTACTLESS,N
TRX0003655,2026-04-04 08:57:39,Farmacia del Sol ,Farmacia,Ciudad de Mexico,TPV01-CIU,Fernando Mendoza,fernando.mendoza57@correo.mx,6879,AMEX,140.64,MXN,REVERSADA,BANDA,N
TRX0003656,2026-03-24 13:11:21,SUPER NORTENO,supermercado,Monterrey,TPV01-MON,Fernando Salazar,fernando.salazar63@correo.mx,5089,MASTERCARD,2545.67,MXN,APROBADA,MANUAL,N
TRX0003657,2026-01-15 09:41:35,Farmacia del Sol ,Farmacia,Ciudad de Mexico,TPV03-CIU,Ana Zamora,ana.zamora72@correo.mx,8476,VISA,764.63,MXN,RECHAZADA,CONTACTLESS,N
TRX0003658,2026-01-07 12:24:01,Cafe Aurora,restaurante,Guadalajara,TPV04-GUA,Ivan Trejo,ivan.trejo180@correo.mx,8045,MASTERCARD,213.8,MXN,APROBADA,CONTACTLESS,N
TRX0003659,2026-02-25 13:46:31,ELECTRO MAYA,ELECTRO,Merida,TPV03-MER,Elena Gonzalez,elena.gonzalez143@correo.mx,1660,MASTERCARD,2736.31,MXN,APROBADA,BANDA,N
TRX0003660,2026-04-30 18:27:40,Farmacia del Sol,Farmacia,Ciudad de Mexico,TPV03-CIU,Miguel Herrera,miguel.herrera166@correo.mx,4697,AMEX,565.69,MXN,APROBADA,BANDA,N
TRX0003661,2026-04-03 13:30:37,GASOLINERA KM 12,combustible,Puebla,TPV02-PUE,Patricia Delgado,patricia.delgado167@correo.mx,8972,VISA,1417.26,MXN,APROBADA,MANUAL,N
TRX0003662,2026-03-10 06:51:04,SUPER NORTENO,supermercado,Monterrey,TPV01-MON,Teresa Gonzalez,teresa.gonzalez24@correo.mx,8230,VISA,1386.69,MXN,APROBADA,MANUAL,N
TRX0003663,2026-02-27 10:45:15,BOUTIQUE IRIS,VESTIMENTA,Ciudad de Mexico,TPV03-CIU,Ana Rivas,ana.rivas117@correo.mx,2975,MASTERCARD,5666.71,MXN,APROBADA,CHIP,N
TRX0003664,2026-04-28 14:16:41,Viajes Altamar,Viajes,Cancun,TPV03-CAN,Jorge Gonzalez,jorge.gonzalez138@correo.mx,4950,AMEX,16091.72,MXN,APROBADA,CHIP,N
TRX0003665,2026-02-15 07:55:58,Super Nortenio,Supermercado,Monterrey,TPV01-MON,Lucia Herrera,lucia.herrera11@correo.mx,1104,VISA,1733.72,MXN,APROBADA,MANUAL,N
TRX0003666,2026-03-18 20:33:53,SUPER NORTENO,supermercado,Monterrey,TPV04-MON,Fernando Mendoza,fernando.mendoza57@correo.mx,6879,AMEX,1530.34,MXN,APROBADA,QR,N
TRX0003667,2026-02-04 20:00:35,Farmacia del Sol,farmacia,Ciudad de Mexico,TPV04-CIU,Fernando Zamora,fernando.zamora156@correo.mx,3541,MASTERCARD,389.93,MXN,APROBADA,CHIP,N
TRX0003668,2026-04-19 09:33:50,Super Nortenio,supermercado,Monterrey,TPV01-MON,Ana Zamora,ana.zamora72@correo.mx,8476,VISA,2223.99,MXN,APROBADA,BANDA,N
TRX0003669,2026-01-28 18:30:02,Super Nortenio,supermercado,Monterrey,TPV02-MON,Raul Gonzalez,raul.gonzalez179@correo.mx,8333,MASTERCARD,3400.71,MXN,RECHAZADA,BANDA,N
TRX0003670,2026-06-07 18:19:33,Boutique  Iris,ropa,Ciudad de Mexico,TPV04-CIU,Patricia Ramirez,patricia.ramirez130@correo.mx,8241,AMEX,2057.47,MXN,APROBADA,MANUAL,N
TRX0003671,2026-05-05 14:31:42,CAFE AURORA,Restaurante,Guadalajara,TPV04-GUA,Raul Nunez,raul.nunez70@correo.mx,2085,VISA,130.74,MXN,APROBADA,CHIP,N
TRX0003672,2026-05-29 16:27:35,CAFE AURORA,Restaurante,Guadalajara,TPV02-GUA,Teresa Rivas,teresa.rivas25@correo.mx,6114,AMEX,222.12,MXN,APROBADA,QR,N
TRX0003673,2026-06-14 11:23:00,FARMACIA DEL SOL,FARM,Ciudad de Mexico,TPV02-CIU,Teresa Salazar,teresa.salazar118@correo.mx,4699,VISA,129.9,MXN,RECHAZADA,MANUAL,N
TRX0003674,2026-03-06 07:29:35,FARMACIA DEL SOL,FARM,Ciudad de Mexico,TPV01-CIU,Raul Delgado,raul.delgado169@correo.mx,7678,VISA,702.62,MXN,APROBADA,BANDA,N
TRX0003675,2026-06-14 13:11:18,Farmacia del Sol,FARM,Ciudad de Mexico,TPV04-CIU,Elena Zamora,elena.zamora16@correo.mx,2698,VISA,764.77,MXN,REVERSADA,MANUAL,N
TRX0003676,2026-01-20 14:52:25,Farmacia del Sol,FARM,Ciudad de Mexico,TPV01-CIU,Lucia Zamora,lucia.zamora108@correo.mx,3262,MASTERCARD,735.78,MXN,RECHAZADA,CONTACTLESS,N
TRX0003677,2026-05-21 21:43:32,Cafe Aurora,Restaurante,Guadalajara,TPV02-GUA,Raul Cortes,raul.cortes116@correo.mx,1792,MASTERCARD,376.18,MXN,APROBADA,MANUAL,N
TRX0003678,2026-01-25 07:39:12,CAFE AURORA,restaurante,Guadalajara,TPV03-GUA,Patricia Cortes,patricia.cortes160@correo.mx,4485,VISA,90.96,MXN,APROBADA,MANUAL,N
TRX0003679,2026-03-05 17:56:42,Farmacia del Sol,Farmacia,Ciudad de Mexico,TPV03-CIU,Raul Herrera,raul.herrera110@correo.mx,7010,VISA,386.53,MXN,APROBADA,BANDA,N
TRX0003680,2026-01-16 06:34:56,Cafe Aurora,Restaurante,Guadalajara,TPV03-GUA,Jorge Nunez,jorge.nunez121@correo.mx,3221,AMEX,334.54,MXN,APROBADA,BANDA,N
TRX0003681,2026-01-04 20:37:03,Super Norteno,Supermercado,Monterrey,TPV03-MON,Lucia Herrera,lucia.herrera155@correo.mx,9599,MASTERCARD,2751.96,MXN,APROBADA,BANDA,N
TRX0003682,2026-01-16 14:19:56,GASOLINERA KM 12,combustible,Puebla,TPV03-PUE,Lucia Gonzalez,lucia.gonzalez36@correo.mx,8401,AMEX,1715.68,MXN,APROBADA,CHIP,N
TRX0003683,2026-05-15 21:06:43,CAFE AURORA,restaurante,Guadalajara,TPV03-GUA,Jorge Delgado,jorge.delgado66@correo.mx,7754,VISA,463.42,MXN,APROBADA,CONTACTLESS,N
TRX0003684,2026-05-01 20:00:28,FARMACIA DEL SOL,farmacia,Ciudad de Mexico,TPV01-CIU,Teresa Rivas,teresa.rivas25@correo.mx,6114,AMEX,883.05,MXN,REVERSADA,CONTACTLESS,N
TRX0003685,2026-02-08 17:38:51,GASOLINERA KM 12,combustible,Puebla,TPV02-PUE,Jorge Mendoza,jorge.mendoza47@correo.mx,7512,AMEX,1441.63,MXN,APROBADA,CHIP,N
TRX0003686,2026-04-01 14:22:04,Viajes Altamar,viajes,Cancun,TPV01-CAN,Patricia Herrera,patricia.herrera3@correo.mx,4061,VISA,15760.24,MXN,REVERSADA,QR,N
TRX0003687,2026-04-09 19:07:12,Boutique Iris,Ropa,Ciudad de Mexico,TPV03-CIU,Sofia Cortes,sofia.cortes153@correo.mx,1495,AMEX,5541.48,MXN,REVERSADA,MANUAL,N
TRX0003688,2026-05-10 16:33:39,FARMACIA DEL SOL,Farmacia,Ciudad de Mexico,TPV01-CIU,Miguel Ramirez,miguel.ramirez132@correo.mx,5849,MASTERCARD,388.97,MXN,APROBADA,QR,N
TRX0003689,2026-01-17 07:15:04,FARMACIA DEL SOL,FARM,Ciudad de Mexico,TPV04-CIU,Patricia Nunez,patricia.nunez52@correo.mx,8415,VISA,267.2,MXN,REVERSADA,BANDA,N
TRX0003690,2026-03-11 15:10:45,Cafe Aurora,Restaurante,Guadalajara,TPV01-GUA,Carmen Mendoza,carmen.mendoza95@correo.mx,6566,AMEX,168.33,MXN,APROBADA,CONTACTLESS,N
TRX0003691,2026-04-18 15:31:32,Cafe Aurora,Restaurante,Guadalajara,TPV01-GUA,Carmen Rivas,carmen.rivas139@correo.mx,4822,AMEX,377.45,MXN,REVERSADA,CHIP,N
TRX0003692,2026-06-27 08:45:39,BOUTIQUE IRIS,ropa,Ciudad de Mexico,TPV04-CIU,Lucia Gonzalez,lucia.gonzalez54@correo.mx,2892,AMEX,5758.99,MXN,REVERSADA,CHIP,N
TRX0003693,2026-05-11 11:22:15,SUPER NORTENO,SUPER,Monterrey,TPV04-MON,Luis Delgado,luis.delgado150@correo.mx,7838,VISA,756.04,MXN,APROBADA,MANUAL,N
TRX0003694,2026-01-11 21:40:04,Boutique Iris,VESTIMENTA,Ciudad de Mexico,TPV04-CIU,Teresa Rivas,teresa.rivas25@correo.mx,6114,AMEX,2641.92,MXN,RECHAZADA,QR,N
TRX0003695,2026-05-04 11:22:59,Cafe Aurora,restaurante,Guadalajara,TPV01-GUA,Patricia Rivas,patricia.rivas157@correo.mx,8006,VISA,385.67,MXN,APROBADA,BANDA,N
TRX0003696,2026-02-04 06:05:20,Farmacia del Sol ,farmacia,Ciudad de Mexico,TPV01-CIU,Rocio Ramirez,rocio.ramirez12@correo.mx,2195,MASTERCARD,518.26,MXN,APROBADA,QR,N
TRX0003697,2026-04-04 09:35:22,Cafe Aurora,restaurante,Guadalajara,TPV03-GUA,Ivan Gonzalez,ivan.gonzalez41@correo.mx,2888,AMEX,249.32,MXN,APROBADA,MANUAL,N
TRX0003698,2026-05-12 10:11:09,Super Nortenio,SUPER,Monterrey,TPV04-MON,Hector Herrera,hector.herrera79@correo.mx,6221,MASTERCARD,2907.2,MXN,APROBADA,BANDA,N
TRX0003699,2026-03-21 15:28:53,FARMACIA DEL SOL,FARM,Ciudad de Mexico,TPV04-CIU,Rocio Cortes,rocio.cortes103@correo.mx,8270,VISA,202.95,MXN,APROBADA,MANUAL,N
TRX0003700,2026-02-17 13:37:08,Cafe Aurora,Restaurante,Guadalajara,TPV02-GUA,Rocio Zamora,rocio.zamora104@correo.mx,6783,MASTERCARD,224.33,MXN,APROBADA,MANUAL,N
TRX0003701,2026-02-20 14:05:45,Boutique  Iris,VESTIMENTA,Ciudad de Mexico,TPV02-CIU,Sofia Vargas,sofia.vargas19@correo.mx,1099,MASTERCARD,2526.1,MXN,REVERSADA,CONTACTLESS,N
TRX0003702,2026-04-28 12:17:35,ELECTRO MAYA,electronica,Merida,TPV02-MER,Elena Zamora,elena.zamora16@correo.mx,2698,VISA,14157.39,MXN,APROBADA,CHIP,N
TRX0003703,2026-06-02 07:49:58,Boutique  Iris,VESTIMENTA,Ciudad de Mexico,TPV03-CIU,Carmen Cortes,carmen.cortes76@correo.mx,7986,AMEX,601.04,MXN,REVERSADA,CONTACTLESS,N
TRX0003704,2026-04-25 07:03:57,Farmacia del Sol ,FARM,Ciudad de Mexico,TPV01-CIU,Raul Delgado,raul.delgado142@correo.mx,4207,AMEX,540.02,MXN,RECHAZADA,BANDA,N
TRX0003705,2026-01-14 14:47:54,Gasolinera Km 12,Combustible,Puebla,TPV03-PUE,Ana Herrera,ana.herrera83@correo.mx,1387,MASTERCARD,1677.92,MXN,APROBADA,BANDA,N
TRX0003706,2026-02-11 21:13:05,Cafe Aurora,restaurante,Guadalajara,TPV03-GUA,Luis Ramirez,luis.ramirez58@correo.mx,6479,AMEX,372.83,MXN,REVERSADA,CHIP,N
TRX0003707,2026-06-29 18:09:06,Cafe Aurora,Restaurante,Guadalajara,TPV01-GUA,Elena Ramirez,elena.ramirez144@correo.mx,8187,MASTERCARD,297.2,MXN,APROBADA,CHIP,S
TRX0003708,2026-02-24 14:18:11,Cafe Aurora,restaurante,Guadalajara,TPV03-GUA,Patricia Ramirez,patricia.ramirez130@correo.mx,8241,AMEX,303.87,MXN,APROBADA,MANUAL,N
TRX0003709,2026-05-28 08:53:04,ELECTRO MAYA,electronica,Merida,TPV02-MER,Raul Rivas,raul.rivas123@correo.mx,5837,MASTERCARD,16930.62,MXN,REVERSADA,CONTACTLESS,N
TRX0003710,2026-02-01 19:47:55,Super Norteno,supermercado,Monterrey,TPV01-MON,Hector Mendoza,hector.mendoza71@correo.mx,6093,VISA,3448.47,MXN,APROBADA,CHIP,N
TRX0003711,2026-03-25 19:49:47,Super Norteno,supermercado,Monterrey,TPV03-MON,Hector Nunez,hector.nunez38@correo.mx,3109,AMEX,537.07,MXN,REVERSADA,CONTACTLESS,N
TRX0003712,2026-04-27 18:12:54,Super Nortenio,Supermercado,Monterrey,TPV03-MON,Ivan Trejo,ivan.trejo180@correo.mx,8045,MASTERCARD,2725.72,MXN,APROBADA,BANDA,N
TRX0003713,2026-04-26 07:09:29,CAFE AURORA,Restaurante,Guadalajara,TPV02-GUA,Fernando Herrera,fernando.herrera168@correo.mx,8810,VISA,407.54,MXN,APROBADA,BANDA,N
TRX0003714,2026-05-01 16:48:34,BOUTIQUE IRIS,VESTIMENTA,Ciudad de Mexico,TPV01-CIU,Carmen Herrera,carmen.herrera176@correo.mx,1605,VISA,1433.85,MXN,APROBADA,QR,N
TRX0003715,2026-06-23 18:39:26,Farmacia del Sol ,farmacia,Ciudad de Mexico,TPV01-CIU,Miguel Delgado,miguel.delgado23@correo.mx,3807,VISA,317.13,MXN,APROBADA,CHIP,N
TRX0003716,2026-06-12 13:20:46,BOUTIQUE IRIS,VESTIMENTA,Ciudad de Mexico,TPV04-CIU,Ana Rivas,ana.rivas117@correo.mx,2975,MASTERCARD,2988.37,MXN,APROBADA,CONTACTLESS,N
TRX0003717,2026-05-18 15:51:08,Super Norteno,Supermercado,Monterrey,TPV02-MON,Raul Rivas,raul.rivas114@correo.mx,9720,MASTERCARD,638.2,MXN,APROBADA,CHIP,N
TRX0003718,2026-05-14 13:11:55,Super Norteno,SUPER,Monterrey,TPV03-MON,Raul Trejo,raul.trejo125@correo.mx,4936,VISA,1788.72,MXN,RECHAZADA,QR,N
TRX0003719,2026-03-30 06:11:47,Farmacia del Sol,FARM,Ciudad de Mexico,TPV03-CIU,Elena Ramirez,elena.ramirez144@correo.mx,3433,VISA,219.14,MXN,APROBADA,CONTACTLESS,N
TRX0003720,2026-01-26 13:12:47,Cafe Aurora,Restaurante,Guadalajara,TPV03-GUA,Miguel Delgado,miguel.delgado23@correo.mx,3807,VISA,199.09,MXN,APROBADA,MANUAL,N
TRX0003721,2026-05-15 18:43:57,CAFE AURORA,restaurante,Guadalajara,TPV03-GUA,Raul Nunez,raul.nunez70@correo.mx,5287,AMEX,60.22,MXN,REVERSADA,CHIP,N
TRX0003722,2026-02-24 12:55:11,Cafe Aurora,restaurante,Guadalajara,TPV02-GUA,Lucia Vargas,lucia.vargas7@correo.mx,4691,AMEX,282.55,MXN,APROBADA,QR,N
TRX0003723,2026-05-20 17:08:11,Farmacia del Sol ,Farmacia,Ciudad de Mexico,TPV04-CIU,Raul Trejo,raul.trejo125@correo.mx,4936,VISA,422.65,MXN,APROBADA,CONTACTLESS,N
TRX0003724,2026-03-22 18:49:25,Farmacia del Sol,farmacia,Ciudad de Mexico,TPV04-CIU,Elena Gonzalez,elena.gonzalez143@correo.mx,1660,MASTERCARD,348.56,MXN,APROBADA,BANDA,N
TRX0003725,2026-02-19 14:14:55,Boutique  Iris,VESTIMENTA,Ciudad de Mexico,TPV03-CIU,Lucia Trejo,lucia.trejo32@correo.mx,8092,VISA,4640.56,MXN,REVERSADA,QR,N
TRX0003726,2026-06-24 13:01:06,ELECTRO MAYA,ELECTRO,Merida,TPV03-MER,Sofia Delgado,sofia.delgado119@correo.mx,1778,AMEX,5893.0,MXN,APROBADA,QR,N
TRX0003727,2026-06-25 11:06:40,CAFE AURORA,restaurante,Guadalajara,TPV02-GUA,Teresa Mendoza,teresa.mendoza55@correo.mx,6130,MASTERCARD,253.39,MXN,APROBADA,BANDA,N
TRX0003728,2026-02-01 13:01:17,Farmacia del Sol ,Farmacia,Ciudad de Mexico,TPV01-CIU,Jorge Rivas,jorge.rivas78@correo.mx,8391,AMEX,499.38,MXN,APROBADA,CONTACTLESS,N
TRX0003729,2026-06-03 09:38:11,Super Nortenio,supermercado,Monterrey,TPV02-MON,Raul Rivas,raul.rivas123@correo.mx,5837,MASTERCARD,1781.91,MXN,APROBADA,MANUAL,N
TRX0003730,2026-05-30 16:38:18,SUPER NORTENO,supermercado,Monterrey,TPV04-MON,Ana Herrera,ana.herrera83@correo.mx,1387,MASTERCARD,408.6,MXN,APROBADA,QR,N
TRX0003731,2026-03-16 08:16:43,CAFE AURORA,Restaurante,Guadalajara,TPV04-GUA,Jorge Gonzalez,jorge.gonzalez2@correo.mx,4837,AMEX,360.51,MXN,APROBADA,BANDA,N
TRX0003732,2026-05-20 20:06:19,Gasolinera Km 12,combustible,Puebla,TPV04-PUE,Jorge Delgado,jorge.delgado66@correo.mx,7754,VISA,351.87,MXN,APROBADA,CONTACTLESS,N
TRX0003733,2026-04-06 17:18:58,BOUTIQUE IRIS,VESTIMENTA,Ciudad de Mexico,TPV02-CIU,Ivan Ramirez,ivan.ramirez45@correo.mx,8146,AMEX,2741.9,MXN,APROBADA,CHIP,N
TRX0003734,2026-03-11 11:45:48,Boutique  Iris,Ropa,Ciudad de Mexico,TPV04-CIU,Carmen Rivas,carmen.rivas139@correo.mx,4822,AMEX,3436.0,MXN,APROBADA,CHIP,N
TRX0003735,2026-06-19 16:26:15,FARMACIA DEL SOL,Farmacia,Ciudad de Mexico,TPV03-CIU,Elena Ramirez,elena.ramirez8@correo.mx,3648,MASTERCARD,508.01,MXN,APROBADA,CONTACTLESS,N
TRX0003736,2026-06-20 16:06:38,Electro Maya,electronica,Merida,TPV02-MER,Jorge Rivas,jorge.rivas78@correo.mx,8391,AMEX,12499.14,MXN,APROBADA,QR,N
TRX0003737,2026-05-21 19:41:31,Super Norteno,Supermercado,Monterrey,TPV02-MON,Elena Ramirez,elena.ramirez4@correo.mx,8580,VISA,1256.86,MXN,APROBADA,BANDA,N
TRX0003738,2026-04-28 07:13:41,Cafe Aurora,Restaurante,Guadalajara,TPV03-GUA,Patricia Vargas,patricia.vargas26@correo.mx,4933,VISA,473.25,MXN,APROBADA,CHIP,N
TRX0003739,2026-05-28 12:04:59,SUPER NORTENO,SUPER,Monterrey,TPV01-MON,Fernando Rivas,fernando.rivas133@correo.mx,6714,MASTERCARD,1039.82,MXN,APROBADA,CHIP,N
TRX0003740,2026-04-12 12:00:17,FARMACIA DEL SOL,FARM,Ciudad de Mexico,TPV03-CIU,Patricia Gonzalez,patricia.gonzalez33@correo.mx,8690,AMEX,261.39,MXN,APROBADA,MANUAL,N
TRX0003741,2026-05-21 08:19:17,Farmacia del Sol ,farmacia,Ciudad de Mexico,TPV03-CIU,Ana Delgado,ana.delgado171@correo.mx,1786,AMEX,379.29,MXN,APROBADA,QR,N
TRX0003742,2026-01-07 16:18:43,Super Norteno,supermercado,Monterrey,TPV03-MON,Elena Gonzalez,elena.gonzalez143@correo.mx,1660,MASTERCARD,3378.17,MXN,APROBADA,QR,N
TRX0003743,2026-05-02 09:59:28,CAFE AURORA,Restaurante,Guadalajara,TPV04-GUA,Miguel Gonzalez,miguel.gonzalez154@correo.mx,1692,MASTERCARD,234.41,MXN,APROBADA,CHIP,N
TRX0003744,2026-03-03 18:37:04,GASOLINERA KM 12,combustible,Puebla,TPV04-PUE,Carmen Mendoza,carmen.mendoza95@correo.mx,6566,AMEX,1441.03,MXN,APROBADA,BANDA,N
TRX0003745,2026-03-14 21:16:51,Boutique Iris,VESTIMENTA,Ciudad de Mexico,TPV03-CIU,Ivan Mendoza,ivan.mendoza21@correo.mx,2908,MASTERCARD,4296.19,MXN,APROBADA,QR,N
TRX0003746,2026-04-07 21:16:39,Super Nortenio,Supermercado,Monterrey,TPV02-MON,Sofia Nunez,sofia.nunez134@correo.mx,9193,AMEX,3174.52,MXN,APROBADA,CHIP,N
TRX0003747,2026-03-29 15:38:50,Boutique Iris,Ropa,Ciudad de Mexico,TPV04-CIU,Elena Zamora,elena.zamora16@correo.mx,2698,VISA,2568.42,MXN,APROBADA,CHIP,N
TRX0003748,2026-04-15 20:40:24,Cafe Aurora,restaurante,Guadalajara,TPV01-GUA,Raul Mendoza,raul.mendoza90@correo.mx,1177,AMEX,452.38,MXN,REVERSADA,BANDA,N
TRX0003749,2026-02-05 20:59:14,Farmacia del Sol,farmacia,Ciudad de Mexico,TPV01-CIU,Sofia Rivas,sofia.rivas81@correo.mx,4001,VISA,347.05,MXN,REVERSADA,MANUAL,N
TRX0003750,2026-01-19 14:45:43,Cafe Aurora,restaurante,Guadalajara,TPV04-GUA,Raul Gonzalez,raul.gonzalez74@correo.mx,9447,VISA,457.26,MXN,APROBADA,MANUAL,N
TRX0003751,2026-01-11 13:06:37,VIAJES ALTAMAR,Viajes,Cancun,TPV04-CAN,Ivan Nunez,ivan.nunez88@correo.mx,1309,MASTERCARD,12772.86,MXN,APROBADA,BANDA,N
TRX0003752,2026-06-01 14:23:58,Boutique Iris,ropa,Ciudad de Mexico,TPV02-CIU,Raul Mendoza,raul.mendoza30@correo.mx,7314,MASTERCARD,3293.33,MXN,APROBADA,CHIP,N
TRX0003753,2026-06-26 21:05:19,Super Norteno,SUPER,Monterrey,TPV03-MON,Elena Zamora,elena.zamora178@correo.mx,7623,AMEX,1539.43,MXN,APROBADA,QR,N
TRX0003754,2026-03-25 18:52:47,Super Norteno,supermercado,Monterrey,TPV01-MON,Luis Salazar,luis.salazar75@correo.mx,4376,MASTERCARD,1495.77,MXN,APROBADA,QR,N
TRX0003755,2026-06-08 10:20:57,Super Nortenio,supermercado,Monterrey,TPV04-MON,Elena Trejo,elena.trejo73@correo.mx,9973,AMEX,1122.17,MXN,REVERSADA,MANUAL,N
TRX0003756,2026-04-21 17:46:14,FARMACIA DEL SOL,Farmacia,Ciudad de Mexico,TPV01-CIU,Ivan Gonzalez,ivan.gonzalez41@correo.mx,2888,AMEX,317.6,MXN,APROBADA,BANDA,N
TRX0003757,2026-01-28 07:37:58,Gasolinera Km 12,combustible,Puebla,TPV04-PUE,Jorge Herrera,jorge.herrera46@correo.mx,2925,AMEX,1437.08,MXN,RECHAZADA,QR,N
TRX0003758,2026-05-16 18:30:16,BOUTIQUE IRIS,VESTIMENTA,Ciudad de Mexico,TPV04-CIU,Jorge Delgado,jorge.delgado66@correo.mx,7754,VISA,4805.52,MXN,RECHAZADA,CHIP,N
TRX0003759,2026-06-15 09:59:35,Super Norteno,supermercado,Monterrey,TPV03-MON,Patricia Rivas,patricia.rivas157@correo.mx,8006,VISA,810.84,MXN,APROBADA,BANDA,N
TRX0003760,2026-01-06 10:34:13,CAFE AURORA,restaurante,Guadalajara,TPV04-GUA,Rocio Herrera,rocio.herrera165@correo.mx,6020,VISA,182.55,MXN,APROBADA,CHIP,N
TRX0003761,2026-04-13 16:37:32,SUPER NORTENO,Supermercado,Monterrey,TPV02-MON,Fernando Salazar,fernando.salazar63@correo.mx,5089,MASTERCARD,1452.06,MXN,APROBADA,BANDA,N
TRX0003762,2026-03-26 12:34:31,Cafe Aurora,restaurante,Guadalajara,TPV04-GUA,Ana Ramirez,ana.ramirez100@correo.mx,7540,MASTERCARD,204.05,MXN,RECHAZADA,CHIP,N
TRX0003763,2026-01-24 08:44:07,Super Nortenio,supermercado,Monterrey,TPV04-MON,Luis Ramirez,luis.ramirez58@correo.mx,6479,AMEX,3107.09,MXN,RECHAZADA,BANDA,N
TRX0003764,2026-04-12 17:43:13,Cafe Aurora,restaurante,Guadalajara,TPV04-GUA,Ivan Trejo,ivan.trejo180@correo.mx,8045,MASTERCARD,60.31,MXN,APROBADA,QR,N
TRX0003765,2026-03-14 18:02:09,Cafe Aurora,Restaurante,Guadalajara,TPV02-GUA,Miguel Trejo,miguel.trejo115@correo.mx,2634,VISA,148.42,MXN,REVERSADA,BANDA,N
TRX0003766,2026-05-14 15:23:00,Super Norteno,Supermercado,Monterrey,TPV04-MON,Luis Herrera,luis.herrera5@correo.mx,7395,MASTERCARD,2067.32,MXN,APROBADA,BANDA,N
TRX0003767,2026-01-12 06:52:39,Gasolinera Km 12,Combustible,Puebla,TPV02-PUE,Elena Ramirez,elena.ramirez4@correo.mx,8580,VISA,1047.64,MXN,APROBADA,QR,N
TRX0003768,2026-01-22 17:15:31,SUPER NORTENO,SUPER,Monterrey,TPV03-MON,Luis Rivas,luis.rivas99@correo.mx,1585,MASTERCARD,3488.71,MXN,APROBADA,CONTACTLESS,N
TRX0003769,2026-01-29 21:22:00,SUPER NORTENO,Supermercado,Monterrey,TPV01-MON,Carmen Nunez,carmen.nunez31@correo.mx,2556,AMEX,3468.42,MXN,APROBADA,QR,N
TRX0003770,2026-03-27 20:45:14,BOUTIQUE IRIS,ropa,Ciudad de Mexico,TPV03-CIU,Rocio Zamora,rocio.zamora85@correo.mx,2544,AMEX,1771.55,MXN,APROBADA,QR,N
TRX0003771,2026-06-17 14:18:11,FARMACIA DEL SOL,Farmacia,Ciudad de Mexico,TPV01-CIU,Raul Delgado,raul.delgado105@correo.mx,6357,VISA,197.61,MXN,APROBADA,QR,N
TRX0003772,2026-04-27 19:30:49,Cafe Aurora,Restaurante,Guadalajara,TPV03-GUA,Raul Delgado,raul.delgado142@correo.mx,4207,AMEX,230.52,MXN,APROBADA,BANDA,N
TRX0003773,2026-01-26 13:39:53,SUPER NORTENO,supermercado,Monterrey,TPV03-MON,Sofia Nunez,sofia.nunez134@correo.mx,9193,AMEX,1246.29,MXN,APROBADA,MANUAL,N
TRX0003774,2026-04-09 08:21:20,Cafe Aurora,restaurante,Guadalajara,TPV01-GUA,Fernando Ramirez,fernando.ramirez126@correo.mx,7487,AMEX,64.19,MXN,APROBADA,QR,N
TRX0003775,2026-05-31 21:06:05,Boutique Iris,VESTIMENTA,Ciudad de Mexico,TPV03-CIU,Raul Trejo,raul.trejo125@correo.mx,4936,VISA,3106.56,MXN,APROBADA,BANDA,N
TRX0003776,2026-04-25 19:54:39,Super Norteno,Supermercado,Monterrey,TPV01-MON,Raul Zamora,raul.zamora124@correo.mx,6787,AMEX,1906.81,MXN,REVERSADA,MANUAL,N
TRX0003777,2026-02-23 19:43:07,FARMACIA DEL SOL,Farmacia,Ciudad de Mexico,TPV04-CIU,Patricia Herrera,patricia.herrera3@correo.mx,4061,VISA,791.34,MXN,RECHAZADA,CHIP,N
TRX0003778,2026-01-08 15:52:17,SUPER NORTENO,Supermercado,Monterrey,TPV01-MON,Lucia Delgado,lucia.delgado120@correo.mx,1162,AMEX,1575.54,MXN,APROBADA,BANDA,N
TRX0003779,2026-03-06 11:33:37,ELECTRO MAYA,Electronica,Merida,TPV04-MER,Fernando Zamora,fernando.zamora156@correo.mx,3541,MASTERCARD,11027.19,MXN,APROBADA,BANDA,N
TRX0003780,2026-06-16 07:11:43,Electro Maya,ELECTRO,Merida,TPV01-MER,Sofia Vargas,sofia.vargas19@correo.mx,1099,MASTERCARD,9833.82,MXN,APROBADA,BANDA,N
TRX0003781,2026-06-21 15:11:01,SUPER NORTENO,SUPER,Monterrey,TPV02-MON,Patricia Vargas,patricia.vargas26@correo.mx,4933,VISA,2347.74,MXN,RECHAZADA,MANUAL,N
TRX0003782,2026-02-24 06:14:13,Cafe Aurora,restaurante,Guadalajara,TPV02-GUA,Patricia Rivas,patricia.rivas157@correo.mx,8006,VISA,204.7,MXN,APROBADA,QR,N
TRX0003783,2026-05-22 20:52:02,FARMACIA DEL SOL,FARM,Ciudad de Mexico,TPV03-CIU,Ana Ramirez,ana.ramirez100@correo.mx,7772,VISA,148.67,MXN,APROBADA,QR,N
TRX0003784,2026-03-13 15:13:40,Gasolinera Km 12,Combustible,Puebla,TPV04-PUE,Patricia Delgado,patricia.delgado67@correo.mx,2557,MASTERCARD,875.71,MXN,APROBADA,CHIP,N
TRX0003785,2026-03-09 18:51:57,FARMACIA DEL SOL,Farmacia,Ciudad de Mexico,TPV01-CIU,Elena Ramirez,elena.ramirez61@correo.mx,8246,AMEX,427.78,MXN,REVERSADA,BANDA,N
TRX0003786,2026-04-17 18:06:10,Boutique Iris,ropa,Ciudad de Mexico,TPV01-CIU,Fernando Herrera,fernando.herrera177@correo.mx,7418,VISA,2949.78,MXN,APROBADA,QR,N
TRX0003787,2026-06-23 06:27:07,BOUTIQUE IRIS,Ropa,Ciudad de Mexico,TPV01-CIU,Jorge Gonzalez,jorge.gonzalez138@correo.mx,4950,AMEX,5777.34,MXN,APROBADA,QR,N
TRX0003788,2026-03-18 08:56:49,Super Norteno,Supermercado,Monterrey,TPV04-MON,Lucia Vargas,lucia.vargas64@correo.mx,5333,VISA,2069.18,MXN,APROBADA,MANUAL,N
TRX0003789,2026-03-12 08:18:23,Farmacia del Sol,FARM,Ciudad de Mexico,TPV02-CIU,Fernando Herrera,fernando.herrera168@correo.mx,8810,VISA,572.35,MXN,APROBADA,CONTACTLESS,N
TRX0003790,2026-06-10 20:00:42,Boutique  Iris,Ropa,Ciudad de Mexico,TPV04-CIU,Rocio Salazar,rocio.salazar98@correo.mx,9662,VISA,1606.27,MXN,APROBADA,BANDA,N
TRX0003791,2026-05-16 09:41:33,Viajes Altamar,viajes,Cancun,TPV03-CAN,Luis Herrera,luis.herrera5@correo.mx,7395,MASTERCARD,12574.19,MXN,APROBADA,QR,N
TRX0003792,2026-06-23 20:36:26,ELECTRO MAYA,electronica,Merida,TPV04-MER,Raul Delgado,raul.delgado169@correo.mx,7678,VISA,16358.37,MXN,RECHAZADA,CHIP,N
TRX0003793,2026-04-28 14:19:06,SUPER NORTENO,SUPER,Monterrey,TPV04-MON,Carmen Ramirez,carmen.ramirez111@correo.mx,1829,VISA,1854.62,MXN,APROBADA,BANDA,N
TRX0003794,2026-01-01 10:59:04,Cafe Aurora,restaurante,Guadalajara,TPV04-GUA,Elena Trejo,elena.trejo113@correo.mx,4568,MASTERCARD,312.5,MXN,APROBADA,QR,N
TRX0003795,2026-02-07 07:17:29,ELECTRO MAYA,electronica,Merida,TPV01-MER,Ivan Mendoza,ivan.mendoza21@correo.mx,2908,MASTERCARD,2991.6,MXN,APROBADA,QR,N
TRX0003796,2026-03-04 09:59:33,Super Norteno,SUPER,Monterrey,TPV04-MON,Lucia Zamora,lucia.zamora108@correo.mx,3262,MASTERCARD,3434.36,MXN,APROBADA,MANUAL,N
TRX0003797,2026-06-01 14:06:51,CAFE AURORA,Restaurante,Guadalajara,TPV03-GUA,Miguel Cortes,miguel.cortes97@correo.mx,9422,MASTERCARD,152.9,MXN,APROBADA,CHIP,N
TRX0003798,2026-02-16 17:57:30,Super Norteno,SUPER,Monterrey,TPV01-MON,Elena Ramirez,elena.ramirez61@correo.mx,8246,AMEX,1396.5,MXN,REVERSADA,BANDA,N
TRX0003799,2026-05-19 06:14:02,SUPER NORTENO,SUPER,Monterrey,TPV03-MON,Sofia Rivas,sofia.rivas81@correo.mx,4001,VISA,431.8,MXN,APROBADA,MANUAL,N
TRX0003800,2026-06-06 09:56:45,SUPER NORTENO,SUPER,Monterrey,TPV02-MON,Rocio Herrera,rocio.herrera165@correo.mx,6020,VISA,653.35,MXN,APROBADA,BANDA,N
TRX0003801,2026-05-12 15:31:54,Cafe Aurora,restaurante,Guadalajara,TPV01-GUA,Ana Trejo,ana.trejo51@correo.mx,9690,MASTERCARD,222.67,MXN,APROBADA,QR,N
TRX0003802,2026-05-02 20:12:49,Farmacia del Sol ,FARM,Ciudad de Mexico,TPV04-CIU,Ana Cortes,ana.cortes53@correo.mx,9845,MASTERCARD,220.11,MXN,APROBADA,BANDA,N
TRX0003803,2026-03-24 17:41:51,FARMACIA DEL SOL,farmacia,Ciudad de Mexico,TPV01-CIU,Hector Mendoza,hector.mendoza10@correo.mx,6846,VISA,839.05,MXN,APROBADA,CHIP,N
TRX0003804,2026-02-07 12:32:48,Farmacia del Sol,farmacia,Ciudad de Mexico,TPV01-CIU,Jorge Rivas,jorge.rivas128@correo.mx,7387,MASTERCARD,818.93,MXN,APROBADA,QR,N
TRX0003805,2026-03-25 18:27:41,Gasolinera Km 12,Combustible,Puebla,TPV03-PUE,Ana Mendoza,ana.mendoza27@correo.mx,5764,VISA,940.83,MXN,APROBADA,BANDA,N
TRX0003806,2026-04-16 21:15:21,ELECTRO MAYA,ELECTRO,Merida,TPV01-MER,Hector Herrera,hector.herrera79@correo.mx,3159,VISA,15579.71,MXN,APROBADA,MANUAL,N
TRX0003807,2026-03-26 14:45:28,Electro Maya,Electronica,Merida,TPV02-MER,Sofia Rivas,sofia.rivas81@correo.mx,4001,VISA,3503.15,MXN,APROBADA,BANDA,N
TRX0003808,2026-05-19 15:42:47,Super Norteno,SUPER,Monterrey,TPV02-MON,Elena Rivas,elena.rivas20@correo.mx,9752,AMEX,3225.95,MXN,REVERSADA,MANUAL,N
TRX0003809,2026-03-05 07:02:32,GASOLINERA KM 12,combustible,Puebla,TPV04-PUE,Teresa Rivas,teresa.rivas25@correo.mx,6114,AMEX,939.19,MXN,APROBADA,QR,N
TRX0003810,2026-03-13 13:44:26,Super Norteno,Supermercado,Monterrey,TPV02-MON,Sofia Vargas,sofia.vargas19@correo.mx,1099,MASTERCARD,3418.87,MXN,APROBADA,QR,N
TRX0003811,2026-01-08 16:29:42,Super Norteno,Supermercado,Monterrey,TPV03-MON,Raul Gonzalez,raul.gonzalez179@correo.mx,8333,MASTERCARD,3190.48,MXN,APROBADA,CHIP,N
TRX0003812,2026-03-10 16:37:01,FARMACIA DEL SOL,farmacia,Ciudad de Mexico,TPV01-CIU,Hector Nunez,hector.nunez38@correo.mx,3109,AMEX,341.76,MXN,APROBADA,BANDA,N
TRX0003813,2026-06-02 07:50:10,Viajes Altamar,viajes,Cancun,TPV03-CAN,Teresa Gonzalez,teresa.gonzalez24@correo.mx,8230,VISA,29050.47,MXN,APROBADA,CHIP,N
TRX0003814,2026-05-09 16:34:10,Farmacia del Sol ,Farmacia,Ciudad de Mexico,TPV02-CIU,Jorge Herrera,jorge.herrera112@correo.mx,5612,MASTERCARD,280.43,MXN,RECHAZADA,CONTACTLESS,N
TRX0003815,2026-02-03 07:09:25,Cafe Aurora,restaurante,Guadalajara,TPV02-GUA,Miguel Nunez,miguel.nunez82@correo.mx,8132,AMEX,358.19,MXN,APROBADA,BANDA,N
TRX0003816,2026-01-27 12:42:33,Super Nortenio,Supermercado,Monterrey,TPV03-MON,Patricia Ramirez,patricia.ramirez130@correo.mx,8241,AMEX,3268.88,MXN,APROBADA,CHIP,N
TRX0003817,2026-01-20 12:01:35,ELECTRO MAYA,ELECTRO,Merida,TPV04-MER,Elena Gonzalez,elena.gonzalez143@correo.mx,1660,MASTERCARD,8714.89,MXN,APROBADA,QR,N
TRX0003818,2026-01-03 16:32:31,CAFE AURORA,restaurante,Guadalajara,TPV01-GUA,Lucia Ramirez,lucia.ramirez48@correo.mx,2913,VISA,381.24,MXN,APROBADA,MANUAL,N
TRX0003819,2026-01-18 10:23:47,Boutique Iris,ropa,Ciudad de Mexico,TPV04-CIU,Miguel Cortes,miguel.cortes97@correo.mx,9422,MASTERCARD,655.99,MXN,APROBADA,CHIP,N
TRX0003820,2026-03-08 20:39:03,Super Norteno,supermercado,Monterrey,TPV01-MON,Jorge Rivas,jorge.rivas78@correo.mx,8391,AMEX,806.2,MXN,APROBADA,MANUAL,N
TRX0003821,2026-02-15 19:53:32,Boutique  Iris,VESTIMENTA,Ciudad de Mexico,TPV02-CIU,Lucia Ramirez,lucia.ramirez152@correo.mx,6278,MASTERCARD,3487.32,MXN,APROBADA,BANDA,N
TRX0003822,2026-05-25 11:57:27,GASOLINERA KM 12,Combustible,Puebla,TPV02-PUE,Elena Ramirez,elena.ramirez61@correo.mx,8246,AMEX,1650.6,MXN,RECHAZADA,CONTACTLESS,N
TRX0003823,2026-05-21 15:26:28,BOUTIQUE IRIS,VESTIMENTA,Ciudad de Mexico,TPV04-CIU,Elena Cortes,elena.cortes68@correo.mx,5599,AMEX,1375.33,MXN,APROBADA,CHIP,N
TRX0003824,2026-01-25 12:59:44,CAFE AURORA,Restaurante,Guadalajara,TPV03-GUA,Hector Mendoza,hector.mendoza10@correo.mx,6846,VISA,72.86,MXN,REVERSADA,BANDA,N
TRX0003825,2026-05-20 13:39:23,Cafe Aurora,Restaurante,Guadalajara,TPV03-GUA,Elena Ramirez,elena.ramirez8@correo.mx,3648,MASTERCARD,391.59,MXN,APROBADA,BANDA,N
TRX0003826,2026-02-16 12:39:51,BOUTIQUE IRIS,ropa,Ciudad de Mexico,TPV04-CIU,Miguel Ramirez,miguel.ramirez132@correo.mx,5849,MASTERCARD,2519.3,MXN,APROBADA,MANUAL,N
TRX0003827,2026-06-01 21:27:27,Electro Maya,Electronica,Merida,TPV03-MER,Sofia Trejo,sofia.trejo80@correo.mx,8498,MASTERCARD,5158.83,MXN,APROBADA,CHIP,N
TRX0003828,2026-01-29 20:40:22,FARMACIA DEL SOL,FARM,Ciudad de Mexico,TPV02-CIU,Miguel Cortes,miguel.cortes97@correo.mx,9422,MASTERCARD,785.61,MXN,APROBADA,QR,N
TRX0003829,2026-06-21 12:31:03,BOUTIQUE IRIS,VESTIMENTA,Ciudad de Mexico,TPV03-CIU,Teresa Rivas,teresa.rivas6@correo.mx,1505,MASTERCARD,1260.54,MXN,APROBADA,BANDA,N
TRX0003830,2026-05-17 16:21:48,GASOLINERA KM 12,combustible,Puebla,TPV03-PUE,Teresa Herrera,teresa.herrera35@correo.mx,4201,VISA,681.26,MXN,APROBADA,CONTACTLESS,N
TRX0003831,2026-04-03 12:39:38,FARMACIA DEL SOL,Farmacia,Ciudad de Mexico,TPV02-CIU,Jorge Herrera,jorge.herrera112@correo.mx,5612,MASTERCARD,169.49,MXN,RECHAZADA,CONTACTLESS,N
TRX0003832,2026-01-15 10:45:18,Boutique  Iris,ropa,Ciudad de Mexico,TPV03-CIU,Luis Ramirez,luis.ramirez58@correo.mx,8936,MASTERCARD,1393.59,MXN,APROBADA,CHIP,N
TRX0003833,2026-06-28 18:57:00,CAFE AURORA,Restaurante,Guadalajara,TPV03-GUA,Luis Ramirez,luis.ramirez39@correo.mx,8712,VISA,129.51,MXN,APROBADA,CHIP,N
TRX0003834,2026-02-06 21:06:50,Farmacia del Sol ,FARM,Ciudad de Mexico,TPV02-CIU,Raul Cortes,raul.cortes116@correo.mx,1792,MASTERCARD,212.04,MXN,APROBADA,CONTACTLESS,N
TRX0003835,2026-05-31 09:31:27,GASOLINERA KM 12,combustible,Puebla,TPV04-PUE,Hector Delgado,hector.delgado49@correo.mx,4702,VISA,311.53,MXN,RECHAZADA,QR,N
TRX0003836,2026-02-24 19:18:34,SUPER NORTENO,SUPER,Monterrey,TPV01-MON,Jorge Gonzalez,jorge.gonzalez138@correo.mx,4950,AMEX,2355.88,MXN,APROBADA,MANUAL,S
TRX0003837,2026-02-04 13:51:08,GASOLINERA KM 12,combustible,Puebla,TPV03-PUE,Rocio Ramirez,rocio.ramirez12@correo.mx,2195,MASTERCARD,1256.62,MXN,REVERSADA,BANDA,N
TRX0003838,2026-01-12 11:02:52,Boutique  Iris,VESTIMENTA,Ciudad de Mexico,TPV03-CIU,Hector Herrera,hector.herrera79@correo.mx,6221,MASTERCARD,5230.06,MXN,RECHAZADA,BANDA,N
TRX0003839,2026-01-12 12:30:52,ELECTRO MAYA,Electronica,Merida,TPV01-MER,Lucia Zamora,lucia.zamora108@correo.mx,3262,MASTERCARD,7596.33,MXN,APROBADA,CONTACTLESS,N
TRX0003840,2026-01-20 08:13:07,Super Norteno,supermercado,Monterrey,TPV02-MON,Patricia Mendoza,patricia.mendoza140@correo.mx,8731,VISA,1071.34,MXN,RECHAZADA,CONTACTLESS,N
TRX0003841,2026-01-27 18:37:16,Cafe Aurora,restaurante,Guadalajara,TPV02-GUA,Lucia Herrera,lucia.herrera11@correo.mx,1104,VISA,93.54,MXN,APROBADA,CHIP,N
TRX0003842,2026-05-03 08:40:51,Super Nortenio,Supermercado,Monterrey,TPV02-MON,Ana Salazar,ana.salazar102@correo.mx,3316,AMEX,249.29,MXN,RECHAZADA,CONTACTLESS,N
TRX0003843,2026-03-03 17:58:03,Super Nortenio,Supermercado,Monterrey,TPV04-MON,Lucia Vargas,lucia.vargas7@correo.mx,4691,AMEX,420.92,MXN,APROBADA,BANDA,N
TRX0003844,2026-02-20 09:28:17,Farmacia del Sol ,FARM,Ciudad de Mexico,TPV02-CIU,Sofia Ramirez,sofia.ramirez84@correo.mx,8467,MASTERCARD,332.06,MXN,APROBADA,CHIP,N
TRX0003845,2026-05-18 08:32:49,Super Norteno,Supermercado,Monterrey,TPV01-MON,Hector Delgado,hector.delgado137@correo.mx,3321,AMEX,1714.51,MXN,APROBADA,CONTACTLESS,N
TRX0003846,2026-05-05 12:22:54,FARMACIA DEL SOL,FARM,Ciudad de Mexico,TPV02-CIU,Teresa Mendoza,teresa.mendoza159@correo.mx,6739,VISA,833.44,MXN,APROBADA,QR,N
TRX0003847,2026-03-24 19:19:40,Farmacia del Sol ,Farmacia,Ciudad de Mexico,TPV03-CIU,Teresa Salazar,teresa.salazar118@correo.mx,4699,VISA,179.32,MXN,APROBADA,CONTACTLESS,N
TRX0003848,2026-03-12 19:00:10,Super Nortenio,Supermercado,Monterrey,TPV03-MON,Elena Trejo,elena.trejo73@correo.mx,9973,AMEX,1472.89,MXN,APROBADA,CHIP,N
TRX0003849,2026-03-18 13:27:17,Farmacia del Sol,FARM,Ciudad de Mexico,TPV02-CIU,Sofia Ramirez,sofia.ramirez84@correo.mx,1287,MASTERCARD,579.75,MXN,REVERSADA,CHIP,N
TRX0003850,2026-02-18 16:28:19,CAFE AURORA,restaurante,Guadalajara,TPV02-GUA,Luis Salazar,luis.salazar75@correo.mx,4376,MASTERCARD,174.76,MXN,APROBADA,QR,N
TRX0003851,2026-03-22 09:24:09,GASOLINERA KM 12,Combustible,Puebla,TPV01-PUE,Fernando Ramirez,fernando.ramirez126@correo.mx,7487,AMEX,1509.14,MXN,APROBADA,MANUAL,N
TRX0003852,2026-03-30 14:46:41,Farmacia del Sol,FARM,Ciudad de Mexico,TPV01-CIU,Raul Delgado,raul.delgado142@correo.mx,4207,AMEX,157.95,MXN,APROBADA,QR,N
TRX0003853,2026-01-17 15:29:42,CAFE AURORA,restaurante,Guadalajara,TPV02-GUA,Elena Zamora,elena.zamora151@correo.mx,7344,AMEX,452.16,MXN,APROBADA,CHIP,N
TRX0003854,2026-03-27 18:27:13,Super Nortenio,SUPER,Monterrey,TPV01-MON,Fernando Mendoza,fernando.mendoza109@correo.mx,1447,AMEX,937.51,MXN,APROBADA,QR,N
TRX0003855,2026-02-02 15:30:09,Super Norteno,SUPER,Monterrey,TPV01-MON,Miguel Herrera,miguel.herrera166@correo.mx,4697,AMEX,662.56,MXN,APROBADA,BANDA,N
TRX0003856,2026-01-17 13:05:40,Gasolinera Km 12,combustible,Puebla,TPV03-PUE,Elena Trejo,elena.trejo113@correo.mx,8853,VISA,1037.06,MXN,APROBADA,CHIP,N
TRX0003857,2026-06-18 18:34:37,Super Norteno,supermercado,Monterrey,TPV03-MON,Patricia Herrera,patricia.herrera3@correo.mx,4061,VISA,1162.79,MXN,RECHAZADA,BANDA,N
TRX0003858,2026-04-04 20:08:01,ELECTRO MAYA,ELECTRO,Merida,TPV04-MER,Rocio Rivas,rocio.rivas87@correo.mx,7957,VISA,16261.13,MXN,APROBADA,QR,N
TRX0003859,2026-03-23 15:47:03,Super Norteno,Supermercado,Monterrey,TPV04-MON,Elena Delgado,elena.delgado149@correo.mx,9248,MASTERCARD,3207.77,MXN,APROBADA,MANUAL,N
TRX0003860,2026-02-16 18:13:54,Boutique  Iris,Ropa,Ciudad de Mexico,TPV03-CIU,Sofia Salazar,sofia.salazar146@correo.mx,4742,VISA,2631.9,MXN,APROBADA,CONTACTLESS,N
TRX0003861,2026-06-10 08:19:23,Viajes Altamar,viajes,Cancun,TPV04-CAN,Luis Zamora,luis.zamora9@correo.mx,1462,AMEX,29803.39,MXN,APROBADA,QR,N
TRX0003862,2026-01-20 14:00:46,Gasolinera Km 12,Combustible,Puebla,TPV04-PUE,Ana Salazar,ana.salazar102@correo.mx,3316,AMEX,1457.89,MXN,REVERSADA,CHIP,N
TRX0003863,2026-05-21 11:05:02,SUPER NORTENO,Supermercado,Monterrey,TPV02-MON,Elena Ramirez,elena.ramirez61@correo.mx,8246,AMEX,2637.84,MXN,REVERSADA,BANDA,N
TRX0003864,2026-03-04 10:09:59,Super Nortenio,supermercado,Monterrey,TPV03-MON,Lucia Herrera,lucia.herrera11@correo.mx,1104,VISA,839.62,MXN,APROBADA,CONTACTLESS,N
TRX0003865,2026-03-08 16:10:14,Super Nortenio,SUPER,Monterrey,TPV03-MON,Raul Vargas,raul.vargas106@correo.mx,1214,AMEX,1424.22,MXN,APROBADA,CONTACTLESS,N
TRX0003866,2026-03-07 14:06:41,Super Norteno,Supermercado,Monterrey,TPV03-MON,Lucia Zamora,lucia.zamora108@correo.mx,3262,MASTERCARD,1973.14,MXN,APROBADA,QR,N
TRX0003867,2026-01-12 13:20:31,Super Nortenio,supermercado,Monterrey,TPV01-MON,Ivan Gonzalez,ivan.gonzalez41@correo.mx,2888,AMEX,1202.39,MXN,REVERSADA,CHIP,N
TRX0003868,2026-01-19 21:01:55,Cafe Aurora,Restaurante,Guadalajara,TPV01-GUA,Patricia Rivas,patricia.rivas157@correo.mx,8006,VISA,313.12,MXN,APROBADA,MANUAL,N
TRX0003869,2026-02-08 16:59:24,Boutique  Iris,ropa,Ciudad de Mexico,TPV02-CIU,Ana Mendoza,ana.mendoza27@correo.mx,5764,VISA,4944.29,MXN,APROBADA,QR,N
TRX0003870,2026-06-19 18:52:18,SUPER NORTENO,SUPER,Monterrey,TPV03-MON,Lucia Ramirez,lucia.ramirez152@correo.mx,6278,MASTERCARD,3306.94,MXN,APROBADA,BANDA,N
TRX0003871,2026-02-07 10:35:10,Super Nortenio,SUPER,Monterrey,TPV04-MON,Lucia Ramirez,lucia.ramirez152@correo.mx,6278,MASTERCARD,2743.0,MXN,RECHAZADA,CONTACTLESS,N
TRX0003872,2026-06-23 19:26:52,VIAJES ALTAMAR,viajes,Cancun,TPV03-CAN,Teresa Mendoza,teresa.mendoza159@correo.mx,6739,VISA,15202.84,MXN,APROBADA,CHIP,N
TRX0003873,2026-06-01 10:35:34,SUPER NORTENO,supermercado,Monterrey,TPV04-MON,Raul Trejo,raul.trejo125@correo.mx,4936,VISA,2030.28,MXN,APROBADA,BANDA,N
TRX0003874,2026-04-07 06:19:32,SUPER NORTENO,supermercado,Monterrey,TPV02-MON,Teresa Mendoza,teresa.mendoza159@correo.mx,6739,VISA,1496.92,MXN,APROBADA,CONTACTLESS,N
TRX0003875,2026-01-13 08:26:30,Super Norteno,supermercado,Monterrey,TPV02-MON,Sofia Nunez,sofia.nunez134@correo.mx,9193,AMEX,2264.08,MXN,APROBADA,CONTACTLESS,N
TRX0003876,2026-01-25 10:12:53,SUPER NORTENO,Supermercado,Monterrey,TPV04-MON,Elena Ramirez,elena.ramirez61@correo.mx,8246,AMEX,900.88,MXN,APROBADA,CONTACTLESS,N
TRX0003877,2026-04-17 08:23:58,Super Nortenio,supermercado,Monterrey,TPV03-MON,Jorge Gonzalez,jorge.gonzalez2@correo.mx,4837,AMEX,1457.4,MXN,APROBADA,MANUAL,N
TRX0003878,2026-01-16 21:05:37,Farmacia del Sol ,FARM,Ciudad de Mexico,TPV03-CIU,Jorge Mendoza,jorge.mendoza47@correo.mx,7512,AMEX,868.95,MXN,APROBADA,CONTACTLESS,N
TRX0003879,2026-05-13 18:36:09,Cafe Aurora,Restaurante,Guadalajara,TPV03-GUA,Lucia Delgado,lucia.delgado120@correo.mx,1162,AMEX,261.73,MXN,REVERSADA,BANDA,N
TRX0003880,2026-03-11 14:44:30,Boutique Iris,VESTIMENTA,Ciudad de Mexico,TPV01-CIU,Fernando Herrera,fernando.herrera177@correo.mx,7418,VISA,4396.09,MXN,APROBADA,MANUAL,N
TRX0003881,2026-04-10 07:00:38,Super Nortenio,SUPER,Monterrey,TPV04-MON,Ana Cortes,ana.cortes53@correo.mx,3646,VISA,3331.88,MXN,APROBADA,QR,N
TRX0003882,2026-05-19 13:00:12,Super Nortenio,supermercado,Monterrey,TPV03-MON,Patricia Gonzalez,patricia.gonzalez33@correo.mx,8690,AMEX,2103.37,MXN,APROBADA,QR,N
TRX0003883,2026-01-22 11:22:00,Farmacia del Sol,Farmacia,Ciudad de Mexico,TPV03-CIU,Rocio Salazar,rocio.salazar15@correo.mx,4224,MASTERCARD,407.8,MXN,APROBADA,CONTACTLESS,N
TRX0003884,2026-06-06 06:20:43,Super Nortenio,supermercado,Monterrey,TPV01-MON,Raul Mendoza,raul.mendoza30@correo.mx,7314,MASTERCARD,2565.52,MXN,APROBADA,CHIP,N
TRX0003885,2026-06-14 11:50:29,Boutique  Iris,ropa,Ciudad de Mexico,TPV03-CIU,Luis Herrera,luis.herrera5@correo.mx,3036,MASTERCARD,2632.73,MXN,APROBADA,CHIP,N
TRX0003886,2026-04-30 17:00:15,Super Norteno,Supermercado,Monterrey,TPV03-MON,Elena Zamora,elena.zamora16@correo.mx,2698,VISA,1771.62,MXN,APROBADA,BANDA,N
TRX0003887,2026-06-21 07:45:46,GASOLINERA KM 12,combustible,Puebla,TPV03-PUE,Patricia Nunez,patricia.nunez52@correo.mx,8415,VISA,591.38,MXN,APROBADA,CONTACTLESS,N
TRX0003888,2026-01-20 20:49:28,ELECTRO MAYA,Electronica,Merida,TPV02-MER,Raul Mendoza,raul.mendoza90@correo.mx,1177,AMEX,8791.01,MXN,REVERSADA,MANUAL,N
TRX0003889,2026-04-03 06:23:53,Boutique Iris,ropa,Ciudad de Mexico,TPV03-CIU,Teresa Herrera,teresa.herrera35@correo.mx,4201,VISA,445.26,MXN,APROBADA,BANDA,N
TRX0003890,2026-03-14 09:37:28,Super Nortenio,Supermercado,Monterrey,TPV01-MON,Miguel Delgado,miguel.delgado23@correo.mx,3807,VISA,3155.89,MXN,APROBADA,QR,N
TRX0003891,2026-02-22 18:32:41,Farmacia del Sol,FARM,Ciudad de Mexico,TPV01-CIU,Sofia Cortes,sofia.cortes153@correo.mx,1495,AMEX,871.49,MXN,APROBADA,QR,N
TRX0003892,2026-03-07 20:49:27,CAFE AURORA,Restaurante,Guadalajara,TPV01-GUA,Elena Trejo,elena.trejo73@correo.mx,9973,AMEX,66.59,MXN,APROBADA,BANDA,N
TRX0003893,2026-02-22 14:36:23,FARMACIA DEL SOL,FARM,Ciudad de Mexico,TPV01-CIU,Sofia Salazar,sofia.salazar146@correo.mx,4742,VISA,750.77,MXN,APROBADA,MANUAL,N
TRX0003894,2026-03-06 18:09:49,SUPER NORTENO,Supermercado,Monterrey,TPV04-MON,Miguel Nunez,miguel.nunez174@correo.mx,2390,MASTERCARD,3293.56,MXN,APROBADA,QR,N
TRX0003895,2026-06-09 21:28:54,GASOLINERA KM 12,combustible,Puebla,TPV03-PUE,Ana Vargas,ana.vargas44@correo.mx,1097,AMEX,1790.41,MXN,APROBADA,QR,N
TRX0003896,2026-06-13 08:31:26,Boutique  Iris,VESTIMENTA,Ciudad de Mexico,TPV04-CIU,Miguel Ramirez,miguel.ramirez132@correo.mx,5849,MASTERCARD,4176.11,MXN,REVERSADA,CONTACTLESS,N
TRX0003897,2026-03-08 06:11:46,Electro Maya,ELECTRO,Merida,TPV04-MER,Sofia Delgado,sofia.delgado119@correo.mx,1778,AMEX,3858.72,MXN,APROBADA,CONTACTLESS,N
TRX0003898,2026-05-12 06:59:22,FARMACIA DEL SOL,FARM,Ciudad de Mexico,TPV01-CIU,Ana Zamora,ana.zamora72@correo.mx,8476,VISA,150.73,MXN,REVERSADA,BANDA,N
TRX0003899,2026-05-07 20:12:38,Boutique  Iris,VESTIMENTA,Ciudad de Mexico,TPV01-CIU,Luis Rivas,luis.rivas99@correo.mx,1585,MASTERCARD,4644.15,MXN,APROBADA,MANUAL,N
TRX0003900,2026-06-24 21:19:42,Super Nortenio,SUPER,Monterrey,TPV01-MON,Lucia Trejo,lucia.trejo32@correo.mx,8092,VISA,378.06,MXN,APROBADA,QR,N
TRX0003901,2026-03-11 16:12:33,Super Nortenio,Supermercado,Monterrey,TPV03-MON,Patricia Herrera,patricia.herrera13@correo.mx,1324,VISA,891.08,MXN,APROBADA,MANUAL,N
TRX0003902,2026-06-15 21:07:05,Super Nortenio,supermercado,Monterrey,TPV02-MON,Patricia Gonzalez,patricia.gonzalez33@correo.mx,5295,AMEX,2341.88,MXN,APROBADA,CHIP,N
TRX0003903,2026-01-29 09:26:35,Super Norteno,SUPER,Monterrey,TPV01-MON,Ivan Trejo,ivan.trejo180@correo.mx,8045,MASTERCARD,839.34,MXN,APROBADA,QR,N
TRX0003904,2026-01-24 20:03:15,SUPER NORTENO,supermercado,Monterrey,TPV01-MON,Ana Salazar,ana.salazar102@correo.mx,3316,AMEX,902.02,MXN,APROBADA,BANDA,N
TRX0003905,2026-03-18 06:44:04,Gasolinera Km 12,Combustible,Puebla,TPV01-PUE,Sofia Salazar,sofia.salazar146@correo.mx,4742,VISA,1717.28,MXN,APROBADA,QR,N
TRX0003906,2026-01-11 17:29:39,Super Nortenio,Supermercado,Monterrey,TPV02-MON,Elena Ramirez,elena.ramirez61@correo.mx,8246,AMEX,3323.51,MXN,APROBADA,QR,N
TRX0003907,2026-01-28 09:50:51,Super Nortenio,Supermercado,Monterrey,TPV03-MON,Raul Zamora,raul.zamora124@correo.mx,6787,AMEX,3184.63,MXN,APROBADA,CONTACTLESS,N
TRX0003908,2026-06-17 13:17:49,Farmacia del Sol ,FARM,Ciudad de Mexico,TPV02-CIU,Sofia Salazar,sofia.salazar146@correo.mx,4742,VISA,399.54,MXN,APROBADA,QR,N
TRX0003909,2026-03-05 17:29:41,Gasolinera Km 12,combustible,Puebla,TPV02-PUE,Elena Vargas,elena.vargas148@correo.mx,9840,AMEX,1291.85,MXN,APROBADA,BANDA,N
TRX0003910,2026-04-29 11:25:56,Viajes Altamar,Viajes,Cancun,TPV02-CAN,Raul Mendoza,raul.mendoza30@correo.mx,7314,MASTERCARD,26294.15,MXN,APROBADA,CHIP,N
TRX0003911,2026-03-26 17:31:07,Boutique Iris,ropa,Ciudad de Mexico,TPV02-CIU,Elena Rivas,elena.rivas20@correo.mx,9752,AMEX,1941.12,MXN,APROBADA,CONTACTLESS,N
TRX0003912,2026-06-18 06:19:59,Farmacia del Sol ,FARM,Ciudad de Mexico,TPV03-CIU,Rocio Nunez,rocio.nunez173@correo.mx,4285,MASTERCARD,168.57,MXN,APROBADA,MANUAL,N
TRX0003913,2026-01-20 20:18:11,Cafe Aurora,Restaurante,Guadalajara,TPV03-GUA,Lucia Herrera,lucia.herrera11@correo.mx,1104,VISA,351.94,MXN,APROBADA,QR,N
TRX0003914,2026-01-06 20:37:16,FARMACIA DEL SOL,FARM,Ciudad de Mexico,TPV03-CIU,Raul Mendoza,raul.mendoza30@correo.mx,7314,MASTERCARD,441.41,MXN,APROBADA,BANDA,N
TRX0003915,2026-06-24 11:43:42,Boutique Iris,ropa,Ciudad de Mexico,TPV03-CIU,Patricia Mendoza,patricia.mendoza140@correo.mx,5378,VISA,807.79,MXN,REVERSADA,CHIP,N
TRX0003916,2026-04-13 13:05:57,Super Nortenio,SUPER,Monterrey,TPV03-MON,Lucia Vargas,lucia.vargas64@correo.mx,5333,VISA,1589.47,MXN,APROBADA,MANUAL,N
TRX0003917,2026-01-11 11:15:58,Boutique Iris,ropa,Ciudad de Mexico,TPV02-CIU,Miguel Gonzalez,miguel.gonzalez28@correo.mx,8632,VISA,3157.5,MXN,APROBADA,CONTACTLESS,N
TRX0003918,2026-05-13 20:12:38,SUPER NORTENO,SUPER,Monterrey,TPV02-MON,Raul Vargas,raul.vargas22@correo.mx,8824,AMEX,2879.98,MXN,APROBADA,CHIP,N
TRX0003919,2026-06-07 16:22:29,Super Norteno,Supermercado,Monterrey,TPV01-MON,Raul Cortes,raul.cortes116@correo.mx,1792,MASTERCARD,3351.63,MXN,APROBADA,MANUAL,N
TRX0003920,2026-04-05 11:05:49,Farmacia del Sol ,FARM,Ciudad de Mexico,TPV02-CIU,Jorge Vargas,jorge.vargas40@correo.mx,2316,AMEX,366.25,MXN,APROBADA,CHIP,N
TRX0003921,2026-01-29 17:09:23,GASOLINERA KM 12,Combustible,Puebla,TPV01-PUE,Carmen Cortes,carmen.cortes76@correo.mx,7986,AMEX,833.62,MXN,APROBADA,QR,N
TRX0003922,2026-06-07 10:01:57,SUPER NORTENO,supermercado,Monterrey,TPV03-MON,Luis Ramirez,luis.ramirez58@correo.mx,6479,AMEX,2057.08,MXN,APROBADA,QR,N
TRX0003923,2026-04-09 10:05:56,Gasolinera Km 12,combustible,Puebla,TPV02-PUE,Rocio Ramirez,rocio.ramirez12@correo.mx,2195,MASTERCARD,649.92,MXN,APROBADA,CONTACTLESS,N
TRX0003924,2026-06-29 10:34:50,Super Nortenio,SUPER,Monterrey,TPV01-MON,Jorge Nunez,jorge.nunez121@correo.mx,3221,AMEX,3386.58,MXN,APROBADA,MANUAL,N
TRX0003925,2026-05-10 18:56:01,Farmacia del Sol,farmacia,Ciudad de Mexico,TPV03-CIU,Miguel Nunez,miguel.nunez82@correo.mx,8132,AMEX,839.23,MXN,APROBADA,BANDA,N
TRX0003926,2026-01-10 12:04:50,Super Nortenio,Supermercado,Monterrey,TPV03-MON,Patricia Herrera,patricia.herrera13@correo.mx,1324,VISA,1660.42,MXN,APROBADA,MANUAL,N
TRX0003927,2026-06-10 21:57:53,FARMACIA DEL SOL,FARM,Ciudad de Mexico,TPV01-CIU,Rocio Zamora,rocio.zamora85@correo.mx,2544,AMEX,746.16,MXN,APROBADA,MANUAL,N
TRX0003928,2026-05-29 15:19:08,CAFE AURORA,Restaurante,Guadalajara,TPV04-GUA,Ana Salazar,ana.salazar102@correo.mx,3316,AMEX,173.48,MXN,APROBADA,MANUAL,N
TRX0003929,2026-02-17 12:59:46,GASOLINERA KM 12,combustible,Puebla,TPV01-PUE,Rocio Vargas,rocio.vargas62@correo.mx,4939,MASTERCARD,1297.09,MXN,APROBADA,MANUAL,N
TRX0003930,2026-05-08 07:42:30,CAFE AURORA,Restaurante,Guadalajara,TPV04-GUA,Luis Herrera,luis.herrera5@correo.mx,7395,MASTERCARD,341.36,MXN,APROBADA,QR,N
TRX0003931,2026-03-02 18:43:29,GASOLINERA KM 12,Combustible,Puebla,TPV01-PUE,Raul Herrera,raul.herrera110@correo.mx,7010,VISA,1046.44,MXN,APROBADA,BANDA,N
TRX0003932,2026-05-16 12:58:25,Boutique  Iris,Ropa,Ciudad de Mexico,TPV03-CIU,Hector Herrera,hector.herrera79@correo.mx,3159,VISA,1097.47,MXN,RECHAZADA,CHIP,N
TRX0003933,2026-03-11 13:40:21,VIAJES ALTAMAR,viajes,Cancun,TPV04-CAN,Raul Zamora,raul.zamora124@correo.mx,6787,AMEX,36154.17,MXN,APROBADA,CONTACTLESS,N
TRX0003934,2026-05-09 13:37:15,Super Norteno,SUPER,Monterrey,TPV01-MON,Jorge Herrera,jorge.herrera46@correo.mx,2925,AMEX,2959.01,MXN,APROBADA,QR,N
TRX0003935,2026-04-05 09:38:22,GASOLINERA KM 12,Combustible,Puebla,TPV02-PUE,Jorge Herrera,jorge.herrera112@correo.mx,5612,MASTERCARD,1015.71,MXN,APROBADA,CONTACTLESS,N
TRX0003936,2026-03-16 12:14:08,Cafe Aurora,restaurante,Guadalajara,TPV02-GUA,Ivan Trejo,ivan.trejo180@correo.mx,8045,MASTERCARD,412.84,MXN,APROBADA,CHIP,N
TRX0003937,2026-06-19 11:33:21,Viajes Altamar,Viajes,Cancun,TPV02-CAN,Sofia Salazar,sofia.salazar146@correo.mx,4742,VISA,10482.93,MXN,APROBADA,BANDA,N
TRX0003938,2026-03-15 09:32:21,FARMACIA DEL SOL,farmacia,Ciudad de Mexico,TPV01-CIU,Raul Vargas,raul.vargas37@correo.mx,5573,AMEX,330.47,MXN,APROBADA,BANDA,N
TRX0003939,2026-04-05 10:20:27,Cafe Aurora,restaurante,Guadalajara,TPV04-GUA,Rocio Ramirez,rocio.ramirez94@correo.mx,3489,VISA,442.91,MXN,APROBADA,CONTACTLESS,N
TRX0003940,2026-02-11 07:16:36,Gasolinera Km 12,combustible,Puebla,TPV03-PUE,Lucia Ramirez,lucia.ramirez43@correo.mx,2509,VISA,563.98,MXN,APROBADA,MANUAL,N
TRX0003941,2026-05-31 07:23:04,BOUTIQUE IRIS,VESTIMENTA,Ciudad de Mexico,TPV04-CIU,Hector Mendoza,hector.mendoza10@correo.mx,6846,VISA,4333.8,MXN,APROBADA,CHIP,N
TRX0003942,2026-04-28 17:34:03,Boutique Iris,ropa,Ciudad de Mexico,TPV02-CIU,Patricia Gonzalez,patricia.gonzalez33@correo.mx,8690,AMEX,401.9,MXN,APROBADA,QR,N
TRX0003943,2026-01-09 16:14:31,CAFE AURORA,Restaurante,Guadalajara,TPV03-GUA,Miguel Delgado,miguel.delgado42@correo.mx,7456,VISA,287.25,MXN,APROBADA,BANDA,N
TRX0003944,2026-06-12 17:34:05,Super Nortenio,SUPER,Monterrey,TPV04-MON,Hector Delgado,hector.delgado137@correo.mx,3321,AMEX,1422.83,MXN,REVERSADA,CONTACTLESS,N
TRX0003945,2026-06-01 07:51:07,Super Norteno,SUPER,Monterrey,TPV01-MON,Elena Ramirez,elena.ramirez61@correo.mx,8246,AMEX,235.95,MXN,APROBADA,CONTACTLESS,N
TRX0003946,2026-05-20 14:13:05,Super Nortenio,supermercado,Monterrey,TPV03-MON,Carmen Ramirez,carmen.ramirez111@correo.mx,1829,VISA,2906.11,MXN,APROBADA,CONTACTLESS,N
TRX0003947,2026-02-18 11:45:06,FARMACIA DEL SOL,Farmacia,Ciudad de Mexico,TPV03-CIU,Jorge Rivas,jorge.rivas128@correo.mx,7387,MASTERCARD,829.99,MXN,APROBADA,QR,N
TRX0003948,2026-06-11 21:31:31,Farmacia del Sol,Farmacia,Ciudad de Mexico,TPV03-CIU,Fernando Nunez,fernando.nunez145@correo.mx,8489,AMEX,446.24,MXN,APROBADA,CONTACTLESS,N
TRX0003949,2026-02-28 08:09:40,Electro Maya,Electronica,Merida,TPV04-MER,Lucia Gonzalez,lucia.gonzalez36@correo.mx,8401,AMEX,3375.11,MXN,RECHAZADA,CONTACTLESS,N
TRX0003950,2026-04-05 16:17:15,GASOLINERA KM 12,combustible,Puebla,TPV04-PUE,Patricia Delgado,patricia.delgado167@correo.mx,8972,VISA,597.9,MXN,APROBADA,QR,N
TRX0003951,2026-02-05 19:29:18,Boutique  Iris,VESTIMENTA,Ciudad de Mexico,TPV02-CIU,Sofia Ramirez,sofia.ramirez84@correo.mx,8467,MASTERCARD,5750.96,MXN,APROBADA,BANDA,N
TRX0003952,2026-03-09 15:16:49,Super Norteno,Supermercado,Monterrey,TPV01-MON,Fernando Mendoza,fernando.mendoza57@correo.mx,8388,AMEX,2519.14,MXN,APROBADA,MANUAL,N
TRX0003953,2026-04-26 09:52:03,ELECTRO MAYA,Electronica,Merida,TPV01-MER,Rocio Cortes,rocio.cortes103@correo.mx,8270,VISA,17762.17,MXN,APROBADA,MANUAL,N
TRX0003954,2026-02-14 19:55:55,Super Norteno,Supermercado,Monterrey,TPV01-MON,Fernando Rivas,fernando.rivas133@correo.mx,6714,MASTERCARD,516.97,MXN,APROBADA,MANUAL,N
TRX0003955,2026-04-13 15:29:20,Farmacia del Sol,farmacia,Ciudad de Mexico,TPV02-CIU,Raul Cortes,raul.cortes116@correo.mx,1792,MASTERCARD,708.08,MXN,APROBADA,MANUAL,N
TRX0003956,2026-02-08 08:38:12,Electro Maya,ELECTRO,Merida,TPV03-MER,Patricia Cortes,patricia.cortes160@correo.mx,4485,VISA,12622.45,MXN,APROBADA,CHIP,N
TRX0003957,2026-05-21 19:26:04,CAFE AURORA,Restaurante,Guadalajara,TPV04-GUA,Sofia Delgado,sofia.delgado119@correo.mx,1778,AMEX,353.44,MXN,RECHAZADA,BANDA,N
TRX0003958,2026-04-21 07:39:04,BOUTIQUE IRIS,Ropa,Ciudad de Mexico,TPV04-CIU,Hector Delgado,hector.delgado49@correo.mx,4702,VISA,5812.43,MXN,APROBADA,CHIP,N
TRX0003959,2026-06-15 12:16:20,Boutique Iris,Ropa,Ciudad de Mexico,TPV04-CIU,Teresa Mendoza,teresa.mendoza159@correo.mx,6739,VISA,5953.9,MXN,APROBADA,CONTACTLESS,N
TRX0003960,2026-06-08 12:17:46,Super Nortenio,Supermercado,Monterrey,TPV03-MON,Ivan Trejo,ivan.trejo180@correo.mx,8045,MASTERCARD,1370.2,MXN,APROBADA,QR,N
TRX0003961,2026-02-15 17:02:56,Super Nortenio,SUPER,Monterrey,TPV03-MON,Hector Mendoza,hector.mendoza10@correo.mx,6846,VISA,2436.11,MXN,APROBADA,BANDA,N
TRX0003962,2026-01-06 19:10:44,ELECTRO MAYA,Electronica,Merida,TPV04-MER,Ana Trejo,ana.trejo51@correo.mx,9690,MASTERCARD,3350.87,MXN,APROBADA,CHIP,S
TRX0003963,2026-06-07 15:56:01,SUPER NORTENO,Supermercado,Monterrey,TPV01-MON,Miguel Gonzalez,miguel.gonzalez154@correo.mx,1692,MASTERCARD,3382.56,MXN,APROBADA,QR,N
TRX0003964,2026-06-18 10:26:09,Farmacia del Sol ,Farmacia,Ciudad de Mexico,TPV04-CIU,Lucia Delgado,lucia.delgado141@correo.mx,6423,VISA,447.02,MXN,APROBADA,QR,N
TRX0003965,2026-03-13 09:50:28,Farmacia del Sol,Farmacia,Ciudad de Mexico,TPV01-CIU,Hector Nunez,hector.nunez38@correo.mx,3109,AMEX,212.7,MXN,APROBADA,CONTACTLESS,N
TRX0003966,2026-05-09 12:32:53,ELECTRO MAYA,electronica,Merida,TPV03-MER,Elena Trejo,elena.trejo73@correo.mx,9973,AMEX,17507.49,MXN,APROBADA,CHIP,N
TRX0003967,2026-06-07 16:20:37,FARMACIA DEL SOL,Farmacia,Ciudad de Mexico,TPV04-CIU,Raul Vargas,raul.vargas22@correo.mx,8824,AMEX,899.78,MXN,APROBADA,CONTACTLESS,N
TRX0003968,2026-05-10 09:18:31,FARMACIA DEL SOL,FARM,Ciudad de Mexico,TPV04-CIU,Jorge Herrera,jorge.herrera46@correo.mx,2925,AMEX,282.06,MXN,REVERSADA,BANDA,N
TRX0003969,2026-04-28 21:30:13,Super Norteno,Supermercado,Monterrey,TPV04-MON,Raul Trejo,raul.trejo125@correo.mx,4936,VISA,1888.84,MXN,APROBADA,MANUAL,N
TRX0003970,2026-01-15 15:18:16,ELECTRO MAYA,electronica,Merida,TPV02-MER,Raul Mendoza,raul.mendoza30@correo.mx,7314,MASTERCARD,23148.35,MXN,APROBADA,CHIP,N
TRX0003971,2026-04-04 10:55:34,SUPER NORTENO,SUPER,Monterrey,TPV03-MON,Elena Ramirez,elena.ramirez4@correo.mx,8580,VISA,2406.24,MXN,REVERSADA,CHIP,N
TRX0003972,2026-06-03 10:46:21,Super Norteno,Supermercado,Monterrey,TPV01-MON,Raul Nunez,raul.nunez70@correo.mx,5287,AMEX,2186.21,MXN,APROBADA,BANDA,N
TRX0003973,2026-03-09 06:56:17,CAFE AURORA,Restaurante,Guadalajara,TPV02-GUA,Sofia Vargas,sofia.vargas19@correo.mx,1099,MASTERCARD,172.22,MXN,APROBADA,CONTACTLESS,N
TRX0003974,2026-04-20 07:27:35,Super Norteno,Supermercado,Monterrey,TPV02-MON,Hector Ramirez,hector.ramirez164@correo.mx,7290,MASTERCARD,516.93,MXN,APROBADA,BANDA,N
TRX0003975,2026-05-10 06:35:22,FARMACIA DEL SOL,FARM,Ciudad de Mexico,TPV04-CIU,Elena Ramirez,elena.ramirez8@correo.mx,3648,MASTERCARD,472.68,MXN,APROBADA,QR,N
TRX0003976,2026-01-25 12:20:37,ELECTRO MAYA,Electronica,Merida,TPV01-MER,Luis Zamora,luis.zamora9@correo.mx,1462,AMEX,21058.33,MXN,APROBADA,QR,N
TRX0003977,2026-02-05 07:06:57,Farmacia del Sol ,FARM,Ciudad de Mexico,TPV03-CIU,Patricia Cortes,patricia.cortes160@correo.mx,9021,MASTERCARD,219.83,MXN,APROBADA,QR,N
TRX0003978,2026-06-13 07:05:46,SUPER NORTENO,supermercado,Monterrey,TPV02-MON,Elena Rivas,elena.rivas20@correo.mx,9752,AMEX,2005.91,MXN,APROBADA,CHIP,N
TRX0003979,2026-03-07 21:31:04,Boutique Iris,VESTIMENTA,Ciudad de Mexico,TPV03-CIU,Lucia Vargas,lucia.vargas131@correo.mx,3615,MASTERCARD,595.64,MXN,REVERSADA,MANUAL,N
TRX0003980,2026-03-07 19:14:10,Super Nortenio,SUPER,Monterrey,TPV01-MON,Patricia Mendoza,patricia.mendoza140@correo.mx,8731,VISA,1076.3,MXN,APROBADA,MANUAL,N
TRX0003981,2026-02-22 12:56:31,Super Nortenio,supermercado,Monterrey,TPV03-MON,Teresa Mendoza,teresa.mendoza55@correo.mx,6130,MASTERCARD,811.65,MXN,APROBADA,BANDA,N
TRX0003982,2026-05-03 18:41:38,Gasolinera Km 12,Combustible,Puebla,TPV03-PUE,Hector Rivas,hector.rivas50@correo.mx,8897,MASTERCARD,491.81,MXN,APROBADA,CHIP,N
TRX0003983,2026-01-03 16:50:38,Super Norteno,supermercado,Monterrey,TPV02-MON,Raul Gonzalez,raul.gonzalez74@correo.mx,9447,VISA,900.06,MXN,APROBADA,CHIP,N
TRX0003984,2026-03-15 20:30:21,Cafe Aurora,restaurante,Guadalajara,TPV03-GUA,Raul Vargas,raul.vargas22@correo.mx,8824,AMEX,126.95,MXN,APROBADA,QR,N
TRX0003985,2026-03-25 18:07:32,FARMACIA DEL SOL,FARM,Ciudad de Mexico,TPV03-CIU,Raul Delgado,raul.delgado105@correo.mx,6357,VISA,626.64,MXN,APROBADA,MANUAL,N
TRX0003986,2026-01-03 14:42:26,SUPER NORTENO,Supermercado,Monterrey,TPV02-MON,Luis Ramirez,luis.ramirez58@correo.mx,6479,AMEX,3308.89,MXN,APROBADA,BANDA,N
TRX0003987,2026-02-26 16:48:23,BOUTIQUE IRIS,ropa,Ciudad de Mexico,TPV02-CIU,Hector Trejo,hector.trejo101@correo.mx,6533,MASTERCARD,2317.02,MXN,REVERSADA,MANUAL,N
TRX0003988,2026-06-24 16:36:56,CAFE AURORA,restaurante,Guadalajara,TPV04-GUA,Carmen Cortes,carmen.cortes76@correo.mx,7986,AMEX,165.82,MXN,APROBADA,MANUAL,N
TRX0003989,2026-02-28 19:47:54,Boutique  Iris,VESTIMENTA,Ciudad de Mexico,TPV01-CIU,Sofia Vargas,sofia.vargas19@correo.mx,1099,MASTERCARD,921.17,MXN,REVERSADA,CHIP,N
TRX0003990,2026-05-03 08:11:28,Boutique  Iris,ropa,Ciudad de Mexico,TPV04-CIU,Patricia Herrera,patricia.herrera3@correo.mx,4061,VISA,900.09,MXN,APROBADA,CONTACTLESS,N
TRX0003991,2026-06-14 06:47:26,Super Norteno,Supermercado,Monterrey,TPV01-MON,Hector Rivas,hector.rivas50@correo.mx,8897,MASTERCARD,1893.07,MXN,APROBADA,QR,N
TRX0003992,2026-05-25 06:52:55,Farmacia del Sol ,FARM,Ciudad de Mexico,TPV04-CIU,Ivan Trejo,ivan.trejo180@correo.mx,8045,MASTERCARD,246.64,MXN,APROBADA,CHIP,N
TRX0003993,2026-04-16 17:53:54,Super Norteno,SUPER,Monterrey,TPV01-MON,Patricia Salazar,patricia.salazar69@correo.mx,4268,MASTERCARD,1991.14,MXN,REVERSADA,CONTACTLESS,N
TRX0003994,2026-04-08 08:09:06,Super Nortenio,SUPER,Monterrey,TPV02-MON,Sofia Salazar,sofia.salazar146@correo.mx,4742,VISA,2616.87,MXN,REVERSADA,CHIP,N
TRX0003995,2026-01-21 14:42:34,BOUTIQUE IRIS,ropa,Ciudad de Mexico,TPV04-CIU,Elena Cortes,elena.cortes68@correo.mx,5599,AMEX,4056.05,MXN,REVERSADA,MANUAL,N
TRX0003996,2026-04-14 20:33:55,BOUTIQUE IRIS,Ropa,Ciudad de Mexico,TPV02-CIU,Lucia Gonzalez,lucia.gonzalez54@correo.mx,2892,AMEX,1421.14,MXN,APROBADA,BANDA,N
TRX0003997,2026-01-18 20:47:52,FARMACIA DEL SOL,Farmacia,Ciudad de Mexico,TPV03-CIU,Ivan Mendoza,ivan.mendoza21@correo.mx,2908,MASTERCARD,577.72,MXN,APROBADA,BANDA,N
TRX0003998,2026-04-08 10:03:10,Boutique  Iris,Ropa,Ciudad de Mexico,TPV01-CIU,Miguel Nunez,miguel.nunez174@correo.mx,2390,MASTERCARD,4785.62,MXN,APROBADA,QR,N
TRX0003999,2026-02-04 21:36:51,Gasolinera Km 12,Combustible,Puebla,TPV01-PUE,Patricia Vargas,patricia.vargas26@correo.mx,4933,VISA,1003.46,MXN,RECHAZADA,MANUAL,N
TRX0004000,2026-03-09 07:33:57,Farmacia del Sol,Farmacia,Ciudad de Mexico,TPV04-CIU,Sofia Nunez,sofia.nunez134@correo.mx,9193,AMEX,294.52,MXN,APROBADA,BANDA,N
TRX0004001,2026-01-27 15:55:16,Super Nortenio,SUPER,Monterrey,TPV04-MON,Raul Herrera,raul.herrera110@correo.mx,7010,VISA,3048.1,MXN,RECHAZADA,CONTACTLESS,N
TRX0004002,2026-01-05 07:28:15,Farmacia del Sol ,FARM,Ciudad de Mexico,TPV03-CIU,Hector Nunez,hector.nunez38@correo.mx,3109,AMEX,478.11,MXN,APROBADA,MANUAL,N
TRX0004003,2026-05-23 17:45:14,Cafe Aurora,restaurante,Guadalajara,TPV01-GUA,Raul Vargas,raul.vargas37@correo.mx,5573,AMEX,376.08,MXN,RECHAZADA,CHIP,N
TRX0004004,2026-02-19 12:52:25,Cafe Aurora,restaurante,Guadalajara,TPV02-GUA,Patricia Nunez,patricia.nunez52@correo.mx,8415,VISA,125.45,MXN,APROBADA,CONTACTLESS,N
TRX0004005,2026-06-20 19:04:17,Super Nortenio,Supermercado,Monterrey,TPV04-MON,Raul Cortes,raul.cortes116@correo.mx,1792,MASTERCARD,2975.01,MXN,APROBADA,QR,N
TRX0004006,2026-03-28 20:10:11,Super Norteno,Supermercado,Monterrey,TPV03-MON,Teresa Mendoza,teresa.mendoza159@correo.mx,6739,VISA,2549.1,MXN,APROBADA,BANDA,N
TRX0004007,2026-02-28 11:18:36,BOUTIQUE IRIS,VESTIMENTA,Ciudad de Mexico,TPV03-CIU,Rocio Herrera,rocio.herrera165@correo.mx,6020,VISA,5070.36,MXN,APROBADA,QR,N
TRX0004008,2026-03-21 12:01:38,BOUTIQUE IRIS,Ropa,Ciudad de Mexico,TPV02-CIU,Miguel Delgado,miguel.delgado42@correo.mx,7456,VISA,1874.27,MXN,APROBADA,BANDA,N
TRX0004009,2026-02-27 19:06:55,FARMACIA DEL SOL,farmacia,Ciudad de Mexico,TPV04-CIU,Ana Salazar,ana.salazar158@correo.mx,2274,MASTERCARD,549.09,MXN,APROBADA,MANUAL,N
TRX0004010,2026-04-26 12:14:18,VIAJES ALTAMAR,viajes,Cancun,TPV02-CAN,Lucia Delgado,lucia.delgado120@correo.mx,1162,AMEX,19498.83,MXN,APROBADA,QR,N
TRX0004011,2026-02-05 17:02:31,Boutique  Iris,ropa,Ciudad de Mexico,TPV04-CIU,Jorge Vargas,jorge.vargas86@correo.mx,5040,MASTERCARD,982.22,MXN,APROBADA,QR,N
TRX0004012,2026-04-16 11:22:49,Super Norteno,SUPER,Monterrey,TPV04-MON,Luis Rivas,luis.rivas99@correo.mx,1585,MASTERCARD,653.1,MXN,REVERSADA,CHIP,N
TRX0004013,2026-01-25 15:51:34,Cafe Aurora,restaurante,Guadalajara,TPV02-GUA,Miguel Delgado,miguel.delgado42@correo.mx,7456,VISA,381.85,MXN,RECHAZADA,CONTACTLESS,N
TRX0004014,2026-02-13 14:19:47,Cafe Aurora,Restaurante,Guadalajara,TPV01-GUA,Teresa Mendoza,teresa.mendoza159@correo.mx,6739,VISA,342.6,MXN,APROBADA,CHIP,N
TRX0004015,2026-01-03 19:52:40,Cafe Aurora,Restaurante,Guadalajara,TPV01-GUA,Teresa Mendoza,teresa.mendoza159@correo.mx,6739,VISA,272.15,MXN,APROBADA,BANDA,N
TRX0004016,2026-06-15 21:08:59,CAFE AURORA,Restaurante,Guadalajara,TPV04-GUA,Lucia Zamora,lucia.zamora108@correo.mx,3262,MASTERCARD,417.39,MXN,APROBADA,MANUAL,N
TRX0004017,2026-04-01 13:37:57,Cafe Aurora,restaurante,Guadalajara,TPV03-GUA,Elena Cortes,elena.cortes68@correo.mx,5599,AMEX,140.23,MXN,APROBADA,CONTACTLESS,N
TRX0004018,2026-03-14 17:39:41,BOUTIQUE IRIS,ropa,Ciudad de Mexico,TPV01-CIU,Ana Cortes,ana.cortes91@correo.mx,8806,AMEX,3586.18,MXN,APROBADA,CONTACTLESS,N
TRX0004019,2026-03-26 11:20:17,Super Nortenio,supermercado,Monterrey,TPV04-MON,Jorge Vargas,jorge.vargas86@correo.mx,5040,MASTERCARD,2112.82,MXN,APROBADA,QR,N
TRX0004020,2026-02-20 20:33:14,CAFE AURORA,restaurante,Guadalajara,TPV03-GUA,Lucia Vargas,lucia.vargas7@correo.mx,4691,AMEX,381.28,MXN,APROBADA,MANUAL,N
TRX0004021,2026-04-22 14:07:10,Cafe Aurora,restaurante,Guadalajara,TPV02-GUA,Fernando Cortes,fernando.cortes170@correo.mx,6842,AMEX,432.66,MXN,APROBADA,MANUAL,N
TRX0004022,2026-03-19 15:15:07,Super Norteno,Supermercado,Monterrey,TPV04-MON,Elena Gonzalez,elena.gonzalez143@correo.mx,1660,MASTERCARD,2466.3,MXN,APROBADA,CHIP,N
TRX0004023,2026-02-10 10:07:59,Farmacia del Sol,FARM,Ciudad de Mexico,TPV04-CIU,Hector Trejo,hector.trejo101@correo.mx,6533,MASTERCARD,285.29,MXN,REVERSADA,MANUAL,N
TRX0004024,2026-06-23 14:18:49,SUPER NORTENO,supermercado,Monterrey,TPV01-MON,Carmen Rivas,carmen.rivas139@correo.mx,4822,AMEX,686.67,MXN,APROBADA,CONTACTLESS,N
TRX0004025,2026-04-27 12:59:52,SUPER NORTENO,SUPER,Monterrey,TPV01-MON,Elena Trejo,elena.trejo73@correo.mx,9973,AMEX,1692.38,MXN,RECHAZADA,QR,N
TRX0004026,2026-03-17 20:13:28,GASOLINERA KM 12,combustible,Puebla,TPV03-PUE,Patricia Gonzalez,patricia.gonzalez127@correo.mx,4793,VISA,1597.65,MXN,APROBADA,MANUAL,N
TRX0004027,2026-02-20 06:52:55,BOUTIQUE IRIS,Ropa,Ciudad de Mexico,TPV03-CIU,Fernando Nunez,fernando.nunez145@correo.mx,5858,AMEX,4581.39,MXN,APROBADA,CHIP,N
TRX0004028,2026-01-26 21:53:05,Super Nortenio,SUPER,Monterrey,TPV03-MON,Ana Zamora,ana.zamora72@correo.mx,8476,VISA,2337.2,MXN,APROBADA,QR,N
TRX0004029,2026-02-22 18:53:47,Super Nortenio,SUPER,Monterrey,TPV01-MON,Luis Delgado,luis.delgado150@correo.mx,7838,VISA,1904.11,MXN,APROBADA,CHIP,N
TRX0004030,2026-02-12 20:32:11,Cafe Aurora,Restaurante,Guadalajara,TPV04-GUA,Lucia Ramirez,lucia.ramirez48@correo.mx,2913,VISA,447.96,MXN,APROBADA,CONTACTLESS,N
TRX0004031,2026-05-05 06:17:52,Gasolinera Km 12,combustible,Puebla,TPV02-PUE,Patricia Mendoza,patricia.mendoza140@correo.mx,8731,VISA,729.33,MXN,APROBADA,BANDA,N
TRX0004032,2026-05-08 15:28:57,Farmacia del Sol,farmacia,Ciudad de Mexico,TPV04-CIU,Miguel Cortes,miguel.cortes97@correo.mx,9422,MASTERCARD,777.23,MXN,APROBADA,MANUAL,N
TRX0004033,2026-03-06 15:15:25,Farmacia del Sol ,farmacia,Ciudad de Mexico,TPV04-CIU,Fernando Zamora,fernando.zamora156@correo.mx,3541,MASTERCARD,505.56,MXN,APROBADA,MANUAL,N
TRX0004034,2026-02-14 12:12:32,VIAJES ALTAMAR,viajes,Cancun,TPV03-CAN,Miguel Gonzalez,miguel.gonzalez28@correo.mx,8632,VISA,13059.52,MXN,APROBADA,CHIP,N
TRX0004035,2026-02-26 16:14:11,Farmacia del Sol,farmacia,Ciudad de Mexico,TPV04-CIU,Patricia Rivas,patricia.rivas157@correo.mx,8006,VISA,293.57,MXN,APROBADA,CONTACTLESS,N
TRX0004036,2026-03-17 14:11:51,VIAJES ALTAMAR,viajes,Cancun,TPV03-CAN,Miguel Herrera,miguel.herrera166@correo.mx,4697,AMEX,40752.77,MXN,APROBADA,BANDA,N
TRX0004037,2026-01-17 07:56:13,FARMACIA DEL SOL,farmacia,Ciudad de Mexico,TPV02-CIU,Jorge Rivas,jorge.rivas147@correo.mx,5919,MASTERCARD,558.79,MXN,REVERSADA,BANDA,N
TRX0004038,2026-06-06 19:28:09,Gasolinera Km 12,Combustible,Puebla,TPV01-PUE,Hector Delgado,hector.delgado49@correo.mx,4702,VISA,1099.8,MXN,APROBADA,CONTACTLESS,N
TRX0004039,2026-04-24 08:09:45,Boutique  Iris,Ropa,Ciudad de Mexico,TPV02-CIU,Ana Vargas,ana.vargas60@correo.mx,5862,AMEX,3088.79,MXN,APROBADA,MANUAL,N
TRX0004040,2026-06-25 20:35:02,FARMACIA DEL SOL,Farmacia,Ciudad de Mexico,TPV01-CIU,Miguel Delgado,miguel.delgado23@correo.mx,3807,VISA,502.48,MXN,APROBADA,CHIP,N
TRX0004041,2026-04-10 17:33:52,CAFE AURORA,restaurante,Guadalajara,TPV04-GUA,Jorge Delgado,jorge.delgado66@correo.mx,7754,VISA,159.73,MXN,APROBADA,BANDA,N
TRX0004042,2026-06-19 19:44:35,Cafe Aurora,Restaurante,Guadalajara,TPV04-GUA,Patricia Cortes,patricia.cortes160@correo.mx,9021,MASTERCARD,190.92,MXN,APROBADA,QR,N
TRX0004043,2026-02-25 16:50:58,BOUTIQUE IRIS,VESTIMENTA,Ciudad de Mexico,TPV02-CIU,Carmen Ramirez,carmen.ramirez111@correo.mx,1829,VISA,3334.85,MXN,APROBADA,QR,N
TRX0004044,2026-03-15 06:16:50,VIAJES ALTAMAR,viajes,Cancun,TPV03-CAN,Raul Zamora,raul.zamora124@correo.mx,6787,AMEX,44879.83,MXN,APROBADA,CHIP,N
TRX0004045,2026-06-03 06:42:19,FARMACIA DEL SOL,Farmacia,Ciudad de Mexico,TPV03-CIU,Patricia Gonzalez,patricia.gonzalez33@correo.mx,5295,AMEX,653.24,MXN,APROBADA,CHIP,N
TRX0004046,2026-01-21 19:04:35,Cafe Aurora,restaurante,Guadalajara,TPV02-GUA,Luis Delgado,luis.delgado150@correo.mx,7838,VISA,211.19,MXN,APROBADA,CHIP,N
TRX0004047,2026-05-13 20:02:57,Farmacia del Sol ,FARM,Ciudad de Mexico,TPV02-CIU,Rocio Zamora,rocio.zamora85@correo.mx,2544,AMEX,166.27,MXN,APROBADA,CHIP,N
TRX0004048,2026-04-27 12:02:16,GASOLINERA KM 12,Combustible,Puebla,TPV04-PUE,Raul Mendoza,raul.mendoza30@correo.mx,7314,MASTERCARD,1167.39,MXN,APROBADA,QR,N
TRX0004049,2026-04-03 08:39:59,CAFE AURORA,Restaurante,Guadalajara,TPV04-GUA,Luis Zamora,luis.zamora9@correo.mx,1462,AMEX,75.02,MXN,APROBADA,CHIP,N
TRX0004050,2026-05-08 19:42:58,Farmacia del Sol ,FARM,Ciudad de Mexico,TPV03-CIU,Raul Gonzalez,raul.gonzalez179@correo.mx,8333,MASTERCARD,278.45,MXN,APROBADA,QR,N
TRX0004051,2026-04-30 12:37:57,Boutique  Iris,VESTIMENTA,Ciudad de Mexico,TPV02-CIU,Carmen Cortes,carmen.cortes76@correo.mx,7986,AMEX,1517.41,MXN,APROBADA,QR,N
TRX0004052,2026-05-31 18:15:17,Farmacia del Sol,Farmacia,Ciudad de Mexico,TPV02-CIU,Hector Herrera,hector.herrera34@correo.mx,9193,VISA,710.6,MXN,APROBADA,CONTACTLESS,N
TRX0004053,2026-03-09 11:10:16,Cafe Aurora,restaurante,Guadalajara,TPV02-GUA,Jorge Nunez,jorge.nunez121@correo.mx,3221,AMEX,281.74,MXN,APROBADA,MANUAL,N
TRX0004054,2026-05-17 11:29:08,SUPER NORTENO,SUPER,Monterrey,TPV03-MON,Rocio Salazar,rocio.salazar15@correo.mx,4224,MASTERCARD,2967.3,MXN,APROBADA,MANUAL,S
TRX0004055,2026-05-11 19:10:53,Super Nortenio,supermercado,Monterrey,TPV03-MON,Lucia Ramirez,lucia.ramirez43@correo.mx,2509,VISA,1679.06,MXN,APROBADA,CHIP,N
TRX0004056,2026-03-15 18:15:10,SUPER NORTENO,supermercado,Monterrey,TPV03-MON,Lucia Ramirez,lucia.ramirez152@correo.mx,6278,MASTERCARD,592.96,MXN,APROBADA,CHIP,N
TRX0004057,2026-06-27 08:31:25,SUPER NORTENO,Supermercado,Monterrey,TPV03-MON,Ivan Nunez,ivan.nunez88@correo.mx,1309,MASTERCARD,960.0,MXN,REVERSADA,CONTACTLESS,N
TRX0004058,2026-03-12 09:31:36,Farmacia del Sol ,Farmacia,Ciudad de Mexico,TPV03-CIU,Lucia Gonzalez,lucia.gonzalez96@correo.mx,7074,VISA,779.07,MXN,APROBADA,MANUAL,N
TRX0004059,2026-01-19 07:46:16,Cafe Aurora,restaurante,Guadalajara,TPV03-GUA,Jorge Herrera,jorge.herrera46@correo.mx,2925,AMEX,113.18,MXN,APROBADA,MANUAL,N
TRX0004060,2026-04-15 19:07:36,CAFE AURORA,restaurante,Guadalajara,TPV03-GUA,Elena Vargas,elena.vargas148@correo.mx,9840,AMEX,335.57,MXN,APROBADA,BANDA,N
TRX0004061,2026-05-25 20:13:48,Boutique  Iris,VESTIMENTA,Ciudad de Mexico,TPV01-CIU,Carmen Mendoza,carmen.mendoza95@correo.mx,6566,AMEX,4087.11,MXN,APROBADA,QR,N
TRX0004062,2026-03-26 21:42:18,Super Nortenio,Supermercado,Monterrey,TPV04-MON,Lucia Vargas,lucia.vargas7@correo.mx,3320,MASTERCARD,659.76,MXN,APROBADA,BANDA,N
TRX0004063,2026-05-26 17:56:25,VIAJES ALTAMAR,Viajes,Cancun,TPV01-CAN,Jorge Vargas,jorge.vargas40@correo.mx,7531,MASTERCARD,25273.62,MXN,APROBADA,CHIP,N
TRX0004064,2026-01-25 20:47:54,CAFE AURORA,restaurante,Guadalajara,TPV02-GUA,Raul Rivas,raul.rivas123@correo.mx,5837,MASTERCARD,136.17,MXN,APROBADA,CHIP,N
TRX0004065,2026-06-25 19:14:55,CAFE AURORA,Restaurante,Guadalajara,TPV01-GUA,Teresa Herrera,teresa.herrera35@correo.mx,4201,VISA,468.47,MXN,APROBADA,CHIP,N
TRX0004066,2026-05-14 20:56:06,Super Nortenio,SUPER,Monterrey,TPV04-MON,Elena Trejo,elena.trejo73@correo.mx,9973,AMEX,2662.94,MXN,APROBADA,MANUAL,N
TRX0004067,2026-05-27 20:47:16,Farmacia del Sol,Farmacia,Ciudad de Mexico,TPV03-CIU,Raul Vargas,raul.vargas135@correo.mx,8290,AMEX,287.52,MXN,APROBADA,CHIP,N
TRX0004068,2026-05-26 14:49:45,GASOLINERA KM 12,Combustible,Puebla,TPV02-PUE,Lucia Gonzalez,lucia.gonzalez54@correo.mx,2892,AMEX,325.75,MXN,REVERSADA,QR,N
TRX0004069,2026-02-11 06:43:47,BOUTIQUE IRIS,ropa,Ciudad de Mexico,TPV03-CIU,Rocio Rivas,rocio.rivas87@correo.mx,7400,AMEX,5922.92,MXN,REVERSADA,BANDA,N
TRX0004070,2026-03-06 14:17:55,SUPER NORTENO,Supermercado,Monterrey,TPV04-MON,Ivan Delgado,ivan.delgado162@correo.mx,2492,AMEX,3227.57,MXN,APROBADA,CHIP,N
TRX0004071,2026-06-21 09:26:45,Super Nortenio,SUPER,Monterrey,TPV02-MON,Fernando Ramirez,fernando.ramirez126@correo.mx,7487,AMEX,2234.01,MXN,APROBADA,MANUAL,N
TRX0004072,2026-06-02 21:46:06,FARMACIA DEL SOL,Farmacia,Ciudad de Mexico,TPV04-CIU,Ana Cortes,ana.cortes91@correo.mx,8806,AMEX,619.78,MXN,APROBADA,BANDA,N
TRX0004073,2026-03-28 16:10:10,Super Nortenio,SUPER,Monterrey,TPV03-MON,Patricia Vargas,patricia.vargas26@correo.mx,4933,VISA,1539.51,MXN,APROBADA,CHIP,N
TRX0004074,2026-06-01 07:36:13,Viajes Altamar,viajes,Cancun,TPV01-CAN,Fernando Gonzalez,fernando.gonzalez14@correo.mx,4950,MASTERCARD,3210.21,MXN,APROBADA,MANUAL,N
TRX0004075,2026-01-19 07:18:59,Cafe Aurora,Restaurante,Guadalajara,TPV01-GUA,Teresa Mendoza,teresa.mendoza55@correo.mx,6130,MASTERCARD,431.54,MXN,APROBADA,CHIP,N
TRX0004076,2026-04-03 11:04:45,SUPER NORTENO,Supermercado,Monterrey,TPV01-MON,Raul Cortes,raul.cortes116@correo.mx,1792,MASTERCARD,519.77,MXN,APROBADA,MANUAL,N
TRX0004077,2026-06-02 11:39:41,FARMACIA DEL SOL,Farmacia,Ciudad de Mexico,TPV04-CIU,Rocio Ramirez,rocio.ramirez94@correo.mx,3489,VISA,418.29,MXN,APROBADA,MANUAL,N
TRX0004078,2026-04-09 18:04:49,Gasolinera Km 12,combustible,Puebla,TPV02-PUE,Ivan Ramirez,ivan.ramirez45@correo.mx,8146,AMEX,464.42,MXN,APROBADA,MANUAL,N
TRX0004079,2026-01-22 18:15:08,Gasolinera Km 12,combustible,Puebla,TPV04-PUE,Ana Vargas,ana.vargas60@correo.mx,5862,AMEX,725.12,MXN,APROBADA,CHIP,N
TRX0004080,2026-06-27 14:36:15,SUPER NORTENO,SUPER,Monterrey,TPV04-MON,Elena Ramirez,elena.ramirez4@correo.mx,8580,VISA,1517.41,MXN,APROBADA,BANDA,N
TRX0004081,2026-01-11 12:28:39,CAFE AURORA,restaurante,Guadalajara,TPV01-GUA,Sofia Salazar,sofia.salazar136@correo.mx,7202,AMEX,378.98,MXN,APROBADA,QR,N
TRX0004082,2026-06-27 18:57:16,Gasolinera Km 12,combustible,Puebla,TPV02-PUE,Elena Ramirez,elena.ramirez4@correo.mx,8580,VISA,1050.9,MXN,APROBADA,CHIP,N
TRX0004083,2026-06-06 17:02:38,SUPER NORTENO,Supermercado,Monterrey,TPV02-MON,Fernando Gonzalez,fernando.gonzalez14@correo.mx,4950,MASTERCARD,505.77,MXN,APROBADA,QR,N
TRX0004084,2026-01-21 19:37:43,BOUTIQUE IRIS,ropa,Ciudad de Mexico,TPV01-CIU,Raul Delgado,raul.delgado122@correo.mx,1413,VISA,2917.18,MXN,APROBADA,QR,N
TRX0004085,2026-05-25 18:56:27,SUPER NORTENO,SUPER,Monterrey,TPV03-MON,Raul Nunez,raul.nunez70@correo.mx,2085,VISA,1962.4,MXN,REVERSADA,QR,N
TRX0004086,2026-06-01 11:21:06,CAFE AURORA,restaurante,Guadalajara,TPV04-GUA,Teresa Gonzalez,teresa.gonzalez24@correo.mx,8230,VISA,453.04,MXN,APROBADA,CHIP,N
TRX0004087,2026-04-19 06:13:18,Super Norteno,SUPER,Monterrey,TPV04-MON,Jorge Gonzalez,jorge.gonzalez2@correo.mx,4837,AMEX,1337.79,MXN,REVERSADA,BANDA,N
TRX0004088,2026-02-22 09:47:40,Super Norteno,supermercado,Monterrey,TPV04-MON,Carmen Vargas,carmen.vargas161@correo.mx,3446,MASTERCARD,467.06,MXN,APROBADA,CHIP,N
TRX0004089,2026-01-27 16:03:20,SUPER NORTENO,SUPER,Monterrey,TPV03-MON,Elena Vargas,elena.vargas148@correo.mx,9840,AMEX,2369.82,MXN,APROBADA,MANUAL,N
TRX0004090,2026-01-22 11:45:59,Super Norteno,supermercado,Monterrey,TPV03-MON,Luis Zamora,luis.zamora9@correo.mx,1462,AMEX,1174.01,MXN,APROBADA,BANDA,N
TRX0004091,2026-06-08 15:16:35,FARMACIA DEL SOL,farmacia,Ciudad de Mexico,TPV02-CIU,Rocio Nunez,rocio.nunez173@correo.mx,4285,MASTERCARD,351.8,MXN,APROBADA,MANUAL,N
TRX0004092,2026-05-14 18:54:25,BOUTIQUE IRIS,VESTIMENTA,Ciudad de Mexico,TPV01-CIU,Elena Vargas,elena.vargas148@correo.mx,9840,AMEX,3813.12,MXN,APROBADA,CONTACTLESS,N
TRX0004093,2026-01-29 12:30:54,ELECTRO MAYA,ELECTRO,Merida,TPV04-MER,Carmen Ramirez,carmen.ramirez111@correo.mx,1829,VISA,3045.6,MXN,REVERSADA,QR,N
TRX0004094,2026-03-20 16:46:46,SUPER NORTENO,supermercado,Monterrey,TPV01-MON,Miguel Delgado,miguel.delgado42@correo.mx,7456,VISA,2973.85,MXN,APROBADA,MANUAL,N
TRX0004095,2026-04-17 12:04:26,Cafe Aurora,Restaurante,Guadalajara,TPV03-GUA,Lucia Vargas,lucia.vargas7@correo.mx,4691,AMEX,187.12,MXN,APROBADA,MANUAL,N
TRX0004096,2026-02-21 21:28:36,BOUTIQUE IRIS,ropa,Ciudad de Mexico,TPV04-CIU,Elena Zamora,elena.zamora178@correo.mx,7623,AMEX,5063.32,MXN,APROBADA,QR,N
TRX0004097,2026-01-23 18:04:31,Farmacia del Sol ,Farmacia,Ciudad de Mexico,TPV03-CIU,Sofia Nunez,sofia.nunez56@correo.mx,5954,AMEX,883.39,MXN,RECHAZADA,CHIP,N
TRX0004098,2026-05-28 20:01:51,Gasolinera Km 12,combustible,Puebla,TPV02-PUE,Raul Vargas,raul.vargas37@correo.mx,5573,AMEX,421.19,MXN,RECHAZADA,BANDA,N
TRX0004099,2026-03-08 19:49:59,Boutique Iris,ropa,Ciudad de Mexico,TPV01-CIU,Ana Salazar,ana.salazar158@correo.mx,2274,MASTERCARD,4646.17,MXN,APROBADA,QR,N
TRX0004100,2026-01-31 20:22:34,FARMACIA DEL SOL,farmacia,Ciudad de Mexico,TPV01-CIU,Rocio Salazar,rocio.salazar15@correo.mx,4224,MASTERCARD,658.37,MXN,REVERSADA,QR,N
TRX0004101,2026-01-12 18:56:34,Farmacia del Sol,farmacia,Ciudad de Mexico,TPV01-CIU,Elena Zamora,elena.zamora151@correo.mx,7344,AMEX,812.95,MXN,RECHAZADA,QR,N
TRX0004102,2026-01-16 17:48:51,CAFE AURORA,Restaurante,Guadalajara,TPV02-GUA,Jorge Nunez,jorge.nunez29@correo.mx,5067,AMEX,456.09,MXN,APROBADA,CONTACTLESS,N
TRX0004103,2026-06-10 14:58:06,CAFE AURORA,restaurante,Guadalajara,TPV01-GUA,Rocio Herrera,rocio.herrera165@correo.mx,6020,VISA,116.61,MXN,APROBADA,MANUAL,N
TRX0004104,2026-03-07 08:59:10,Gasolinera Km 12,combustible,Puebla,TPV04-PUE,Ivan Mendoza,ivan.mendoza21@correo.mx,2908,MASTERCARD,388.2,MXN,RECHAZADA,MANUAL,N
TRX0004105,2026-04-04 14:17:45,Super Nortenio,supermercado,Monterrey,TPV01-MON,Luis Trejo,luis.trejo1@correo.mx,7154,MASTERCARD,2872.37,MXN,APROBADA,MANUAL,N
TRX0004106,2026-03-20 17:13:37,Super Nortenio,supermercado,Monterrey,TPV03-MON,Carmen Herrera,carmen.herrera176@correo.mx,1605,VISA,2778.94,MXN,APROBADA,BANDA,N
TRX0004107,2026-06-02 14:17:38,Farmacia del Sol,farmacia,Ciudad de Mexico,TPV02-CIU,Lucia Trejo,lucia.trejo32@correo.mx,8092,VISA,854.25,MXN,APROBADA,QR,N
TRX0004108,2026-04-14 08:25:33,FARMACIA DEL SOL,farmacia,Ciudad de Mexico,TPV04-CIU,Elena Delgado,elena.delgado149@correo.mx,9248,MASTERCARD,766.25,MXN,APROBADA,CHIP,N
TRX0004109,2026-02-23 13:29:40,CAFE AURORA,Restaurante,Guadalajara,TPV04-GUA,Rocio Cortes,rocio.cortes103@correo.mx,8270,VISA,235.59,MXN,APROBADA,MANUAL,N
TRX0004110,2026-02-23 16:30:20,Viajes Altamar,Viajes,Cancun,TPV02-CAN,Elena Ramirez,elena.ramirez8@correo.mx,3648,MASTERCARD,37289.82,MXN,APROBADA,QR,N
TRX0004111,2026-02-23 08:43:36,FARMACIA DEL SOL,FARM,Ciudad de Mexico,TPV03-CIU,Ana Cortes,ana.cortes91@correo.mx,8806,AMEX,580.65,MXN,APROBADA,BANDA,N
TRX0004112,2026-02-18 15:39:28,Super Norteno,SUPER,Monterrey,TPV02-MON,Jorge Rivas,jorge.rivas128@correo.mx,7387,MASTERCARD,2952.44,MXN,APROBADA,BANDA,N
TRX0004113,2026-05-28 07:59:33,Cafe Aurora,restaurante,Guadalajara,TPV04-GUA,Elena Vargas,elena.vargas89@correo.mx,5689,VISA,194.61,MXN,APROBADA,QR,S
TRX0004114,2026-01-31 17:01:08,Cafe Aurora,restaurante,Guadalajara,TPV01-GUA,Miguel Cortes,miguel.cortes97@correo.mx,9422,MASTERCARD,280.65,MXN,APROBADA,MANUAL,N
TRX0004115,2026-05-31 08:57:06,Boutique Iris,ropa,Ciudad de Mexico,TPV02-CIU,Teresa Herrera,teresa.herrera35@correo.mx,4201,VISA,2986.33,MXN,APROBADA,MANUAL,N
TRX0004116,2026-03-19 08:59:44,Super Norteno,Supermercado,Monterrey,TPV02-MON,Rocio Salazar,rocio.salazar98@correo.mx,9662,VISA,2221.45,MXN,APROBADA,CONTACTLESS,N
TRX0004117,2026-02-04 14:29:21,FARMACIA DEL SOL,FARM,Ciudad de Mexico,TPV03-CIU,Luis Trejo,luis.trejo1@correo.mx,7154,MASTERCARD,554.12,MXN,APROBADA,BANDA,N
TRX0004118,2026-03-29 21:56:23,Super Norteno,supermercado,Monterrey,TPV04-MON,Raul Delgado,raul.delgado105@correo.mx,8772,MASTERCARD,2261.04,MXN,APROBADA,MANUAL,N
TRX0004119,2026-04-06 19:49:13,SUPER NORTENO,Supermercado,Monterrey,TPV02-MON,Ivan Ramirez,ivan.ramirez45@correo.mx,8146,AMEX,498.79,MXN,APROBADA,MANUAL,N
TRX0004120,2026-01-19 11:36:49,CAFE AURORA,restaurante,Guadalajara,TPV01-GUA,Carmen Gonzalez,carmen.gonzalez129@correo.mx,1346,MASTERCARD,207.26,MXN,APROBADA,MANUAL,N
TRX0004121,2026-03-06 21:04:19,Super Nortenio,SUPER,Monterrey,TPV03-MON,Jorge Herrera,jorge.herrera112@correo.mx,5612,MASTERCARD,398.63,MXN,APROBADA,MANUAL,N
TRX0004122,2026-03-10 14:12:12,Gasolinera Km 12,Combustible,Puebla,TPV04-PUE,Hector Ramirez,hector.ramirez164@correo.mx,4352,MASTERCARD,305.68,MXN,APROBADA,QR,N
TRX0004123,2026-01-05 08:54:52,CAFE AURORA,Restaurante,Guadalajara,TPV02-GUA,Hector Delgado,hector.delgado137@correo.mx,3321,AMEX,422.69,MXN,APROBADA,CONTACTLESS,N
TRX0004124,2026-03-30 08:09:26,FARMACIA DEL SOL,FARM,Ciudad de Mexico,TPV03-CIU,Jorge Rivas,jorge.rivas147@correo.mx,5919,MASTERCARD,359.26,MXN,APROBADA,QR,N
TRX0004125,2026-02-15 11:28:52,Super Norteno,supermercado,Monterrey,TPV02-MON,Hector Rivas,hector.rivas50@correo.mx,8897,MASTERCARD,756.65,MXN,REVERSADA,QR,N
TRX0004126,2026-01-26 06:49:38,Super Nortenio,supermercado,Monterrey,TPV04-MON,Ana Vargas,ana.vargas44@correo.mx,1097,AMEX,393.97,MXN,APROBADA,BANDA,N
TRX0004127,2026-06-15 10:30:13,BOUTIQUE IRIS,VESTIMENTA,Ciudad de Mexico,TPV03-CIU,Carmen Rivas,carmen.rivas139@correo.mx,4822,AMEX,4554.52,MXN,REVERSADA,CHIP,N
TRX0004128,2026-05-10 20:07:12,Boutique  Iris,VESTIMENTA,Ciudad de Mexico,TPV03-CIU,Ana Salazar,ana.salazar158@correo.mx,2274,MASTERCARD,638.45,MXN,RECHAZADA,CHIP,N
TRX0004129,2026-03-07 16:03:37,SUPER NORTENO,supermercado,Monterrey,TPV02-MON,Jorge Nunez,jorge.nunez121@correo.mx,1683,AMEX,1582.92,MXN,APROBADA,QR,N
TRX0004130,2026-05-15 13:42:45,Super Nortenio,supermercado,Monterrey,TPV01-MON,Ivan Gonzalez,ivan.gonzalez163@correo.mx,9280,MASTERCARD,1843.64,MXN,APROBADA,BANDA,N
TRX0004131,2026-05-15 20:04:04,SUPER NORTENO,supermercado,Monterrey,TPV03-MON,Fernando Salazar,fernando.salazar63@correo.mx,5089,MASTERCARD,543.09,MXN,APROBADA,CHIP,N
TRX0004132,2026-04-15 06:10:18,Farmacia del Sol,farmacia,Ciudad de Mexico,TPV01-CIU,Jorge Delgado,jorge.delgado66@correo.mx,7754,VISA,403.4,MXN,APROBADA,BANDA,N
TRX0004133,2026-02-02 11:01:56,CAFE AURORA,Restaurante,Guadalajara,TPV03-GUA,Patricia Gonzalez,patricia.gonzalez127@correo.mx,4793,VISA,406.03,MXN,APROBADA,CONTACTLESS,N
TRX0004134,2026-04-28 16:37:06,Farmacia del Sol,farmacia,Ciudad de Mexico,TPV01-CIU,Patricia Rivas,patricia.rivas157@correo.mx,8006,VISA,130.54,MXN,APROBADA,BANDA,N
TRX0004135,2026-05-12 16:54:29,Super Norteno,Supermercado,Monterrey,TPV03-MON,Hector Herrera,hector.herrera34@correo.mx,8787,VISA,3447.98,MXN,APROBADA,QR,N
TRX0004136,2026-06-18 21:08:11,Super Norteno,Supermercado,Monterrey,TPV02-MON,Elena Vargas,elena.vargas148@correo.mx,9840,AMEX,2656.88,MXN,APROBADA,CHIP,N
TRX0004137,2026-01-10 07:37:27,Super Norteno,SUPER,Monterrey,TPV04-MON,Miguel Gonzalez,miguel.gonzalez172@correo.mx,9785,AMEX,778.89,MXN,APROBADA,MANUAL,N
TRX0004138,2026-06-29 16:32:00,SUPER NORTENO,SUPER,Monterrey,TPV04-MON,Lucia Trejo,lucia.trejo92@correo.mx,3905,MASTERCARD,441.67,MXN,APROBADA,MANUAL,N
TRX0004139,2026-04-22 12:10:20,Super Nortenio,SUPER,Monterrey,TPV04-MON,Lucia Vargas,lucia.vargas7@correo.mx,4691,AMEX,215.67,MXN,REVERSADA,BANDA,N
TRX0004140,2026-06-21 10:55:20,Super Nortenio,supermercado,Monterrey,TPV03-MON,Elena Vargas,elena.vargas89@correo.mx,5689,VISA,267.12,MXN,REVERSADA,CONTACTLESS,N
TRX0004141,2026-04-25 15:20:54,Farmacia del Sol,Farmacia,Ciudad de Mexico,TPV04-CIU,Rocio Zamora,rocio.zamora85@correo.mx,2544,AMEX,502.14,MXN,APROBADA,CHIP,N
TRX0004142,2026-01-22 09:26:37,FARMACIA DEL SOL,Farmacia,Ciudad de Mexico,TPV01-CIU,Hector Mendoza,hector.mendoza10@correo.mx,6846,VISA,256.99,MXN,APROBADA,CONTACTLESS,N
TRX0004143,2026-06-10 07:20:32,Boutique  Iris,VESTIMENTA,Ciudad de Mexico,TPV02-CIU,Raul Herrera,raul.herrera110@correo.mx,7010,VISA,4464.84,MXN,APROBADA,CHIP,N
TRX0004144,2026-04-03 18:21:08,CAFE AURORA,restaurante,Guadalajara,TPV04-GUA,Luis Herrera,luis.herrera5@correo.mx,7395,MASTERCARD,192.72,MXN,APROBADA,MANUAL,N
TRX0004145,2026-05-21 15:06:55,Farmacia del Sol ,FARM,Ciudad de Mexico,TPV03-CIU,Jorge Vargas,jorge.vargas40@correo.mx,7531,MASTERCARD,461.5,MXN,APROBADA,BANDA,N
TRX0004146,2026-03-13 13:11:43,Farmacia del Sol ,Farmacia,Ciudad de Mexico,TPV03-CIU,Miguel Delgado,miguel.delgado23@correo.mx,3807,VISA,727.9,MXN,APROBADA,CONTACTLESS,N
TRX0004147,2026-02-24 19:58:00,CAFE AURORA,Restaurante,Guadalajara,TPV02-GUA,Elena Ramirez,elena.ramirez8@correo.mx,3648,MASTERCARD,71.98,MXN,APROBADA,MANUAL,N
TRX0004148,2026-01-19 06:42:36,Super Norteno,Supermercado,Monterrey,TPV04-MON,Ivan Ramirez,ivan.ramirez45@correo.mx,8146,AMEX,486.67,MXN,RECHAZADA,MANUAL,N
TRX0004149,2026-05-28 07:21:53,GASOLINERA KM 12,combustible,Puebla,TPV02-PUE,Miguel Gonzalez,miguel.gonzalez154@correo.mx,8784,AMEX,1535.26,MXN,APROBADA,CHIP,N
TRX0004150,2026-02-03 08:03:47,Farmacia del Sol ,Farmacia,Ciudad de Mexico,TPV01-CIU,Ivan Delgado,ivan.delgado59@correo.mx,3851,AMEX,838.44,MXN,APROBADA,CHIP,N
TRX0004151,2026-01-28 11:12:51,Farmacia del Sol,farmacia,Ciudad de Mexico,TPV02-CIU,Luis Ramirez,luis.ramirez39@correo.mx,8712,VISA,678.13,MXN,RECHAZADA,MANUAL,N
TRX0004152,2026-06-01 07:15:53,Farmacia del Sol ,Farmacia,Ciudad de Mexico,TPV04-CIU,Elena Ramirez,elena.ramirez61@correo.mx,8246,AMEX,670.11,MXN,APROBADA,BANDA,N
TRX0004153,2026-04-13 12:18:53,GASOLINERA KM 12,Combustible,Puebla,TPV01-PUE,Luis Delgado,luis.delgado150@correo.mx,7838,VISA,1290.23,MXN,APROBADA,CHIP,N
TRX0004154,2026-05-08 11:24:14,Farmacia del Sol,FARM,Ciudad de Mexico,TPV02-CIU,Lucia Vargas,lucia.vargas64@correo.mx,5333,VISA,278.29,MXN,APROBADA,CONTACTLESS,N
TRX0004155,2026-06-26 15:10:07,Super Norteno,Supermercado,Monterrey,TPV01-MON,Luis Zamora,luis.zamora9@correo.mx,1462,AMEX,3020.09,MXN,RECHAZADA,BANDA,N
TRX0004156,2026-04-09 10:53:26,CAFE AURORA,Restaurante,Guadalajara,TPV01-GUA,Ana Vargas,ana.vargas60@correo.mx,5862,AMEX,365.64,MXN,APROBADA,QR,N
TRX0004157,2026-04-20 19:11:53,Farmacia del Sol ,farmacia,Ciudad de Mexico,TPV01-CIU,Miguel Trejo,miguel.trejo115@correo.mx,3481,MASTERCARD,355.95,MXN,RECHAZADA,CHIP,N
TRX0004158,2026-01-08 06:41:32,GASOLINERA KM 12,combustible,Puebla,TPV01-PUE,Patricia Rivas,patricia.rivas157@correo.mx,8006,VISA,1232.96,MXN,APROBADA,CONTACTLESS,N
TRX0004159,2026-04-29 18:59:19,Super Nortenio,Supermercado,Monterrey,TPV04-MON,Ivan Trejo,ivan.trejo180@correo.mx,8045,MASTERCARD,2295.47,MXN,APROBADA,MANUAL,N
TRX0004160,2026-05-17 06:03:29,Farmacia del Sol ,Farmacia,Ciudad de Mexico,TPV01-CIU,Fernando Zamora,fernando.zamora156@correo.mx,3541,MASTERCARD,236.68,MXN,APROBADA,QR,N
TRX0004161,2026-05-01 08:21:10,FARMACIA DEL SOL,Farmacia,Ciudad de Mexico,TPV04-CIU,Ana Salazar,ana.salazar102@correo.mx,3316,AMEX,345.7,MXN,APROBADA,CONTACTLESS,N
TRX0004162,2026-02-22 08:41:36,Electro Maya,electronica,Merida,TPV02-MER,Fernando Herrera,fernando.herrera177@correo.mx,7418,VISA,1386.08,MXN,APROBADA,BANDA,N
TRX0004163,2026-05-31 20:32:31,Super Norteno,SUPER,Monterrey,TPV04-MON,Rocio Salazar,rocio.salazar98@correo.mx,9662,VISA,569.34,MXN,APROBADA,CHIP,N
TRX0004164,2026-02-17 09:14:11,Farmacia del Sol ,farmacia,Ciudad de Mexico,TPV01-CIU,Elena Ramirez,elena.ramirez144@correo.mx,3433,VISA,889.3,MXN,APROBADA,MANUAL,N
TRX0004165,2026-03-08 12:46:04,SUPER NORTENO,supermercado,Monterrey,TPV01-MON,Hector Trejo,hector.trejo101@correo.mx,6533,MASTERCARD,1654.84,MXN,APROBADA,CONTACTLESS,N
TRX0004166,2026-04-19 11:24:33,Super Nortenio,SUPER,Monterrey,TPV03-MON,Raul Delgado,raul.delgado105@correo.mx,6357,VISA,858.97,MXN,APROBADA,BANDA,N
TRX0004167,2026-01-04 15:40:12,Farmacia del Sol,farmacia,Ciudad de Mexico,TPV02-CIU,Jorge Mendoza,jorge.mendoza47@correo.mx,7512,AMEX,744.12,MXN,APROBADA,CONTACTLESS,N
TRX0004168,2026-05-20 16:34:16,SUPER NORTENO,SUPER,Monterrey,TPV03-MON,Ana Salazar,ana.salazar158@correo.mx,2274,MASTERCARD,705.86,MXN,APROBADA,MANUAL,N
TRX0004169,2026-03-07 07:30:58,Super Norteno,Supermercado,Monterrey,TPV02-MON,Miguel Trejo,miguel.trejo115@correo.mx,3481,MASTERCARD,3393.14,MXN,APROBADA,MANUAL,N
TRX0004170,2026-02-23 10:26:24,ELECTRO MAYA,electronica,Merida,TPV02-MER,Luis Salazar,luis.salazar77@correo.mx,1058,AMEX,9645.16,MXN,APROBADA,CHIP,N
TRX0004171,2026-02-21 11:17:04,CAFE AURORA,Restaurante,Guadalajara,TPV04-GUA,Patricia Delgado,patricia.delgado167@correo.mx,8972,VISA,381.33,MXN,APROBADA,CONTACTLESS,N
TRX0004172,2026-06-13 19:02:14,ELECTRO MAYA,electronica,Merida,TPV01-MER,Raul Delgado,raul.delgado142@correo.mx,4207,AMEX,23207.75,MXN,APROBADA,QR,N
TRX0004173,2026-04-15 17:21:05,Electro Maya,Electronica,Merida,TPV04-MER,Ana Mendoza,ana.mendoza27@correo.mx,5764,VISA,11518.53,MXN,APROBADA,MANUAL,N
TRX0004174,2026-03-15 19:59:37,Boutique  Iris,Ropa,Ciudad de Mexico,TPV03-CIU,Miguel Cortes,miguel.cortes97@correo.mx,9422,MASTERCARD,4698.08,MXN,APROBADA,QR,N
TRX0004175,2026-04-14 13:36:45,SUPER NORTENO,supermercado,Monterrey,TPV04-MON,Hector Herrera,hector.herrera79@correo.mx,3159,VISA,2238.02,MXN,APROBADA,QR,N
TRX0004176,2026-05-14 21:03:27,Electro Maya,ELECTRO,Merida,TPV04-MER,Elena Zamora,elena.zamora151@correo.mx,7344,AMEX,17264.15,MXN,APROBADA,BANDA,N
TRX0004177,2026-01-31 08:52:43,Farmacia del Sol,FARM,Ciudad de Mexico,TPV02-CIU,Luis Ramirez,luis.ramirez39@correo.mx,8712,VISA,440.77,MXN,APROBADA,QR,N
TRX0004178,2026-05-04 12:00:23,Gasolinera Km 12,combustible,Puebla,TPV04-PUE,Rocio Ramirez,rocio.ramirez12@correo.mx,2195,MASTERCARD,622.5,MXN,RECHAZADA,CHIP,N
TRX0004179,2026-05-20 13:44:00,Cafe Aurora,restaurante,Guadalajara,TPV01-GUA,Miguel Trejo,miguel.trejo115@correo.mx,2634,VISA,182.56,MXN,APROBADA,BANDA,N
TRX0004180,2026-05-18 15:12:32,Super Nortenio,supermercado,Monterrey,TPV03-MON,Raul Delgado,raul.delgado122@correo.mx,1413,VISA,977.04,MXN,APROBADA,CONTACTLESS,N
TRX0004181,2026-02-16 11:41:42,Gasolinera Km 12,combustible,Puebla,TPV01-PUE,Fernando Ramirez,fernando.ramirez126@correo.mx,7487,AMEX,1362.66,MXN,RECHAZADA,BANDA,N
TRX0004182,2026-03-11 14:56:46,Super Nortenio,Supermercado,Monterrey,TPV04-MON,Patricia Gonzalez,patricia.gonzalez127@correo.mx,8628,VISA,2179.26,MXN,APROBADA,CHIP,N
TRX0004183,2026-02-04 11:19:26,SUPER NORTENO,Supermercado,Monterrey,TPV01-MON,Rocio Zamora,rocio.zamora85@correo.mx,2544,AMEX,1637.9,MXN,APROBADA,BANDA,N
TRX0004184,2026-06-10 07:25:40,SUPER NORTENO,SUPER,Monterrey,TPV04-MON,Raul Rivas,raul.rivas123@correo.mx,5837,MASTERCARD,1962.86,MXN,APROBADA,QR,N
TRX0004185,2026-02-15 09:24:18,VIAJES ALTAMAR,viajes,Cancun,TPV03-CAN,Raul Gonzalez,raul.gonzalez74@correo.mx,9447,VISA,8693.87,MXN,APROBADA,BANDA,N
TRX0004186,2026-01-07 10:42:58,Boutique  Iris,VESTIMENTA,Ciudad de Mexico,TPV04-CIU,Jorge Nunez,jorge.nunez29@correo.mx,5067,AMEX,1178.78,MXN,APROBADA,MANUAL,N
TRX0004187,2026-06-04 12:02:29,SUPER NORTENO,supermercado,Monterrey,TPV03-MON,Rocio Rivas,rocio.rivas87@correo.mx,7957,VISA,3463.9,MXN,APROBADA,QR,N
TRX0004188,2026-01-21 11:41:58,Farmacia del Sol,farmacia,Ciudad de Mexico,TPV02-CIU,Fernando Cortes,fernando.cortes170@correo.mx,6842,AMEX,845.89,MXN,APROBADA,CHIP,N
TRX0004189,2026-06-16 14:45:02,FARMACIA DEL SOL,Farmacia,Ciudad de Mexico,TPV04-CIU,Elena Zamora,elena.zamora16@correo.mx,2698,VISA,600.33,MXN,APROBADA,BANDA,N
TRX0004190,2026-04-01 19:04:28,GASOLINERA KM 12,Combustible,Puebla,TPV03-PUE,Teresa Mendoza,teresa.mendoza55@correo.mx,6130,MASTERCARD,991.32,MXN,REVERSADA,QR,N
TRX0004191,2026-03-03 11:25:42,Farmacia del Sol ,Farmacia,Ciudad de Mexico,TPV01-CIU,Elena Vargas,elena.vargas89@correo.mx,5689,VISA,562.0,MXN,APROBADA,CHIP,N
TRX0004192,2026-01-14 14:30:11,SUPER NORTENO,supermercado,Monterrey,TPV02-MON,Ivan Gonzalez,ivan.gonzalez163@correo.mx,9280,MASTERCARD,2766.53,MXN,APROBADA,QR,N
TRX0004193,2026-04-12 08:22:16,Boutique  Iris,Ropa,Ciudad de Mexico,TPV03-CIU,Luis Salazar,luis.salazar77@correo.mx,1058,AMEX,2661.26,MXN,APROBADA,QR,N
TRX0004194,2026-05-07 16:17:07,Super Norteno,supermercado,Monterrey,TPV02-MON,Hector Herrera,hector.herrera79@correo.mx,3159,VISA,2267.76,MXN,APROBADA,CHIP,N
TRX0004195,2026-02-07 09:56:48,Super Norteno,SUPER,Monterrey,TPV03-MON,Lucia Herrera,lucia.herrera11@correo.mx,1104,VISA,1993.58,MXN,APROBADA,QR,N
TRX0004196,2026-06-28 08:05:13,SUPER NORTENO,supermercado,Monterrey,TPV02-MON,Luis Ramirez,luis.ramirez58@correo.mx,6479,AMEX,2840.27,MXN,APROBADA,CONTACTLESS,N
TRX0004197,2026-04-30 09:14:50,FARMACIA DEL SOL,Farmacia,Ciudad de Mexico,TPV03-CIU,Rocio Salazar,rocio.salazar98@correo.mx,9662,VISA,378.37,MXN,APROBADA,CONTACTLESS,N
TRX0004198,2026-05-17 19:00:23,Farmacia del Sol ,Farmacia,Ciudad de Mexico,TPV02-CIU,Lucia Ramirez,lucia.ramirez152@correo.mx,6278,MASTERCARD,466.85,MXN,APROBADA,CONTACTLESS,N
TRX0004199,2026-06-23 10:05:23,Farmacia del Sol ,farmacia,Ciudad de Mexico,TPV03-CIU,Lucia Trejo,lucia.trejo32@correo.mx,8092,VISA,757.75,MXN,APROBADA,MANUAL,N
TRX0004200,2026-05-15 07:48:13,FARMACIA DEL SOL,Farmacia,Ciudad de Mexico,TPV04-CIU,Lucia Vargas,lucia.vargas131@correo.mx,3615,MASTERCARD,731.75,MXN,APROBADA,CONTACTLESS,N
TRX0004201,2026-01-05 20:36:19,Super Nortenio,SUPER,Monterrey,TPV04-MON,Hector Trejo,hector.trejo101@correo.mx,6533,MASTERCARD,3065.39,MXN,APROBADA,QR,N
TRX0004202,2026-06-28 09:31:28,Electro Maya,electronica,Merida,TPV03-MER,Lucia Trejo,lucia.trejo32@correo.mx,7972,AMEX,5251.29,MXN,APROBADA,CHIP,N
TRX0004203,2026-03-27 14:26:07,FARMACIA DEL SOL,farmacia,Ciudad de Mexico,TPV03-CIU,Lucia Vargas,lucia.vargas131@correo.mx,3615,MASTERCARD,407.54,MXN,REVERSADA,QR,N
TRX0004204,2026-01-19 12:58:41,Farmacia del Sol,FARM,Ciudad de Mexico,TPV03-CIU,Hector Trejo,hector.trejo101@correo.mx,6533,MASTERCARD,876.37,MXN,APROBADA,CHIP,N
TRX0004205,2026-03-13 19:51:03,Super Nortenio,SUPER,Monterrey,TPV03-MON,Elena Trejo,elena.trejo73@correo.mx,9973,AMEX,2177.43,MXN,APROBADA,CONTACTLESS,N
TRX0004206,2026-04-09 15:36:47,Farmacia del Sol,Farmacia,Ciudad de Mexico,TPV03-CIU,Jorge Delgado,jorge.delgado66@correo.mx,7754,VISA,864.64,MXN,APROBADA,CHIP,N
TRX0004207,2026-04-25 08:02:11,CAFE AURORA,restaurante,Guadalajara,TPV01-GUA,Ana Nunez,ana.nunez17@correo.mx,9063,VISA,289.2,MXN,APROBADA,CONTACTLESS,N
TRX0004208,2026-05-31 17:57:51,CAFE AURORA,Restaurante,Guadalajara,TPV04-GUA,Fernando Cortes,fernando.cortes170@correo.mx,6842,AMEX,173.19,MXN,APROBADA,QR,N
TRX0004209,2026-02-04 09:37:15,Cafe Aurora,restaurante,Guadalajara,TPV03-GUA,Jorge Rivas,jorge.rivas147@correo.mx,5919,MASTERCARD,386.97,MXN,APROBADA,BANDA,N
TRX0004210,2026-03-01 19:10:46,Boutique  Iris,ropa,Ciudad de Mexico,TPV02-CIU,Ivan Nunez,ivan.nunez88@correo.mx,1309,MASTERCARD,1449.13,MXN,APROBADA,BANDA,N
TRX0004211,2026-04-18 17:14:57,CAFE AURORA,restaurante,Guadalajara,TPV02-GUA,Rocio Salazar,rocio.salazar98@correo.mx,9662,VISA,132.26,MXN,RECHAZADA,BANDA,N
TRX0004212,2026-01-23 19:11:47,Super Nortenio,SUPER,Monterrey,TPV02-MON,Ivan Mendoza,ivan.mendoza21@correo.mx,2908,MASTERCARD,3383.5,MXN,APROBADA,MANUAL,N
TRX0004213,2026-06-25 16:11:24,SUPER NORTENO,SUPER,Monterrey,TPV03-MON,Miguel Gonzalez,miguel.gonzalez28@correo.mx,8632,VISA,1819.15,MXN,APROBADA,CONTACTLESS,N
TRX0004214,2026-01-12 14:06:30,Super Norteno,supermercado,Monterrey,TPV03-MON,Luis Rivas,luis.rivas99@correo.mx,1585,MASTERCARD,2851.84,MXN,APROBADA,CHIP,N
TRX0004215,2026-04-26 13:20:16,Super Nortenio,SUPER,Monterrey,TPV01-MON,Fernando Herrera,fernando.herrera177@correo.mx,7418,VISA,1830.46,MXN,APROBADA,MANUAL,S
TRX0004216,2026-01-26 07:49:01,FARMACIA DEL SOL,FARM,Ciudad de Mexico,TPV03-CIU,Luis Salazar,luis.salazar75@correo.mx,4376,MASTERCARD,549.88,MXN,APROBADA,BANDA,N
TRX0004217,2026-04-19 07:26:41,Super Norteno,supermercado,Monterrey,TPV04-MON,Ivan Delgado,ivan.delgado59@correo.mx,3851,AMEX,1652.27,MXN,APROBADA,CHIP,N
TRX0004218,2026-04-13 16:58:37,SUPER NORTENO,supermercado,Monterrey,TPV01-MON,Elena Ramirez,elena.ramirez8@correo.mx,3648,MASTERCARD,2320.93,MXN,APROBADA,CHIP,N
TRX0004219,2026-02-19 09:16:30,ELECTRO MAYA,Electronica,Merida,TPV03-MER,Ana Cortes,ana.cortes53@correo.mx,3646,VISA,7526.82,MXN,APROBADA,MANUAL,N
TRX0004220,2026-01-09 06:51:29,Super Nortenio,supermercado,Monterrey,TPV01-MON,Jorge Rivas,jorge.rivas147@correo.mx,5919,MASTERCARD,3468.66,MXN,REVERSADA,MANUAL,N
TRX0004221,2026-04-26 11:32:33,Super Norteno,SUPER,Monterrey,TPV04-MON,Teresa Gonzalez,teresa.gonzalez24@correo.mx,8230,VISA,3029.84,MXN,REVERSADA,CHIP,N
TRX0004222,2026-06-01 09:59:56,SUPER NORTENO,Supermercado,Monterrey,TPV01-MON,Miguel Ramirez,miguel.ramirez132@correo.mx,5849,MASTERCARD,2283.97,MXN,REVERSADA,QR,N
TRX0004223,2026-03-16 11:24:05,GASOLINERA KM 12,Combustible,Puebla,TPV01-PUE,Jorge Gonzalez,jorge.gonzalez138@correo.mx,4950,AMEX,744.16,MXN,APROBADA,CONTACTLESS,N
TRX0004224,2026-03-08 14:43:57,Boutique Iris,Ropa,Ciudad de Mexico,TPV02-CIU,Raul Delgado,raul.delgado169@correo.mx,7678,VISA,3355.4,MXN,APROBADA,MANUAL,N
TRX0004225,2026-03-14 07:04:28,FARMACIA DEL SOL,farmacia,Ciudad de Mexico,TPV04-CIU,Fernando Salazar,fernando.salazar63@correo.mx,5089,MASTERCARD,570.93,MXN,APROBADA,QR,N
TRX0004226,2026-06-09 07:46:31,Cafe Aurora,Restaurante,Guadalajara,TPV01-GUA,Ivan Delgado,ivan.delgado162@correo.mx,2492,AMEX,133.29,MXN,APROBADA,MANUAL,N
TRX0004227,2026-04-13 15:39:08,Farmacia del Sol,Farmacia,Ciudad de Mexico,TPV03-CIU,Carmen Nunez,carmen.nunez31@correo.mx,2556,AMEX,321.77,MXN,APROBADA,QR,N
TRX0004228,2026-01-12 10:47:38,Super Nortenio,SUPER,Monterrey,TPV02-MON,Carmen Nunez,carmen.nunez31@correo.mx,6697,VISA,2301.22,MXN,APROBADA,QR,N
TRX0004229,2026-03-13 15:18:26,CAFE AURORA,restaurante,Guadalajara,TPV02-GUA,Elena Trejo,elena.trejo113@correo.mx,4568,MASTERCARD,397.76,MXN,APROBADA,MANUAL,N
TRX0004230,2026-03-23 20:20:44,GASOLINERA KM 12,Combustible,Puebla,TPV03-PUE,Fernando Vargas,fernando.vargas65@correo.mx,7747,MASTERCARD,1189.6,MXN,APROBADA,MANUAL,N
TRX0004231,2026-01-02 06:40:58,ELECTRO MAYA,electronica,Merida,TPV03-MER,Rocio Ramirez,rocio.ramirez94@correo.mx,3489,VISA,17224.88,MXN,APROBADA,CONTACTLESS,N
TRX0004232,2026-01-24 17:31:18,Super Nortenio,SUPER,Monterrey,TPV03-MON,Carmen Rivas,carmen.rivas139@correo.mx,4822,AMEX,1061.37,MXN,APROBADA,BANDA,N
TRX0004233,2026-03-29 21:07:25,FARMACIA DEL SOL,FARM,Ciudad de Mexico,TPV03-CIU,Jorge Delgado,jorge.delgado66@correo.mx,7754,VISA,808.51,MXN,APROBADA,MANUAL,N
TRX0004234,2026-06-01 14:33:57,Viajes Altamar,viajes,Cancun,TPV01-CAN,Ana Vargas,ana.vargas60@correo.mx,5862,AMEX,22229.75,MXN,APROBADA,CHIP,N
TRX0004235,2026-04-15 20:27:02,Cafe Aurora,restaurante,Guadalajara,TPV03-GUA,Ivan Nunez,ivan.nunez88@correo.mx,1309,MASTERCARD,460.82,MXN,APROBADA,CONTACTLESS,N
TRX0004236,2026-05-28 21:36:36,FARMACIA DEL SOL,FARM,Ciudad de Mexico,TPV01-CIU,Jorge Gonzalez,jorge.gonzalez2@correo.mx,4837,AMEX,882.13,MXN,APROBADA,QR,N
TRX0004237,2026-03-29 10:04:49,Super Norteno,SUPER,Monterrey,TPV04-MON,Jorge Delgado,jorge.delgado66@correo.mx,7754,VISA,334.62,MXN,APROBADA,CONTACTLESS,N
TRX0004238,2026-06-17 08:49:59,Gasolinera Km 12,combustible,Puebla,TPV03-PUE,Carmen Mendoza,carmen.mendoza95@correo.mx,6566,AMEX,452.56,MXN,APROBADA,MANUAL,N
TRX0004239,2026-05-20 15:04:14,FARMACIA DEL SOL,FARM,Ciudad de Mexico,TPV02-CIU,Raul Zamora,raul.zamora124@correo.mx,6787,AMEX,179.11,MXN,APROBADA,CONTACTLESS,S
TRX0004240,2026-05-28 09:05:23,Farmacia del Sol ,farmacia,Ciudad de Mexico,TPV02-CIU,Ivan Delgado,ivan.delgado59@correo.mx,3851,AMEX,697.78,MXN,APROBADA,MANUAL,N
TRX0004241,2026-04-11 08:31:08,Super Norteno,Supermercado,Monterrey,TPV01-MON,Jorge Rivas,jorge.rivas78@correo.mx,8391,AMEX,1631.49,MXN,APROBADA,CHIP,N
TRX0004242,2026-05-02 07:14:13,Electro Maya,Electronica,Merida,TPV03-MER,Elena Ramirez,elena.ramirez175@correo.mx,9442,MASTERCARD,2129.14,MXN,RECHAZADA,BANDA,N
TRX0004243,2026-06-13 12:46:46,Farmacia del Sol,Farmacia,Ciudad de Mexico,TPV04-CIU,Fernando Zamora,fernando.zamora156@correo.mx,3541,MASTERCARD,238.32,MXN,RECHAZADA,CHIP,N
TRX0004244,2026-03-02 08:01:56,GASOLINERA KM 12,Combustible,Puebla,TPV01-PUE,Fernando Cortes,fernando.cortes170@correo.mx,6842,AMEX,1557.18,MXN,RECHAZADA,BANDA,N
TRX0004245,2026-06-13 06:39:28,CAFE AURORA,Restaurante,Guadalajara,TPV04-GUA,Ivan Mendoza,ivan.mendoza21@correo.mx,2908,MASTERCARD,62.26,MXN,APROBADA,QR,N
TRX0004246,2026-02-21 10:38:42,CAFE AURORA,restaurante,Guadalajara,TPV01-GUA,Ana Cortes,ana.cortes91@correo.mx,8806,AMEX,279.01,MXN,REVERSADA,QR,N
TRX0004247,2026-03-30 11:46:52,CAFE AURORA,Restaurante,Guadalajara,TPV03-GUA,Teresa Herrera,teresa.herrera35@correo.mx,4201,VISA,312.38,MXN,APROBADA,CHIP,N
TRX0004248,2026-04-11 20:11:17,Cafe Aurora,restaurante,Guadalajara,TPV01-GUA,Patricia Gonzalez,patricia.gonzalez33@correo.mx,8690,AMEX,403.48,MXN,REVERSADA,QR,N
TRX0004249,2026-03-16 15:35:47,Farmacia del Sol ,Farmacia,Ciudad de Mexico,TPV01-CIU,Patricia Delgado,patricia.delgado167@correo.mx,8972,VISA,384.91,MXN,RECHAZADA,CHIP,N
TRX0004250,2026-06-15 20:57:33,Farmacia del Sol ,Farmacia,Ciudad de Mexico,TPV04-CIU,Raul Zamora,raul.zamora124@correo.mx,6787,AMEX,749.94,MXN,REVERSADA,BANDA,N
TRX0004251,2026-06-14 09:05:42,Farmacia del Sol ,farmacia,Ciudad de Mexico,TPV03-CIU,Fernando Gonzalez,fernando.gonzalez14@correo.mx,4950,MASTERCARD,164.38,MXN,APROBADA,BANDA,N
TRX0004252,2026-04-16 10:13:16,Farmacia del Sol ,Farmacia,Ciudad de Mexico,TPV01-CIU,Raul Vargas,raul.vargas37@correo.mx,5573,AMEX,360.33,MXN,RECHAZADA,CHIP,N
TRX0004253,2026-06-15 16:33:01,SUPER NORTENO,SUPER,Monterrey,TPV02-MON,Luis Rivas,luis.rivas99@correo.mx,1585,MASTERCARD,718.46,MXN,RECHAZADA,BANDA,N
TRX0004254,2026-01-26 19:29:33,VIAJES ALTAMAR,viajes,Cancun,TPV02-CAN,Lucia Trejo,lucia.trejo92@correo.mx,3905,MASTERCARD,13512.58,MXN,RECHAZADA,CONTACTLESS,N
TRX0004255,2026-03-20 17:59:54,GASOLINERA KM 12,combustible,Puebla,TPV02-PUE,Patricia Cortes,patricia.cortes160@correo.mx,9021,MASTERCARD,1344.09,MXN,REVERSADA,QR,N
TRX0004256,2026-01-26 16:37:14,Super Norteno,SUPER,Monterrey,TPV03-MON,Elena Ramirez,elena.ramirez175@correo.mx,9442,MASTERCARD,235.5,MXN,APROBADA,MANUAL,N
TRX0004257,2026-06-25 13:22:15,Super Norteno,Supermercado,Monterrey,TPV03-MON,Fernando Mendoza,fernando.mendoza109@correo.mx,1447,AMEX,1835.1,MXN,APROBADA,QR,N
TRX0004258,2026-02-21 07:03:48,Boutique  Iris,ropa,Ciudad de Mexico,TPV02-CIU,Raul Rivas,raul.rivas114@correo.mx,9720,MASTERCARD,4873.36,MXN,APROBADA,CHIP,N
TRX0004259,2026-04-03 19:30:32,Super Nortenio,Supermercado,Monterrey,TPV02-MON,Rocio Herrera,rocio.herrera165@correo.mx,6020,VISA,2083.08,MXN,REVERSADA,CHIP,N
TRX0004260,2026-02-24 19:44:52,Super Nortenio,Supermercado,Monterrey,TPV04-MON,Jorge Gonzalez,jorge.gonzalez138@correo.mx,4950,AMEX,1458.77,MXN,APROBADA,BANDA,N
TRX0004261,2026-04-11 14:02:17,Boutique  Iris,VESTIMENTA,Ciudad de Mexico,TPV03-CIU,Miguel Trejo,miguel.trejo115@correo.mx,3481,MASTERCARD,4311.57,MXN,APROBADA,MANUAL,N
TRX0004262,2026-05-29 18:12:12,Cafe Aurora,Restaurante,Guadalajara,TPV04-GUA,Lucia Ramirez,lucia.ramirez48@correo.mx,2913,VISA,254.43,MXN,APROBADA,CHIP,N
TRX0004263,2026-05-02 14:06:42,CAFE AURORA,restaurante,Guadalajara,TPV03-GUA,Rocio Nunez,rocio.nunez173@correo.mx,4285,MASTERCARD,230.19,MXN,APROBADA,QR,N
TRX0004264,2026-06-17 21:37:51,Farmacia del Sol,farmacia,Ciudad de Mexico,TPV01-CIU,Fernando Ramirez,fernando.ramirez126@correo.mx,7487,AMEX,302.91,MXN,APROBADA,MANUAL,N
TRX0004265,2026-02-12 06:51:48,CAFE AURORA,Restaurante,Guadalajara,TPV03-GUA,Luis Salazar,luis.salazar77@correo.mx,1058,AMEX,433.1,MXN,APROBADA,BANDA,N
TRX0004266,2026-06-23 21:21:04,Super Norteno,SUPER,Monterrey,TPV01-MON,Ana Vargas,ana.vargas60@correo.mx,5862,AMEX,205.37,MXN,APROBADA,CONTACTLESS,N
TRX0004267,2026-06-19 18:03:37,BOUTIQUE IRIS,ropa,Ciudad de Mexico,TPV04-CIU,Jorge Rivas,jorge.rivas128@correo.mx,7387,MASTERCARD,5236.29,MXN,APROBADA,BANDA,N
TRX0004268,2026-05-16 13:09:00,Farmacia del Sol ,Farmacia,Ciudad de Mexico,TPV04-CIU,Patricia Gonzalez,patricia.gonzalez33@correo.mx,8690,AMEX,303.93,MXN,APROBADA,CONTACTLESS,N
TRX0004269,2026-01-13 15:34:54,Farmacia del Sol ,Farmacia,Ciudad de Mexico,TPV01-CIU,Luis Rivas,luis.rivas99@correo.mx,1585,MASTERCARD,257.23,MXN,APROBADA,MANUAL,N
TRX0004270,2026-01-27 09:28:39,Boutique Iris,ropa,Ciudad de Mexico,TPV03-CIU,Sofia Ramirez,sofia.ramirez84@correo.mx,8467,MASTERCARD,5902.09,MXN,APROBADA,MANUAL,N
TRX0004271,2026-03-15 20:43:45,Farmacia del Sol,farmacia,Ciudad de Mexico,TPV01-CIU,Ana Zamora,ana.zamora72@correo.mx,8476,VISA,284.56,MXN,APROBADA,QR,N
TRX0004272,2026-01-25 08:09:12,Cafe Aurora,Restaurante,Guadalajara,TPV03-GUA,Patricia Rivas,patricia.rivas157@correo.mx,8006,VISA,299.9,MXN,APROBADA,CHIP,N
TRX0004273,2026-06-12 08:34:53,Cafe Aurora,Restaurante,Guadalajara,TPV04-GUA,Patricia Delgado,patricia.delgado167@correo.mx,8972,VISA,157.66,MXN,APROBADA,BANDA,N
TRX0004274,2026-06-06 07:45:11,Farmacia del Sol ,FARM,Ciudad de Mexico,TPV02-CIU,Hector Rivas,hector.rivas50@correo.mx,8897,MASTERCARD,824.62,MXN,APROBADA,MANUAL,N
TRX0004275,2026-05-23 14:28:35,Super Norteno,SUPER,Monterrey,TPV03-MON,Hector Herrera,hector.herrera79@correo.mx,6221,MASTERCARD,2614.73,MXN,APROBADA,QR,N
TRX0004276,2026-03-15 07:30:37,ELECTRO MAYA,Electronica,Merida,TPV02-MER,Rocio Salazar,rocio.salazar98@correo.mx,9662,VISA,20858.5,MXN,APROBADA,MANUAL,N
TRX0004277,2026-05-21 18:00:46,Boutique Iris,ropa,Ciudad de Mexico,TPV01-CIU,Teresa Mendoza,teresa.mendoza159@correo.mx,6739,VISA,3315.5,MXN,APROBADA,CHIP,N
TRX0004278,2026-01-06 18:18:59,Cafe Aurora,Restaurante,Guadalajara,TPV04-GUA,Luis Ramirez,luis.ramirez58@correo.mx,6479,AMEX,310.28,MXN,APROBADA,QR,N
TRX0004279,2026-03-13 07:14:58,Cafe Aurora,Restaurante,Guadalajara,TPV03-GUA,Hector Herrera,hector.herrera79@correo.mx,6221,MASTERCARD,155.24,MXN,APROBADA,CONTACTLESS,N
TRX0004280,2026-04-24 14:44:51,Cafe Aurora,Restaurante,Guadalajara,TPV02-GUA,Miguel Delgado,miguel.delgado23@correo.mx,3807,VISA,365.15,MXN,RECHAZADA,CONTACTLESS,N
TRX0004281,2026-05-26 20:58:34,Gasolinera Km 12,Combustible,Puebla,TPV04-PUE,Fernando Herrera,fernando.herrera168@correo.mx,8810,VISA,742.87,MXN,APROBADA,CONTACTLESS,N
TRX0004282,2026-02-20 21:42:55,Super Norteno,Supermercado,Monterrey,TPV03-MON,Sofia Delgado,sofia.delgado119@correo.mx,1778,AMEX,424.61,MXN,APROBADA,QR,N
TRX0004283,2026-06-10 21:19:50,Electro Maya,ELECTRO,Merida,TPV03-MER,Hector Delgado,hector.delgado137@correo.mx,3321,AMEX,16119.35,MXN,APROBADA,MANUAL,N
TRX0004284,2026-06-12 18:33:01,SUPER NORTENO,supermercado,Monterrey,TPV02-MON,Rocio Salazar,rocio.salazar15@correo.mx,4224,MASTERCARD,727.38,MXN,APROBADA,MANUAL,N
TRX0004285,2026-02-12 14:23:53,Super Nortenio,supermercado,Monterrey,TPV01-MON,Rocio Salazar,rocio.salazar98@correo.mx,9662,VISA,857.39,MXN,APROBADA,BANDA,N
TRX0004286,2026-04-24 11:42:00,CAFE AURORA,restaurante,Guadalajara,TPV01-GUA,Fernando Mendoza,fernando.mendoza109@correo.mx,1447,AMEX,343.93,MXN,APROBADA,CONTACTLESS,N
TRX0004287,2026-03-09 20:03:09,Farmacia del Sol,farmacia,Ciudad de Mexico,TPV01-CIU,Rocio Zamora,rocio.zamora85@correo.mx,2544,AMEX,858.51,MXN,REVERSADA,QR,N
TRX0004288,2026-04-25 17:25:09,Boutique  Iris,VESTIMENTA,Ciudad de Mexico,TPV04-CIU,Raul Delgado,raul.delgado122@correo.mx,1413,VISA,3157.77,MXN,APROBADA,QR,N
TRX0004289,2026-04-30 09:40:25,CAFE AURORA,Restaurante,Guadalajara,TPV04-GUA,Rocio Ramirez,rocio.ramirez12@correo.mx,2195,MASTERCARD,197.06,MXN,APROBADA,MANUAL,N
TRX0004290,2026-01-27 14:03:10,GASOLINERA KM 12,Combustible,Puebla,TPV04-PUE,Raul Mendoza,raul.mendoza90@correo.mx,1177,AMEX,372.25,MXN,RECHAZADA,MANUAL,N
TRX0004291,2026-03-05 16:35:35,BOUTIQUE IRIS,Ropa,Ciudad de Mexico,TPV03-CIU,Rocio Ramirez,rocio.ramirez94@correo.mx,3489,VISA,4258.3,MXN,APROBADA,MANUAL,N
TRX0004292,2026-02-12 08:49:21,Gasolinera Km 12,combustible,Puebla,TPV02-PUE,Hector Delgado,hector.delgado49@correo.mx,4702,VISA,1276.28,MXN,APROBADA,CONTACTLESS,N
TRX0004293,2026-02-20 08:33:12,Cafe Aurora,restaurante,Guadalajara,TPV03-GUA,Fernando Vargas,fernando.vargas65@correo.mx,6811,AMEX,307.48,MXN,REVERSADA,CONTACTLESS,N
TRX0004294,2026-01-29 09:34:47,Gasolinera Km 12,Combustible,Puebla,TPV02-PUE,Sofia Nunez,sofia.nunez134@correo.mx,9193,AMEX,357.99,MXN,APROBADA,BANDA,N
TRX0004295,2026-04-09 11:09:24,CAFE AURORA,Restaurante,Guadalajara,TPV02-GUA,Hector Nunez,hector.nunez38@correo.mx,3109,AMEX,105.69,MXN,APROBADA,MANUAL,N
TRX0004296,2026-06-04 13:04:37,SUPER NORTENO,SUPER,Monterrey,TPV04-MON,Rocio Salazar,rocio.salazar15@correo.mx,4224,MASTERCARD,265.15,MXN,APROBADA,CHIP,N
TRX0004297,2026-01-28 19:40:02,BOUTIQUE IRIS,VESTIMENTA,Ciudad de Mexico,TPV02-CIU,Lucia Ramirez,lucia.ramirez48@correo.mx,2913,VISA,1804.83,MXN,APROBADA,CHIP,N
TRX0004298,2026-05-29 14:57:39,FARMACIA DEL SOL,farmacia,Ciudad de Mexico,TPV04-CIU,Ivan Gonzalez,ivan.gonzalez163@correo.mx,9280,MASTERCARD,477.76,MXN,APROBADA,QR,N
TRX0004299,2026-04-22 17:55:05,Boutique  Iris,VESTIMENTA,Ciudad de Mexico,TPV03-CIU,Elena Cortes,elena.cortes68@correo.mx,5599,AMEX,2820.47,MXN,APROBADA,CHIP,N
TRX0004300,2026-03-22 18:38:21,Cafe Aurora,Restaurante,Guadalajara,TPV01-GUA,Lucia Gonzalez,lucia.gonzalez54@correo.mx,2892,AMEX,303.84,MXN,APROBADA,QR,N
TRX0004301,2026-05-16 09:17:31,Super Nortenio,supermercado,Monterrey,TPV03-MON,Luis Zamora,luis.zamora9@correo.mx,1462,AMEX,925.25,MXN,APROBADA,MANUAL,N
TRX0004302,2026-03-04 19:49:42,SUPER NORTENO,SUPER,Monterrey,TPV02-MON,Teresa Herrera,teresa.herrera35@correo.mx,4201,VISA,718.39,MXN,APROBADA,QR,N
TRX0004303,2026-03-25 06:29:00,Super Norteno,Supermercado,Monterrey,TPV02-MON,Patricia Delgado,patricia.delgado67@correo.mx,2557,MASTERCARD,3254.55,MXN,APROBADA,CONTACTLESS,N
TRX0004304,2026-06-01 08:09:31,VIAJES ALTAMAR,Viajes,Cancun,TPV04-CAN,Elena Delgado,elena.delgado149@correo.mx,9248,MASTERCARD,22493.85,MXN,APROBADA,QR,N
TRX0004305,2026-04-18 19:41:45,Boutique  Iris,VESTIMENTA,Ciudad de Mexico,TPV03-CIU,Elena Ramirez,elena.ramirez4@correo.mx,8580,VISA,2007.67,MXN,APROBADA,CONTACTLESS,N
TRX0004306,2026-05-29 14:09:07,BOUTIQUE IRIS,VESTIMENTA,Ciudad de Mexico,TPV01-CIU,Patricia Delgado,patricia.delgado167@correo.mx,8972,VISA,4930.61,MXN,APROBADA,MANUAL,N
TRX0004307,2026-04-06 11:45:16,Farmacia del Sol ,farmacia,Ciudad de Mexico,TPV03-CIU,Jorge Gonzalez,jorge.gonzalez138@correo.mx,4950,AMEX,221.18,MXN,APROBADA,QR,N
TRX0004308,2026-02-17 13:45:30,FARMACIA DEL SOL,farmacia,Ciudad de Mexico,TPV01-CIU,Teresa Salazar,teresa.salazar118@correo.mx,4699,VISA,677.68,MXN,REVERSADA,MANUAL,N
TRX0004309,2026-01-04 14:02:57,Super Nortenio,Supermercado,Monterrey,TPV01-MON,Miguel Ramirez,miguel.ramirez132@correo.mx,5849,MASTERCARD,2362.27,MXN,APROBADA,CONTACTLESS,N
TRX0004310,2026-05-13 21:14:29,FARMACIA DEL SOL,FARM,Ciudad de Mexico,TPV01-CIU,Ivan Gonzalez,ivan.gonzalez41@correo.mx,2888,AMEX,631.89,MXN,APROBADA,BANDA,N
TRX0004311,2026-05-29 21:26:19,Farmacia del Sol ,farmacia,Ciudad de Mexico,TPV02-CIU,Rocio Vargas,rocio.vargas62@correo.mx,4939,MASTERCARD,359.09,MXN,APROBADA,CHIP,N
TRX0004312,2026-06-20 18:17:44,Gasolinera Km 12,combustible,Puebla,TPV04-PUE,Jorge Gonzalez,jorge.gonzalez138@correo.mx,4950,AMEX,398.84,MXN,APROBADA,CHIP,N
TRX0004313,2026-06-01 18:09:33,FARMACIA DEL SOL,farmacia,Ciudad de Mexico,TPV02-CIU,Luis Gonzalez,luis.gonzalez18@correo.mx,8351,VISA,653.9,MXN,APROBADA,BANDA,N
TRX0004314,2026-01-18 11:42:07,Farmacia del Sol ,Farmacia,Ciudad de Mexico,TPV04-CIU,Carmen Ramirez,carmen.ramirez111@correo.mx,1829,VISA,479.79,MXN,RECHAZADA,QR,N
TRX0004315,2026-02-25 14:31:14,CAFE AURORA,Restaurante,Guadalajara,TPV01-GUA,Luis Salazar,luis.salazar77@correo.mx,1058,AMEX,282.46,MXN,REVERSADA,CONTACTLESS,N
TRX0004316,2026-01-27 21:24:59,Boutique  Iris,ropa,Ciudad de Mexico,TPV01-CIU,Fernando Mendoza,fernando.mendoza109@correo.mx,1447,AMEX,3653.18,MXN,APROBADA,QR,N
TRX0004317,2026-03-23 19:04:44,ELECTRO MAYA,Electronica,Merida,TPV01-MER,Ana Rivas,ana.rivas117@correo.mx,2975,MASTERCARD,19798.32,MXN,APROBADA,QR,N
TRX0004318,2026-06-24 11:39:10,Boutique Iris,VESTIMENTA,Ciudad de Mexico,TPV01-CIU,Jorge Vargas,jorge.vargas40@correo.mx,2316,AMEX,2677.63,MXN,RECHAZADA,CONTACTLESS,N
TRX0004319,2026-05-22 18:32:52,Super Norteno,supermercado,Monterrey,TPV03-MON,Raul Cortes,raul.cortes116@correo.mx,1792,MASTERCARD,559.23,MXN,APROBADA,CONTACTLESS,N
TRX0004320,2026-06-28 14:50:12,Boutique  Iris,Ropa,Ciudad de Mexico,TPV01-CIU,Miguel Gonzalez,miguel.gonzalez28@correo.mx,8632,VISA,5952.75,MXN,APROBADA,MANUAL,N
TRX0004321,2026-02-23 20:34:39,Farmacia del Sol,Farmacia,Ciudad de Mexico,TPV04-CIU,Raul Mendoza,raul.mendoza90@correo.mx,1177,AMEX,622.48,MXN,APROBADA,CHIP,N
TRX0004322,2026-03-02 19:24:30,GASOLINERA KM 12,combustible,Puebla,TPV02-PUE,Ivan Gonzalez,ivan.gonzalez41@correo.mx,2888,AMEX,1145.04,MXN,APROBADA,CONTACTLESS,N
TRX0004323,2026-05-20 06:06:43,Cafe Aurora,Restaurante,Guadalajara,TPV01-GUA,Hector Trejo,hector.trejo101@correo.mx,6533,MASTERCARD,83.07,MXN,APROBADA,QR,N
TRX0004324,2026-01-31 09:56:58,FARMACIA DEL SOL,farmacia,Ciudad de Mexico,TPV03-CIU,Jorge Herrera,jorge.herrera46@correo.mx,2925,AMEX,270.38,MXN,APROBADA,QR,N
TRX0004325,2026-05-18 21:42:23,FARMACIA DEL SOL,Farmacia,Ciudad de Mexico,TPV04-CIU,Lucia Trejo,lucia.trejo32@correo.mx,7972,AMEX,259.67,MXN,REVERSADA,MANUAL,N
TRX0004326,2026-01-04 09:18:23,Farmacia del Sol,FARM,Ciudad de Mexico,TPV03-CIU,Ana Vargas,ana.vargas60@correo.mx,5862,AMEX,704.69,MXN,RECHAZADA,QR,N
TRX0004327,2026-02-17 16:37:20,GASOLINERA KM 12,Combustible,Puebla,TPV03-PUE,Elena Rivas,elena.rivas20@correo.mx,9752,AMEX,395.47,MXN,RECHAZADA,CONTACTLESS,N
TRX0004328,2026-05-19 19:48:51,Gasolinera Km 12,combustible,Puebla,TPV03-PUE,Luis Ramirez,luis.ramirez58@correo.mx,6479,AMEX,1119.0,MXN,APROBADA,BANDA,N
TRX0004329,2026-02-18 17:31:40,GASOLINERA KM 12,Combustible,Puebla,TPV01-PUE,Sofia Cortes,sofia.cortes153@correo.mx,1495,AMEX,1513.49,MXN,RECHAZADA,CHIP,N
TRX0004330,2026-04-25 13:42:29,GASOLINERA KM 12,combustible,Puebla,TPV03-PUE,Hector Ramirez,hector.ramirez164@correo.mx,7290,MASTERCARD,945.44,MXN,APROBADA,MANUAL,N
TRX0004331,2026-02-28 10:13:28,Farmacia del Sol ,farmacia,Ciudad de Mexico,TPV03-CIU,Rocio Nunez,rocio.nunez173@correo.mx,4285,MASTERCARD,780.6,MXN,REVERSADA,CONTACTLESS,N
TRX0004332,2026-06-15 19:01:58,FARMACIA DEL SOL,farmacia,Ciudad de Mexico,TPV01-CIU,Jorge Herrera,jorge.herrera112@correo.mx,5612,MASTERCARD,771.6,MXN,APROBADA,BANDA,N
TRX0004333,2026-01-18 18:34:39,GASOLINERA KM 12,combustible,Puebla,TPV04-PUE,Hector Delgado,hector.delgado137@correo.mx,3321,AMEX,511.39,MXN,APROBADA,QR,N
TRX0004334,2026-05-06 16:34:00,Farmacia del Sol,Farmacia,Ciudad de Mexico,TPV02-CIU,Ana Herrera,ana.herrera83@correo.mx,1387,MASTERCARD,711.79,MXN,APROBADA,CONTACTLESS,N
TRX0004335,2026-02-02 21:37:44,SUPER NORTENO,Supermercado,Monterrey,TPV02-MON,Luis Rivas,luis.rivas99@correo.mx,1585,MASTERCARD,3140.1,MXN,APROBADA,CONTACTLESS,N
TRX0004336,2026-02-13 13:36:19,Gasolinera Km 12,Combustible,Puebla,TPV01-PUE,Sofia Salazar,sofia.salazar146@correo.mx,4742,VISA,324.74,MXN,APROBADA,BANDA,N
TRX0004337,2026-04-12 11:13:43,CAFE AURORA,restaurante,Guadalajara,TPV01-GUA,Fernando Mendoza,fernando.mendoza109@correo.mx,1447,AMEX,213.37,MXN,APROBADA,CONTACTLESS,N
TRX0004338,2026-02-11 06:02:24,Super Norteno,supermercado,Monterrey,TPV02-MON,Rocio Zamora,rocio.zamora85@correo.mx,2544,AMEX,316.93,MXN,APROBADA,CHIP,N
TRX0004339,2026-05-15 18:57:03,SUPER NORTENO,SUPER,Monterrey,TPV01-MON,Elena Ramirez,elena.ramirez8@correo.mx,3648,MASTERCARD,2114.77,MXN,APROBADA,CONTACTLESS,N
TRX0004340,2026-01-15 15:50:39,FARMACIA DEL SOL,farmacia,Ciudad de Mexico,TPV03-CIU,Fernando Ramirez,fernando.ramirez126@correo.mx,7487,AMEX,580.48,MXN,APROBADA,QR,N
TRX0004341,2026-02-17 20:28:41,Farmacia del Sol ,farmacia,Ciudad de Mexico,TPV01-CIU,Fernando Gonzalez,fernando.gonzalez14@correo.mx,4950,MASTERCARD,629.28,MXN,APROBADA,QR,N
TRX0004342,2026-06-03 08:42:03,FARMACIA DEL SOL,Farmacia,Ciudad de Mexico,TPV01-CIU,Miguel Trejo,miguel.trejo115@correo.mx,3481,MASTERCARD,868.4,MXN,REVERSADA,QR,N
TRX0004343,2026-03-20 18:48:14,GASOLINERA KM 12,combustible,Puebla,TPV04-PUE,Carmen Gonzalez,carmen.gonzalez129@correo.mx,1346,MASTERCARD,1027.27,MXN,RECHAZADA,QR,N
TRX0004344,2026-04-02 11:59:50,Super Norteno,SUPER,Monterrey,TPV03-MON,Fernando Cortes,fernando.cortes170@correo.mx,6842,AMEX,2098.73,MXN,APROBADA,MANUAL,N
TRX0004345,2026-01-18 19:58:01,GASOLINERA KM 12,combustible,Puebla,TPV02-PUE,Jorge Rivas,jorge.rivas147@correo.mx,5919,MASTERCARD,1703.35,MXN,APROBADA,CONTACTLESS,N
TRX0004346,2026-05-31 07:53:28,Farmacia del Sol ,Farmacia,Ciudad de Mexico,TPV01-CIU,Ivan Trejo,ivan.trejo180@correo.mx,8045,MASTERCARD,346.44,MXN,APROBADA,BANDA,N
TRX0004347,2026-04-28 14:55:11,BOUTIQUE IRIS,Ropa,Ciudad de Mexico,TPV02-CIU,Miguel Gonzalez,miguel.gonzalez172@correo.mx,8638,MASTERCARD,4789.66,MXN,APROBADA,CONTACTLESS,N
TRX0004348,2026-03-18 14:20:48,Viajes Altamar,viajes,Cancun,TPV04-CAN,Lucia Herrera,lucia.herrera11@correo.mx,1104,VISA,16288.93,MXN,APROBADA,MANUAL,N
TRX0004349,2026-01-03 09:38:05,Super Norteno,SUPER,Monterrey,TPV03-MON,Rocio Zamora,rocio.zamora104@correo.mx,6783,MASTERCARD,3372.5,MXN,APROBADA,CONTACTLESS,N
TRX0004350,2026-04-23 09:43:11,VIAJES ALTAMAR,Viajes,Cancun,TPV02-CAN,Lucia Trejo,lucia.trejo92@correo.mx,3905,MASTERCARD,17672.55,MXN,REVERSADA,CONTACTLESS,N
TRX0004351,2026-02-10 18:13:45,Cafe Aurora,restaurante,Guadalajara,TPV01-GUA,Ivan Delgado,ivan.delgado162@correo.mx,2492,AMEX,288.48,MXN,RECHAZADA,CONTACTLESS,N
TRX0004352,2026-03-24 18:13:41,Super Nortenio,SUPER,Monterrey,TPV01-MON,Miguel Delgado,miguel.delgado23@correo.mx,3807,VISA,2440.04,MXN,RECHAZADA,MANUAL,N
TRX0004353,2026-01-04 16:31:01,Cafe Aurora,restaurante,Guadalajara,TPV04-GUA,Patricia Delgado,patricia.delgado167@correo.mx,8972,VISA,135.65,MXN,RECHAZADA,BANDA,N
TRX0004354,2026-01-28 19:31:09,Farmacia del Sol,FARM,Ciudad de Mexico,TPV01-CIU,Sofia Rivas,sofia.rivas93@correo.mx,4177,VISA,650.92,MXN,REVERSADA,QR,N
TRX0004355,2026-03-25 12:18:59,GASOLINERA KM 12,combustible,Puebla,TPV04-PUE,Lucia Vargas,lucia.vargas7@correo.mx,4691,AMEX,745.91,MXN,APROBADA,CONTACTLESS,N
TRX0004356,2026-04-16 10:47:53,VIAJES ALTAMAR,viajes,Cancun,TPV04-CAN,Fernando Rivas,fernando.rivas133@correo.mx,6714,MASTERCARD,38923.98,MXN,APROBADA,QR,N
TRX0004357,2026-04-08 07:42:31,Boutique Iris,ropa,Ciudad de Mexico,TPV01-CIU,Lucia Vargas,lucia.vargas64@correo.mx,5333,VISA,791.61,MXN,APROBADA,QR,N
TRX0004358,2026-01-12 21:56:58,Gasolinera Km 12,Combustible,Puebla,TPV03-PUE,Jorge Nunez,jorge.nunez121@correo.mx,1683,AMEX,1572.02,MXN,APROBADA,MANUAL,N
TRX0004359,2026-04-24 06:32:11,Super Norteno,supermercado,Monterrey,TPV02-MON,Ana Vargas,ana.vargas60@correo.mx,5862,AMEX,3019.97,MXN,APROBADA,CONTACTLESS,N
TRX0004360,2026-03-29 11:48:34,Cafe Aurora,restaurante,Guadalajara,TPV01-GUA,Sofia Nunez,sofia.nunez134@correo.mx,9193,AMEX,67.84,MXN,APROBADA,MANUAL,N
TRX0004361,2026-03-07 14:50:58,GASOLINERA KM 12,combustible,Puebla,TPV03-PUE,Sofia Salazar,sofia.salazar146@correo.mx,4742,VISA,1332.54,MXN,RECHAZADA,CHIP,N
TRX0004362,2026-02-15 16:21:34,Super Norteno,SUPER,Monterrey,TPV02-MON,Ivan Nunez,ivan.nunez88@correo.mx,1309,MASTERCARD,646.62,MXN,APROBADA,MANUAL,N
TRX0004363,2026-04-15 15:54:41,Viajes Altamar,Viajes,Cancun,TPV03-CAN,Hector Mendoza,hector.mendoza10@correo.mx,6846,VISA,12290.2,MXN,APROBADA,BANDA,N
TRX0004364,2026-02-08 08:14:02,Gasolinera Km 12,Combustible,Puebla,TPV02-PUE,Jorge Rivas,jorge.rivas128@correo.mx,7387,MASTERCARD,929.38,MXN,APROBADA,MANUAL,N
TRX0004365,2026-06-13 11:20:19,ELECTRO MAYA,Electronica,Merida,TPV01-MER,Jorge Vargas,jorge.vargas40@correo.mx,2316,AMEX,6128.32,MXN,APROBADA,QR,N
TRX0004366,2026-01-27 20:10:18,Gasolinera Km 12,combustible,Puebla,TPV03-PUE,Sofia Nunez,sofia.nunez134@correo.mx,9193,AMEX,1480.62,MXN,APROBADA,CHIP,N
TRX0004367,2026-03-13 17:57:42,VIAJES ALTAMAR,Viajes,Cancun,TPV03-CAN,Ivan Gonzalez,ivan.gonzalez163@correo.mx,9280,MASTERCARD,16838.95,MXN,APROBADA,CONTACTLESS,N
TRX0004368,2026-01-27 11:51:18,FARMACIA DEL SOL,FARM,Ciudad de Mexico,TPV03-CIU,Patricia Vargas,patricia.vargas26@correo.mx,4933,VISA,421.71,MXN,APROBADA,QR,N
TRX0004369,2026-02-23 08:13:04,SUPER NORTENO,Supermercado,Monterrey,TPV04-MON,Elena Trejo,elena.trejo73@correo.mx,9973,AMEX,2667.69,MXN,APROBADA,QR,N
TRX0004370,2026-03-07 08:16:06,Boutique  Iris,Ropa,Ciudad de Mexico,TPV01-CIU,Raul Delgado,raul.delgado142@correo.mx,4207,AMEX,4426.11,MXN,APROBADA,BANDA,N
TRX0004371,2026-02-03 07:07:22,Super Nortenio,Supermercado,Monterrey,TPV02-MON,Ana Herrera,ana.herrera83@correo.mx,1387,MASTERCARD,2689.79,MXN,APROBADA,BANDA,N
TRX0004372,2026-01-02 06:59:02,Cafe Aurora,restaurante,Guadalajara,TPV03-GUA,Ana Vargas,ana.vargas60@correo.mx,5862,AMEX,324.44,MXN,APROBADA,MANUAL,N
TRX0004373,2026-04-14 13:52:33,SUPER NORTENO,supermercado,Monterrey,TPV04-MON,Lucia Zamora,lucia.zamora108@correo.mx,3262,MASTERCARD,3302.23,MXN,APROBADA,CHIP,N
TRX0004374,2026-05-07 15:15:34,GASOLINERA KM 12,Combustible,Puebla,TPV04-PUE,Hector Delgado,hector.delgado49@correo.mx,4702,VISA,1733.77,MXN,APROBADA,CHIP,N
TRX0004375,2026-04-24 19:26:51,CAFE AURORA,Restaurante,Guadalajara,TPV02-GUA,Elena Ramirez,elena.ramirez4@correo.mx,8580,VISA,270.06,MXN,APROBADA,MANUAL,N
TRX0004376,2026-05-27 06:11:11,Farmacia del Sol,Farmacia,Ciudad de Mexico,TPV04-CIU,Luis Ramirez,luis.ramirez39@correo.mx,8712,VISA,629.57,MXN,APROBADA,BANDA,N
TRX0004377,2026-03-12 16:09:23,ELECTRO MAYA,electronica,Merida,TPV03-MER,Ivan Gonzalez,ivan.gonzalez41@correo.mx,2888,AMEX,11379.73,MXN,APROBADA,CHIP,N
TRX0004378,2026-04-23 11:48:32,BOUTIQUE IRIS,Ropa,Ciudad de Mexico,TPV04-CIU,Fernando Rivas,fernando.rivas133@correo.mx,1834,VISA,1062.02,MXN,RECHAZADA,MANUAL,N
TRX0004379,2026-03-25 19:11:26,FARMACIA DEL SOL,farmacia,Ciudad de Mexico,TPV04-CIU,Luis Ramirez,luis.ramirez39@correo.mx,8712,VISA,745.48,MXN,APROBADA,BANDA,N
TRX0004380,2026-01-26 16:02:50,CAFE AURORA,Restaurante,Guadalajara,TPV03-GUA,Miguel Delgado,miguel.delgado23@correo.mx,3807,VISA,259.34,MXN,APROBADA,CONTACTLESS,N
TRX0004381,2026-02-05 08:03:25,Boutique  Iris,ropa,Ciudad de Mexico,TPV01-CIU,Jorge Gonzalez,jorge.gonzalez138@correo.mx,4950,AMEX,5332.12,MXN,APROBADA,CHIP,N
TRX0004382,2026-02-23 06:38:36,Boutique  Iris,Ropa,Ciudad de Mexico,TPV03-CIU,Rocio Vargas,rocio.vargas62@correo.mx,4939,MASTERCARD,1764.2,MXN,RECHAZADA,CHIP,N
TRX0004383,2026-01-02 18:28:15,SUPER NORTENO,supermercado,Monterrey,TPV03-MON,Lucia Vargas,lucia.vargas64@correo.mx,5333,VISA,650.17,MXN,APROBADA,CHIP,N
TRX0004384,2026-02-25 16:14:14,ELECTRO MAYA,electronica,Merida,TPV03-MER,Jorge Herrera,jorge.herrera112@correo.mx,5612,MASTERCARD,3879.54,MXN,APROBADA,MANUAL,N
TRX0004385,2026-06-22 14:57:08,Farmacia del Sol ,farmacia,Ciudad de Mexico,TPV02-CIU,Ana Cortes,ana.cortes91@correo.mx,8806,AMEX,556.72,MXN,REVERSADA,BANDA,N
TRX0004386,2026-03-11 10:16:22,Farmacia del Sol,Farmacia,Ciudad de Mexico,TPV04-CIU,Ana Salazar,ana.salazar102@correo.mx,3316,AMEX,493.78,MXN,APROBADA,MANUAL,N
TRX0004387,2026-01-17 15:35:25,FARMACIA DEL SOL,FARM,Ciudad de Mexico,TPV04-CIU,Teresa Mendoza,teresa.mendoza159@correo.mx,6739,VISA,617.58,MXN,APROBADA,BANDA,N
TRX0004388,2026-05-06 12:47:35,CAFE AURORA,restaurante,Guadalajara,TPV01-GUA,Fernando Zamora,fernando.zamora156@correo.mx,3541,MASTERCARD,319.75,MXN,RECHAZADA,MANUAL,N
TRX0004389,2026-02-22 07:12:54,Cafe Aurora,restaurante,Guadalajara,TPV03-GUA,Jorge Vargas,jorge.vargas86@correo.mx,5040,MASTERCARD,186.01,MXN,APROBADA,CHIP,N
TRX0004390,2026-01-08 16:08:19,FARMACIA DEL SOL,farmacia,Ciudad de Mexico,TPV02-CIU,Miguel Herrera,miguel.herrera166@correo.mx,4697,AMEX,638.06,MXN,RECHAZADA,QR,N
TRX0004391,2026-02-25 19:41:36,Super Nortenio,supermercado,Monterrey,TPV01-MON,Patricia Salazar,patricia.salazar69@correo.mx,4268,MASTERCARD,2421.27,MXN,APROBADA,MANUAL,N
TRX0004392,2026-06-07 08:05:20,FARMACIA DEL SOL,Farmacia,Ciudad de Mexico,TPV01-CIU,Lucia Trejo,lucia.trejo32@correo.mx,7972,AMEX,232.02,MXN,APROBADA,MANUAL,N
TRX0004393,2026-06-23 17:41:28,Farmacia del Sol,FARM,Ciudad de Mexico,TPV01-CIU,Ivan Trejo,ivan.trejo180@correo.mx,8045,MASTERCARD,619.98,MXN,APROBADA,CHIP,N
TRX0004394,2026-06-29 10:16:05,CAFE AURORA,restaurante,Guadalajara,TPV02-GUA,Sofia Nunez,sofia.nunez56@correo.mx,5954,AMEX,393.66,MXN,APROBADA,MANUAL,N
TRX0004395,2026-03-18 08:29:43,Farmacia del Sol,Farmacia,Ciudad de Mexico,TPV01-CIU,Raul Mendoza,raul.mendoza30@correo.mx,7314,MASTERCARD,353.18,MXN,APROBADA,BANDA,N
TRX0004396,2026-01-31 08:19:10,FARMACIA DEL SOL,farmacia,Ciudad de Mexico,TPV01-CIU,Raul Delgado,raul.delgado169@correo.mx,7678,VISA,283.67,MXN,REVERSADA,CONTACTLESS,N
TRX0004397,2026-02-04 09:34:28,SUPER NORTENO,supermercado,Monterrey,TPV02-MON,Raul Nunez,raul.nunez70@correo.mx,5287,AMEX,1511.25,MXN,APROBADA,QR,N
TRX0004398,2026-05-21 07:17:55,SUPER NORTENO,SUPER,Monterrey,TPV03-MON,Raul Vargas,raul.vargas135@correo.mx,8290,AMEX,1743.09,MXN,RECHAZADA,BANDA,N
TRX0004399,2026-05-01 19:41:56,SUPER NORTENO,supermercado,Monterrey,TPV02-MON,Lucia Herrera,lucia.herrera155@correo.mx,9599,MASTERCARD,755.56,MXN,APROBADA,CONTACTLESS,N
TRX0004400,2026-05-20 18:09:37,Farmacia del Sol ,FARM,Ciudad de Mexico,TPV02-CIU,Hector Mendoza,hector.mendoza10@correo.mx,6846,VISA,204.7,MXN,APROBADA,QR,N
TRX0004401,2026-06-11 19:04:53,Super Norteno,supermercado,Monterrey,TPV02-MON,Lucia Delgado,lucia.delgado120@correo.mx,1162,AMEX,2743.04,MXN,APROBADA,QR,N
TRX0004402,2026-04-22 10:25:57,SUPER NORTENO,Supermercado,Monterrey,TPV03-MON,Jorge Nunez,jorge.nunez121@correo.mx,1683,AMEX,3052.51,MXN,APROBADA,QR,N
TRX0004403,2026-04-16 19:02:24,Cafe Aurora,restaurante,Guadalajara,TPV04-GUA,Patricia Mendoza,patricia.mendoza140@correo.mx,8731,VISA,372.7,MXN,APROBADA,BANDA,N
TRX0004404,2026-05-01 11:47:10,Cafe Aurora,restaurante,Guadalajara,TPV01-GUA,Jorge Vargas,jorge.vargas40@correo.mx,7531,MASTERCARD,248.38,MXN,APROBADA,CONTACTLESS,N
TRX0004405,2026-05-09 21:31:46,CAFE AURORA,Restaurante,Guadalajara,TPV03-GUA,Lucia Herrera,lucia.herrera11@correo.mx,1104,VISA,197.55,MXN,APROBADA,QR,N
TRX0004406,2026-06-21 13:56:45,FARMACIA DEL SOL,FARM,Ciudad de Mexico,TPV03-CIU,Ivan Delgado,ivan.delgado59@correo.mx,3851,AMEX,881.46,MXN,APROBADA,QR,N
TRX0004407,2026-03-30 07:21:06,Gasolinera Km 12,combustible,Puebla,TPV04-PUE,Rocio Ramirez,rocio.ramirez12@correo.mx,2195,MASTERCARD,1017.45,MXN,APROBADA,QR,N
TRX0004408,2026-02-15 09:05:49,GASOLINERA KM 12,Combustible,Puebla,TPV02-PUE,Elena Zamora,elena.zamora178@correo.mx,7623,AMEX,1799.1,MXN,APROBADA,CHIP,N
TRX0004409,2026-04-18 16:29:38,SUPER NORTENO,supermercado,Monterrey,TPV03-MON,Lucia Vargas,lucia.vargas131@correo.mx,3615,MASTERCARD,953.05,MXN,APROBADA,MANUAL,N
TRX0004410,2026-02-02 15:11:37,Cafe Aurora,Restaurante,Guadalajara,TPV03-GUA,Ivan Delgado,ivan.delgado162@correo.mx,2492,AMEX,344.84,MXN,APROBADA,BANDA,N
TRX0004411,2026-01-16 06:47:19,GASOLINERA KM 12,combustible,Puebla,TPV02-PUE,Lucia Ramirez,lucia.ramirez152@correo.mx,6278,MASTERCARD,1632.57,MXN,APROBADA,CHIP,N
TRX0004412,2026-01-09 21:43:36,Gasolinera Km 12,combustible,Puebla,TPV04-PUE,Hector Herrera,hector.herrera79@correo.mx,3159,VISA,1607.49,MXN,APROBADA,QR,N
TRX0004413,2026-01-05 09:46:27,Super Norteno,Supermercado,Monterrey,TPV02-MON,Elena Cortes,elena.cortes68@correo.mx,5599,AMEX,396.39,MXN,APROBADA,MANUAL,N
TRX0004414,2026-01-17 06:10:28,GASOLINERA KM 12,Combustible,Puebla,TPV04-PUE,Lucia Delgado,lucia.delgado120@correo.mx,1162,AMEX,1581.21,MXN,APROBADA,QR,N
TRX0004415,2026-01-16 17:29:53,CAFE AURORA,Restaurante,Guadalajara,TPV01-GUA,Jorge Rivas,jorge.rivas147@correo.mx,5919,MASTERCARD,342.48,MXN,APROBADA,CHIP,N
TRX0004416,2026-01-05 18:51:50,CAFE AURORA,restaurante,Guadalajara,TPV02-GUA,Jorge Gonzalez,jorge.gonzalez138@correo.mx,4950,AMEX,312.28,MXN,APROBADA,BANDA,N
TRX0004417,2026-05-11 21:46:52,Farmacia del Sol,Farmacia,Ciudad de Mexico,TPV01-CIU,Raul Mendoza,raul.mendoza90@correo.mx,1177,AMEX,896.57,MXN,REVERSADA,MANUAL,N
TRX0004418,2026-01-17 17:16:02,Super Norteno,Supermercado,Monterrey,TPV01-MON,Lucia Herrera,lucia.herrera155@correo.mx,9599,MASTERCARD,2807.33,MXN,APROBADA,QR,N
TRX0004419,2026-01-01 14:33:00,Super Nortenio,supermercado,Monterrey,TPV01-MON,Carmen Nunez,carmen.nunez31@correo.mx,2556,AMEX,308.89,MXN,APROBADA,QR,N
TRX0004420,2026-03-27 21:23:31,SUPER NORTENO,Supermercado,Monterrey,TPV01-MON,Patricia Vargas,patricia.vargas26@correo.mx,4933,VISA,3128.06,MXN,APROBADA,BANDA,N
TRX0004421,2026-02-21 19:25:37,BOUTIQUE IRIS,ropa,Ciudad de Mexico,TPV04-CIU,Elena Zamora,elena.zamora16@correo.mx,2698,VISA,2294.08,MXN,RECHAZADA,MANUAL,N
TRX0004422,2026-02-15 14:55:59,FARMACIA DEL SOL,FARM,Ciudad de Mexico,TPV03-CIU,Luis Salazar,luis.salazar77@correo.mx,1058,AMEX,318.87,MXN,APROBADA,BANDA,N
TRX0004423,2026-02-11 15:20:19,Boutique Iris,ropa,Ciudad de Mexico,TPV04-CIU,Elena Trejo,elena.trejo73@correo.mx,9973,AMEX,3687.32,MXN,APROBADA,QR,N
TRX0004424,2026-04-01 11:17:09,Super Nortenio,Supermercado,Monterrey,TPV03-MON,Ivan Trejo,ivan.trejo180@correo.mx,8045,MASTERCARD,3202.74,MXN,APROBADA,BANDA,N
TRX0004425,2026-02-21 14:26:31,GASOLINERA KM 12,Combustible,Puebla,TPV01-PUE,Rocio Cortes,rocio.cortes103@correo.mx,8270,VISA,751.67,MXN,APROBADA,MANUAL,N
TRX0004426,2026-04-08 20:48:45,CAFE AURORA,Restaurante,Guadalajara,TPV01-GUA,Ana Rivas,ana.rivas117@correo.mx,2975,MASTERCARD,338.06,MXN,APROBADA,BANDA,N
TRX0004427,2026-06-28 10:19:56,VIAJES ALTAMAR,Viajes,Cancun,TPV02-CAN,Elena Zamora,elena.zamora178@correo.mx,7623,AMEX,9315.45,MXN,APROBADA,MANUAL,N
TRX0004428,2026-03-17 14:09:09,Farmacia del Sol,farmacia,Ciudad de Mexico,TPV04-CIU,Ivan Gonzalez,ivan.gonzalez163@correo.mx,9280,MASTERCARD,160.75,MXN,APROBADA,MANUAL,N
TRX0004429,2026-04-09 19:13:30,Electro Maya,ELECTRO,Merida,TPV03-MER,Rocio Cortes,rocio.cortes103@correo.mx,8270,VISA,9864.37,MXN,APROBADA,QR,N
TRX0004430,2026-04-20 14:29:09,Gasolinera Km 12,combustible,Puebla,TPV02-PUE,Patricia Ramirez,patricia.ramirez130@correo.mx,8241,AMEX,1211.77,MXN,APROBADA,CONTACTLESS,N
TRX0004431,2026-01-12 17:16:51,Cafe Aurora,restaurante,Guadalajara,TPV03-GUA,Elena Vargas,elena.vargas148@correo.mx,7654,MASTERCARD,438.84,MXN,REVERSADA,MANUAL,N
TRX0004432,2026-01-02 08:25:51,FARMACIA DEL SOL,FARM,Ciudad de Mexico,TPV01-CIU,Lucia Vargas,lucia.vargas64@correo.mx,5333,VISA,463.95,MXN,REVERSADA,CONTACTLESS,N
TRX0004433,2026-01-16 12:04:54,Super Norteno,supermercado,Monterrey,TPV04-MON,Carmen Rivas,carmen.rivas139@correo.mx,4822,AMEX,3227.31,MXN,APROBADA,MANUAL,N
TRX0004434,2026-05-16 21:42:12,Super Nortenio,Supermercado,Monterrey,TPV04-MON,Elena Vargas,elena.vargas148@correo.mx,7654,MASTERCARD,1669.32,MXN,APROBADA,CONTACTLESS,N
TRX0004435,2026-04-21 11:21:52,VIAJES ALTAMAR,Viajes,Cancun,TPV03-CAN,Fernando Ramirez,fernando.ramirez126@correo.mx,7487,AMEX,10017.35,MXN,APROBADA,CHIP,N
TRX0004436,2026-03-31 21:44:43,GASOLINERA KM 12,combustible,Puebla,TPV03-PUE,Lucia Vargas,lucia.vargas131@correo.mx,3615,MASTERCARD,744.48,MXN,APROBADA,CONTACTLESS,S
TRX0004437,2026-04-24 21:02:04,FARMACIA DEL SOL,Farmacia,Ciudad de Mexico,TPV01-CIU,Jorge Rivas,jorge.rivas78@correo.mx,8391,AMEX,386.54,MXN,APROBADA,CONTACTLESS,N
TRX0004438,2026-03-13 10:42:32,GASOLINERA KM 12,combustible,Puebla,TPV01-PUE,Fernando Vargas,fernando.vargas65@correo.mx,6811,AMEX,1684.04,MXN,RECHAZADA,MANUAL,N
TRX0004439,2026-06-23 06:42:19,Farmacia del Sol,farmacia,Ciudad de Mexico,TPV02-CIU,Sofia Trejo,sofia.trejo80@correo.mx,8498,MASTERCARD,172.96,MXN,RECHAZADA,QR,N
TRX0004440,2026-04-28 21:04:04,GASOLINERA KM 12,combustible,Puebla,TPV03-PUE,Rocio Nunez,rocio.nunez173@correo.mx,4285,MASTERCARD,307.13,MXN,APROBADA,QR,N
TRX0004441,2026-01-13 10:18:42,Super Nortenio,Supermercado,Monterrey,TPV01-MON,Elena Ramirez,elena.ramirez144@correo.mx,3433,VISA,2270.97,MXN,REVERSADA,MANUAL,N
TRX0004442,2026-05-10 15:52:05,Farmacia del Sol ,Farmacia,Ciudad de Mexico,TPV04-CIU,Jorge Vargas,jorge.vargas40@correo.mx,2316,AMEX,650.81,MXN,REVERSADA,CHIP,N
TRX0004443,2026-03-07 06:52:23,VIAJES ALTAMAR,Viajes,Cancun,TPV03-CAN,Lucia Zamora,lucia.zamora108@correo.mx,3262,MASTERCARD,22788.3,MXN,APROBADA,QR,N
TRX0004444,2026-04-18 10:13:15,Cafe Aurora,Restaurante,Guadalajara,TPV02-GUA,Raul Vargas,raul.vargas106@correo.mx,1214,AMEX,109.34,MXN,APROBADA,BANDA,N
TRX0004445,2026-03-07 06:34:04,Cafe Aurora,restaurante,Guadalajara,TPV04-GUA,Elena Ramirez,elena.ramirez175@correo.mx,9442,MASTERCARD,81.63,MXN,APROBADA,QR,N
TRX0004446,2026-04-10 13:47:42,Super Nortenio,Supermercado,Monterrey,TPV04-MON,Lucia Vargas,lucia.vargas7@correo.mx,4691,AMEX,516.55,MXN,APROBADA,QR,N
TRX0004447,2026-01-29 15:26:26,Farmacia del Sol,farmacia,Ciudad de Mexico,TPV02-CIU,Raul Mendoza,raul.mendoza30@correo.mx,7314,MASTERCARD,561.79,MXN,APROBADA,CHIP,N
TRX0004448,2026-06-21 12:13:32,SUPER NORTENO,Supermercado,Monterrey,TPV02-MON,Elena Vargas,elena.vargas148@correo.mx,7654,MASTERCARD,676.97,MXN,APROBADA,BANDA,N
TRX0004449,2026-03-21 19:55:34,Super Nortenio,Supermercado,Monterrey,TPV02-MON,Miguel Herrera,miguel.herrera166@correo.mx,4697,AMEX,3234.48,MXN,REVERSADA,QR,N
TRX0004450,2026-05-18 11:55:19,Electro Maya,Electronica,Merida,TPV01-MER,Patricia Gonzalez,patricia.gonzalez127@correo.mx,8628,VISA,22099.35,MXN,APROBADA,BANDA,N
TRX0004451,2026-03-19 10:00:40,Super Norteno,supermercado,Monterrey,TPV02-MON,Luis Trejo,luis.trejo1@correo.mx,4572,AMEX,425.1,MXN,APROBADA,MANUAL,N
TRX0004452,2026-01-17 12:23:55,Super Nortenio,SUPER,Monterrey,TPV03-MON,Luis Trejo,luis.trejo1@correo.mx,7154,MASTERCARD,2856.69,MXN,APROBADA,MANUAL,N
TRX0004453,2026-01-10 09:15:25,Super Norteno,supermercado,Monterrey,TPV01-MON,Ana Nunez,ana.nunez17@correo.mx,9063,VISA,993.12,MXN,APROBADA,BANDA,N
TRX0004454,2026-02-12 15:21:23,Super Nortenio,supermercado,Monterrey,TPV02-MON,Patricia Ramirez,patricia.ramirez130@correo.mx,8241,AMEX,1206.43,MXN,REVERSADA,BANDA,N
TRX0004455,2026-05-06 20:42:08,CAFE AURORA,restaurante,Guadalajara,TPV04-GUA,Raul Vargas,raul.vargas106@correo.mx,1214,AMEX,426.36,MXN,APROBADA,MANUAL,N
TRX0004456,2026-06-29 16:59:26,Farmacia del Sol,farmacia,Ciudad de Mexico,TPV02-CIU,Fernando Mendoza,fernando.mendoza109@correo.mx,1447,AMEX,824.27,MXN,APROBADA,QR,N
TRX0004457,2026-02-27 13:12:31,SUPER NORTENO,SUPER,Monterrey,TPV01-MON,Hector Mendoza,hector.mendoza10@correo.mx,6846,VISA,3180.7,MXN,APROBADA,BANDA,N
TRX0004458,2026-01-12 19:26:13,Boutique  Iris,ropa,Ciudad de Mexico,TPV02-CIU,Raul Mendoza,raul.mendoza30@correo.mx,7314,MASTERCARD,980.78,MXN,REVERSADA,CONTACTLESS,N
TRX0004459,2026-03-30 12:19:36,FARMACIA DEL SOL,Farmacia,Ciudad de Mexico,TPV02-CIU,Jorge Rivas,jorge.rivas128@correo.mx,7387,MASTERCARD,500.25,MXN,RECHAZADA,CHIP,N
TRX0004460,2026-01-27 06:45:05,Super Nortenio,supermercado,Monterrey,TPV04-MON,Elena Cortes,elena.cortes68@correo.mx,5599,AMEX,2691.09,MXN,APROBADA,CHIP,N
TRX0004461,2026-04-24 19:27:11,Gasolinera Km 12,Combustible,Puebla,TPV01-PUE,Fernando Herrera,fernando.herrera177@correo.mx,7418,VISA,1417.8,MXN,APROBADA,QR,N
TRX0004462,2026-03-11 12:27:47,Cafe Aurora,restaurante,Guadalajara,TPV01-GUA,Luis Zamora,luis.zamora9@correo.mx,1462,AMEX,94.17,MXN,APROBADA,QR,N
TRX0004463,2026-01-29 06:57:30,FARMACIA DEL SOL,farmacia,Ciudad de Mexico,TPV04-CIU,Raul Rivas,raul.rivas123@correo.mx,5837,MASTERCARD,212.07,MXN,APROBADA,CHIP,N
TRX0004464,2026-03-04 18:39:11,SUPER NORTENO,SUPER,Monterrey,TPV04-MON,Rocio Salazar,rocio.salazar15@correo.mx,4224,MASTERCARD,1847.15,MXN,RECHAZADA,CONTACTLESS,N
TRX0004465,2026-06-29 11:31:10,CAFE AURORA,Restaurante,Guadalajara,TPV04-GUA,Ana Salazar,ana.salazar158@correo.mx,2274,MASTERCARD,357.16,MXN,APROBADA,MANUAL,N
TRX0004466,2026-04-20 11:12:57,Boutique  Iris,ropa,Ciudad de Mexico,TPV01-CIU,Elena Ramirez,elena.ramirez61@correo.mx,8246,AMEX,4827.48,MXN,APROBADA,BANDA,N
TRX0004467,2026-04-05 18:06:29,Cafe Aurora,restaurante,Guadalajara,TPV02-GUA,Rocio Zamora,rocio.zamora85@correo.mx,2544,AMEX,88.7,MXN,APROBADA,BANDA,N
TRX0004468,2026-05-14 09:00:35,Farmacia del Sol,FARM,Ciudad de Mexico,TPV01-CIU,Ivan Delgado,ivan.delgado59@correo.mx,3851,AMEX,179.29,MXN,APROBADA,CHIP,N
TRX0004469,2026-01-12 14:20:42,SUPER NORTENO,SUPER,Monterrey,TPV03-MON,Hector Nunez,hector.nunez38@correo.mx,3109,AMEX,576.56,MXN,APROBADA,MANUAL,N
TRX0004470,2026-04-13 08:23:43,Electro Maya,electronica,Merida,TPV03-MER,Jorge Vargas,jorge.vargas40@correo.mx,7531,MASTERCARD,4191.69,MXN,APROBADA,CONTACTLESS,N
TRX0004471,2026-01-02 21:58:27,FARMACIA DEL SOL,Farmacia,Ciudad de Mexico,TPV03-CIU,Hector Herrera,hector.herrera79@correo.mx,6221,MASTERCARD,364.11,MXN,APROBADA,CONTACTLESS,N
TRX0004472,2026-05-08 15:54:10,Super Nortenio,SUPER,Monterrey,TPV01-MON,Raul Vargas,raul.vargas135@correo.mx,8290,AMEX,1474.2,MXN,APROBADA,CONTACTLESS,N
TRX0004473,2026-05-18 11:18:04,CAFE AURORA,restaurante,Guadalajara,TPV02-GUA,Elena Zamora,elena.zamora16@correo.mx,2698,VISA,237.11,MXN,APROBADA,BANDA,N
TRX0004474,2026-06-27 15:57:23,CAFE AURORA,restaurante,Guadalajara,TPV02-GUA,Carmen Cortes,carmen.cortes76@correo.mx,7986,AMEX,377.85,MXN,APROBADA,CHIP,N
TRX0004475,2026-01-29 08:02:41,CAFE AURORA,restaurante,Guadalajara,TPV04-GUA,Raul Mendoza,raul.mendoza30@correo.mx,7314,MASTERCARD,270.78,MXN,APROBADA,QR,N
TRX0004476,2026-05-22 18:40:09,Farmacia del Sol,FARM,Ciudad de Mexico,TPV02-CIU,Miguel Delgado,miguel.delgado42@correo.mx,7456,VISA,211.89,MXN,RECHAZADA,MANUAL,N
TRX0004477,2026-01-23 10:11:43,Cafe Aurora,restaurante,Guadalajara,TPV01-GUA,Fernando Mendoza,fernando.mendoza109@correo.mx,1447,AMEX,312.27,MXN,APROBADA,BANDA,N
TRX0004478,2026-04-11 10:56:48,Cafe Aurora,restaurante,Guadalajara,TPV01-GUA,Miguel Gonzalez,miguel.gonzalez172@correo.mx,9785,AMEX,412.37,MXN,APROBADA,QR,N
TRX0004479,2026-03-20 11:17:22,Farmacia del Sol ,Farmacia,Ciudad de Mexico,TPV02-CIU,Jorge Delgado,jorge.delgado66@correo.mx,7754,VISA,278.75,MXN,APROBADA,MANUAL,N
TRX0004480,2026-01-12 18:36:31,GASOLINERA KM 12,combustible,Puebla,TPV04-PUE,Fernando Gonzalez,fernando.gonzalez14@correo.mx,4950,MASTERCARD,547.03,MXN,REVERSADA,MANUAL,N
TRX0004481,2026-05-20 17:02:52,Super Nortenio,SUPER,Monterrey,TPV03-MON,Elena Ramirez,elena.ramirez144@correo.mx,3433,VISA,2358.37,MXN,APROBADA,CONTACTLESS,N
TRX0004482,2026-01-30 06:04:34,BOUTIQUE IRIS,Ropa,Ciudad de Mexico,TPV03-CIU,Miguel Gonzalez,miguel.gonzalez154@correo.mx,1692,MASTERCARD,3987.4,MXN,APROBADA,BANDA,N
TRX0004483,2026-03-03 14:45:49,Super Norteno,supermercado,Monterrey,TPV03-MON,Elena Zamora,elena.zamora151@correo.mx,7344,AMEX,373.14,MXN,APROBADA,QR,N
TRX0004484,2026-02-16 07:15:00,Cafe Aurora,restaurante,Guadalajara,TPV04-GUA,Hector Mendoza,hector.mendoza71@correo.mx,6093,VISA,457.18,MXN,APROBADA,BANDA,N
TRX0004485,2026-02-14 21:57:53,Farmacia del Sol ,FARM,Ciudad de Mexico,TPV04-CIU,Rocio Rivas,rocio.rivas87@correo.mx,7400,AMEX,687.62,MXN,APROBADA,QR,N
TRX0004486,2026-03-31 16:35:08,CAFE AURORA,Restaurante,Guadalajara,TPV01-GUA,Carmen Rivas,carmen.rivas139@correo.mx,4822,AMEX,292.73,MXN,APROBADA,MANUAL,N
TRX0004487,2026-04-26 08:04:12,CAFE AURORA,restaurante,Guadalajara,TPV01-GUA,Raul Mendoza,raul.mendoza30@correo.mx,7314,MASTERCARD,132.22,MXN,APROBADA,CONTACTLESS,S
TRX0004488,2026-02-15 17:44:49,Cafe Aurora,restaurante,Guadalajara,TPV01-GUA,Lucia Ramirez,lucia.ramirez152@correo.mx,6278,MASTERCARD,296.35,MXN,REVERSADA,QR,N
TRX0004489,2026-01-06 20:31:57,Farmacia del Sol,Farmacia,Ciudad de Mexico,TPV01-CIU,Patricia Mendoza,patricia.mendoza107@correo.mx,8089,MASTERCARD,517.63,MXN,APROBADA,CHIP,N
TRX0004490,2026-04-11 12:21:55,CAFE AURORA,Restaurante,Guadalajara,TPV04-GUA,Hector Rivas,hector.rivas50@correo.mx,8897,MASTERCARD,257.03,MXN,APROBADA,CHIP,N
TRX0004491,2026-02-15 16:11:24,Gasolinera Km 12,combustible,Puebla,TPV03-PUE,Jorge Vargas,jorge.vargas86@correo.mx,5040,MASTERCARD,1483.74,MXN,APROBADA,QR,N
TRX0004492,2026-01-02 18:38:34,Boutique  Iris,VESTIMENTA,Ciudad de Mexico,TPV03-CIU,Sofia Nunez,sofia.nunez56@correo.mx,5954,AMEX,1799.28,MXN,APROBADA,MANUAL,N
TRX0004493,2026-04-26 09:00:35,FARMACIA DEL SOL,Farmacia,Ciudad de Mexico,TPV03-CIU,Sofia Trejo,sofia.trejo80@correo.mx,8498,MASTERCARD,874.65,MXN,APROBADA,BANDA,N
TRX0004494,2026-03-17 15:51:07,Super Norteno,supermercado,Monterrey,TPV02-MON,Patricia Herrera,patricia.herrera13@correo.mx,1324,VISA,2430.78,MXN,APROBADA,QR,N
TRX0004495,2026-06-04 19:19:40,Super Nortenio,Supermercado,Monterrey,TPV01-MON,Lucia Gonzalez,lucia.gonzalez54@correo.mx,2892,AMEX,1221.11,MXN,APROBADA,QR,N
TRX0004496,2026-04-29 12:04:51,Cafe Aurora,restaurante,Guadalajara,TPV03-GUA,Raul Vargas,raul.vargas135@correo.mx,8290,AMEX,108.67,MXN,APROBADA,BANDA,N
TRX0004497,2026-06-24 06:09:12,Boutique  Iris,ropa,Ciudad de Mexico,TPV04-CIU,Rocio Herrera,rocio.herrera165@correo.mx,6020,VISA,1702.52,MXN,APROBADA,CHIP,N
TRX0004498,2026-03-02 15:57:59,SUPER NORTENO,SUPER,Monterrey,TPV03-MON,Ivan Delgado,ivan.delgado59@correo.mx,3851,AMEX,742.23,MXN,APROBADA,CONTACTLESS,N
TRX0004499,2026-03-16 19:19:10,Super Nortenio,SUPER,Monterrey,TPV04-MON,Miguel Cortes,miguel.cortes97@correo.mx,9422,MASTERCARD,930.12,MXN,RECHAZADA,MANUAL,N
TRX0004500,2026-03-22 13:40:24,CAFE AURORA,restaurante,Guadalajara,TPV04-GUA,Elena Vargas,elena.vargas148@correo.mx,9840,AMEX,153.79,MXN,APROBADA,MANUAL,N
TRX0004501,2026-02-20 09:40:08,Cafe Aurora,Restaurante,Guadalajara,TPV03-GUA,Luis Rivas,luis.rivas99@correo.mx,1585,MASTERCARD,404.98,MXN,APROBADA,BANDA,N
TRX0004502,2026-04-06 06:56:03,Cafe Aurora,restaurante,Guadalajara,TPV03-GUA,Miguel Nunez,miguel.nunez174@correo.mx,2390,MASTERCARD,264.78,MXN,APROBADA,CONTACTLESS,N
TRX0004503,2026-01-09 12:44:23,CAFE AURORA,restaurante,Guadalajara,TPV03-GUA,Raul Nunez,raul.nunez70@correo.mx,2085,VISA,259.72,MXN,RECHAZADA,CONTACTLESS,N
TRX0004504,2026-04-20 18:07:50,ELECTRO MAYA,electronica,Merida,TPV01-MER,Lucia Vargas,lucia.vargas131@correo.mx,3615,MASTERCARD,20668.72,MXN,APROBADA,MANUAL,N
TRX0004505,2026-05-22 09:27:09,Farmacia del Sol ,Farmacia,Ciudad de Mexico,TPV03-CIU,Jorge Mendoza,jorge.mendoza47@correo.mx,6756,AMEX,509.17,MXN,APROBADA,BANDA,N
TRX0004506,2026-05-28 08:35:14,Farmacia del Sol,FARM,Ciudad de Mexico,TPV02-CIU,Rocio Salazar,rocio.salazar15@correo.mx,4224,MASTERCARD,715.44,MXN,APROBADA,CHIP,N
TRX0004507,2026-01-14 09:49:17,Super Nortenio,Supermercado,Monterrey,TPV03-MON,Teresa Mendoza,teresa.mendoza55@correo.mx,6130,MASTERCARD,2209.32,MXN,APROBADA,CHIP,N
TRX0004508,2026-06-17 07:08:29,FARMACIA DEL SOL,FARM,Ciudad de Mexico,TPV04-CIU,Lucia Trejo,lucia.trejo92@correo.mx,3905,MASTERCARD,781.74,MXN,APROBADA,CHIP,N
TRX0004509,2026-03-12 17:02:27,SUPER NORTENO,SUPER,Monterrey,TPV04-MON,Miguel Delgado,miguel.delgado23@correo.mx,3807,VISA,1663.13,MXN,APROBADA,CHIP,N
TRX0004510,2026-06-17 14:13:39,CAFE AURORA,Restaurante,Guadalajara,TPV02-GUA,Sofia Nunez,sofia.nunez56@correo.mx,5954,AMEX,134.94,MXN,RECHAZADA,BANDA,N
TRX0004511,2026-02-18 06:20:31,Boutique  Iris,VESTIMENTA,Ciudad de Mexico,TPV01-CIU,Luis Salazar,luis.salazar77@correo.mx,1058,AMEX,5979.06,MXN,APROBADA,MANUAL,N
TRX0004512,2026-05-19 07:54:48,Farmacia del Sol,farmacia,Ciudad de Mexico,TPV01-CIU,Raul Gonzalez,raul.gonzalez74@correo.mx,9447,VISA,171.16,MXN,APROBADA,BANDA,N
TRX0004513,2026-01-18 19:29:39,CAFE AURORA,restaurante,Guadalajara,TPV03-GUA,Jorge Rivas,jorge.rivas147@correo.mx,5919,MASTERCARD,213.93,MXN,REVERSADA,BANDA,N
TRX0004514,2026-06-29 16:46:22,Farmacia del Sol,FARM,Ciudad de Mexico,TPV03-CIU,Carmen Nunez,carmen.nunez31@correo.mx,2556,AMEX,644.87,MXN,APROBADA,BANDA,N
TRX0004515,2026-01-14 08:13:17,Cafe Aurora,Restaurante,Guadalajara,TPV04-GUA,Miguel Ramirez,miguel.ramirez132@correo.mx,5849,MASTERCARD,443.53,MXN,APROBADA,CONTACTLESS,N
TRX0004516,2026-05-09 12:37:05,Super Nortenio,Supermercado,Monterrey,TPV04-MON,Patricia Salazar,patricia.salazar69@correo.mx,4268,MASTERCARD,2139.78,MXN,APROBADA,CONTACTLESS,N
TRX0004517,2026-03-11 15:20:23,Farmacia del Sol ,farmacia,Ciudad de Mexico,TPV01-CIU,Elena Zamora,elena.zamora16@correo.mx,2698,VISA,324.85,MXN,APROBADA,BANDA,N
TRX0004518,2026-05-14 17:23:32,Super Nortenio,SUPER,Monterrey,TPV03-MON,Ivan Delgado,ivan.delgado59@correo.mx,3851,AMEX,933.38,MXN,APROBADA,MANUAL,N
TRX0004519,2026-05-16 10:59:15,Farmacia del Sol ,farmacia,Ciudad de Mexico,TPV03-CIU,Ana Cortes,ana.cortes91@correo.mx,8806,AMEX,279.37,MXN,APROBADA,BANDA,N
TRX0004520,2026-04-22 10:22:07,GASOLINERA KM 12,combustible,Puebla,TPV02-PUE,Fernando Rivas,fernando.rivas133@correo.mx,6714,MASTERCARD,878.27,MXN,APROBADA,QR,N
TRX0004521,2026-05-14 10:37:40,Farmacia del Sol ,farmacia,Ciudad de Mexico,TPV04-CIU,Raul Vargas,raul.vargas37@correo.mx,5573,AMEX,271.37,MXN,APROBADA,MANUAL,N
TRX0004522,2026-03-24 17:28:17,Farmacia del Sol ,Farmacia,Ciudad de Mexico,TPV02-CIU,Miguel Gonzalez,miguel.gonzalez154@correo.mx,1692,MASTERCARD,512.67,MXN,APROBADA,CHIP,N
TRX0004523,2026-04-26 09:02:02,SUPER NORTENO,supermercado,Monterrey,TPV04-MON,Carmen Rivas,carmen.rivas139@correo.mx,4822,AMEX,1690.91,MXN,RECHAZADA,CHIP,N
TRX0004524,2026-01-01 10:49:22,Super Nortenio,Supermercado,Monterrey,TPV03-MON,Jorge Herrera,jorge.herrera46@correo.mx,2925,AMEX,3138.97,MXN,APROBADA,QR,N
TRX0004525,2026-02-12 12:56:45,FARMACIA DEL SOL,farmacia,Ciudad de Mexico,TPV03-CIU,Fernando Salazar,fernando.salazar63@correo.mx,5089,MASTERCARD,839.8,MXN,APROBADA,QR,N
TRX0004526,2026-04-07 10:53:13,Super Norteno,supermercado,Monterrey,TPV02-MON,Fernando Mendoza,fernando.mendoza109@correo.mx,1447,AMEX,1208.49,MXN,APROBADA,BANDA,N
TRX0004527,2026-03-16 13:40:51,SUPER NORTENO,supermercado,Monterrey,TPV03-MON,Luis Rivas,luis.rivas99@correo.mx,1585,MASTERCARD,2364.15,MXN,APROBADA,CONTACTLESS,N
TRX0004528,2026-01-15 19:39:45,Farmacia del Sol ,FARM,Ciudad de Mexico,TPV01-CIU,Teresa Mendoza,teresa.mendoza55@correo.mx,6130,MASTERCARD,535.23,MXN,APROBADA,CONTACTLESS,N
TRX0004529,2026-04-16 11:12:01,Super Nortenio,SUPER,Monterrey,TPV03-MON,Elena Ramirez,elena.ramirez61@correo.mx,8246,AMEX,2051.95,MXN,APROBADA,BANDA,N
TRX0004530,2026-02-23 09:54:49,VIAJES ALTAMAR,viajes,Cancun,TPV04-CAN,Hector Herrera,hector.herrera79@correo.mx,3159,VISA,25786.21,MXN,APROBADA,MANUAL,N
TRX0004531,2026-04-06 21:38:28,BOUTIQUE IRIS,ropa,Ciudad de Mexico,TPV02-CIU,Patricia Vargas,patricia.vargas26@correo.mx,4933,VISA,2626.57,MXN,APROBADA,QR,N
TRX0004532,2026-02-08 17:36:55,Gasolinera Km 12,Combustible,Puebla,TPV01-PUE,Sofia Delgado,sofia.delgado119@correo.mx,1778,AMEX,1690.42,MXN,APROBADA,CONTACTLESS,N
TRX0004533,2026-02-17 17:07:55,Farmacia del Sol ,FARM,Ciudad de Mexico,TPV03-CIU,Ana Delgado,ana.delgado171@correo.mx,1786,AMEX,743.23,MXN,APROBADA,QR,N
TRX0004534,2026-02-02 06:37:42,Boutique  Iris,VESTIMENTA,Ciudad de Mexico,TPV02-CIU,Lucia Ramirez,lucia.ramirez43@correo.mx,2509,VISA,5262.33,MXN,APROBADA,CONTACTLESS,N
TRX0004535,2026-05-20 21:55:43,Super Nortenio,SUPER,Monterrey,TPV04-MON,Sofia Salazar,sofia.salazar146@correo.mx,4742,VISA,1671.78,MXN,APROBADA,MANUAL,N
TRX0004536,2026-02-09 16:37:22,Boutique Iris,VESTIMENTA,Ciudad de Mexico,TPV01-CIU,Carmen Gonzalez,carmen.gonzalez129@correo.mx,1346,MASTERCARD,2333.58,MXN,APROBADA,BANDA,N
TRX0004537,2026-03-26 11:33:17,Boutique Iris,Ropa,Ciudad de Mexico,TPV04-CIU,Fernando Herrera,fernando.herrera168@correo.mx,8810,VISA,636.6,MXN,APROBADA,QR,N
TRX0004538,2026-03-29 15:27:34,Super Nortenio,Supermercado,Monterrey,TPV02-MON,Ana Rivas,ana.rivas117@correo.mx,2975,MASTERCARD,3334.39,MXN,APROBADA,BANDA,N
TRX0004539,2026-04-18 15:36:47,FARMACIA DEL SOL,farmacia,Ciudad de Mexico,TPV01-CIU,Hector Delgado,hector.delgado137@correo.mx,3321,AMEX,817.26,MXN,RECHAZADA,MANUAL,N
TRX0004540,2026-06-14 21:38:27,Gasolinera Km 12,Combustible,Puebla,TPV02-PUE,Fernando Gonzalez,fernando.gonzalez14@correo.mx,4950,MASTERCARD,371.33,MXN,RECHAZADA,QR,N
TRX0004541,2026-02-13 18:06:55,Super Nortenio,Supermercado,Monterrey,TPV02-MON,Patricia Cortes,patricia.cortes160@correo.mx,4485,VISA,764.45,MXN,APROBADA,MANUAL,N
TRX0004542,2026-03-23 15:28:40,CAFE AURORA,restaurante,Guadalajara,TPV04-GUA,Raul Vargas,raul.vargas106@correo.mx,1214,AMEX,363.63,MXN,APROBADA,CHIP,N
TRX0004543,2026-04-26 20:51:53,Cafe Aurora,restaurante,Guadalajara,TPV02-GUA,Luis Trejo,luis.trejo1@correo.mx,7154,MASTERCARD,218.16,MXN,APROBADA,CONTACTLESS,N
TRX0004544,2026-05-18 18:53:36,Super Norteno,supermercado,Monterrey,TPV02-MON,Fernando Salazar,fernando.salazar63@correo.mx,5089,MASTERCARD,2730.59,MXN,APROBADA,CONTACTLESS,N
TRX0004545,2026-04-11 19:48:50,Farmacia del Sol ,Farmacia,Ciudad de Mexico,TPV03-CIU,Rocio Cortes,rocio.cortes103@correo.mx,8270,VISA,279.25,MXN,APROBADA,CHIP,N
TRX0004546,2026-01-26 10:04:05,SUPER NORTENO,Supermercado,Monterrey,TPV01-MON,Lucia Herrera,lucia.herrera11@correo.mx,1104,VISA,2613.63,MXN,APROBADA,MANUAL,N
TRX0004547,2026-01-03 08:15:48,Electro Maya,ELECTRO,Merida,TPV03-MER,Raul Rivas,raul.rivas123@correo.mx,5837,MASTERCARD,23020.12,MXN,APROBADA,CHIP,N
TRX0004548,2026-04-26 07:43:11,Cafe Aurora,Restaurante,Guadalajara,TPV01-GUA,Lucia Trejo,lucia.trejo92@correo.mx,3905,MASTERCARD,440.78,MXN,RECHAZADA,CHIP,N
TRX0004549,2026-03-06 16:59:46,Farmacia del Sol ,FARM,Ciudad de Mexico,TPV03-CIU,Ana Cortes,ana.cortes53@correo.mx,9845,MASTERCARD,618.32,MXN,APROBADA,QR,N
TRX0004550,2026-01-29 09:10:13,CAFE AURORA,restaurante,Guadalajara,TPV03-GUA,Jorge Mendoza,jorge.mendoza47@correo.mx,7512,AMEX,274.54,MXN,APROBADA,CHIP,S
TRX0004551,2026-03-03 21:19:54,Super Nortenio,supermercado,Monterrey,TPV03-MON,Luis Ramirez,luis.ramirez58@correo.mx,6479,AMEX,1868.71,MXN,APROBADA,CONTACTLESS,N
TRX0004552,2026-06-28 16:32:15,CAFE AURORA,Restaurante,Guadalajara,TPV04-GUA,Ana Trejo,ana.trejo51@correo.mx,9690,MASTERCARD,401.98,MXN,APROBADA,MANUAL,N
TRX0004553,2026-03-19 06:32:14,ELECTRO MAYA,Electronica,Merida,TPV02-MER,Ivan Gonzalez,ivan.gonzalez163@correo.mx,9280,MASTERCARD,15196.17,MXN,APROBADA,CHIP,N
TRX0004554,2026-04-11 16:46:56,Super Nortenio,Supermercado,Monterrey,TPV01-MON,Fernando Ramirez,fernando.ramirez126@correo.mx,7487,AMEX,2437.7,MXN,APROBADA,QR,N
TRX0004555,2026-04-07 15:18:27,Gasolinera Km 12,combustible,Puebla,TPV03-PUE,Carmen Ramirez,carmen.ramirez111@correo.mx,1829,VISA,925.09,MXN,REVERSADA,CHIP,N
TRX0004556,2026-06-01 12:13:38,SUPER NORTENO,Supermercado,Monterrey,TPV01-MON,Jorge Vargas,jorge.vargas40@correo.mx,7531,MASTERCARD,1124.4,MXN,APROBADA,BANDA,N
TRX0004557,2026-02-04 21:19:10,Farmacia del Sol,farmacia,Ciudad de Mexico,TPV03-CIU,Ana Rivas,ana.rivas117@correo.mx,2975,MASTERCARD,793.89,MXN,APROBADA,CONTACTLESS,N
TRX0004558,2026-01-06 20:46:10,CAFE AURORA,restaurante,Guadalajara,TPV02-GUA,Miguel Trejo,miguel.trejo115@correo.mx,3481,MASTERCARD,170.8,MXN,APROBADA,QR,N
TRX0004559,2026-02-17 12:57:46,Gasolinera Km 12,combustible,Puebla,TPV04-PUE,Patricia Herrera,patricia.herrera3@correo.mx,4061,VISA,708.77,MXN,APROBADA,CONTACTLESS,N
TRX0004560,2026-02-27 09:28:16,Farmacia del Sol,Farmacia,Ciudad de Mexico,TPV03-CIU,Hector Ramirez,hector.ramirez164@correo.mx,4352,MASTERCARD,291.05,MXN,APROBADA,BANDA,N
TRX0004561,2026-04-29 18:08:25,FARMACIA DEL SOL,Farmacia,Ciudad de Mexico,TPV01-CIU,Luis Salazar,luis.salazar75@correo.mx,4376,MASTERCARD,654.31,MXN,APROBADA,BANDA,N
TRX0004562,2026-03-10 17:00:41,GASOLINERA KM 12,combustible,Puebla,TPV01-PUE,Teresa Mendoza,teresa.mendoza159@correo.mx,6739,VISA,336.09,MXN,REVERSADA,CHIP,N
TRX0004563,2026-04-28 14:24:31,Boutique Iris,ropa,Ciudad de Mexico,TPV01-CIU,Hector Nunez,hector.nunez38@correo.mx,3109,AMEX,3694.03,MXN,APROBADA,QR,N
TRX0004564,2026-04-07 21:10:28,SUPER NORTENO,Supermercado,Monterrey,TPV01-MON,Elena Ramirez,elena.ramirez8@correo.mx,3648,MASTERCARD,2006.16,MXN,APROBADA,CONTACTLESS,N
TRX0004565,2026-04-17 11:36:26,Farmacia del Sol,FARM,Ciudad de Mexico,TPV03-CIU,Teresa Salazar,teresa.salazar118@correo.mx,4699,VISA,215.8,MXN,APROBADA,MANUAL,N
TRX0004566,2026-04-15 16:55:10,SUPER NORTENO,Supermercado,Monterrey,TPV03-MON,Fernando Vargas,fernando.vargas65@correo.mx,6811,AMEX,1381.97,MXN,APROBADA,BANDA,N
TRX0004567,2026-05-14 15:06:31,Cafe Aurora,restaurante,Guadalajara,TPV03-GUA,Lucia Delgado,lucia.delgado141@correo.mx,6423,VISA,296.12,MXN,REVERSADA,MANUAL,N
TRX0004568,2026-01-27 10:01:27,Cafe Aurora,Restaurante,Guadalajara,TPV04-GUA,Rocio Nunez,rocio.nunez173@correo.mx,4285,MASTERCARD,115.63,MXN,APROBADA,CONTACTLESS,N
TRX0004569,2026-04-14 10:05:34,BOUTIQUE IRIS,Ropa,Ciudad de Mexico,TPV04-CIU,Raul Gonzalez,raul.gonzalez179@correo.mx,8333,MASTERCARD,4865.28,MXN,APROBADA,CONTACTLESS,N
TRX0004570,2026-03-06 15:44:15,Super Norteno,SUPER,Monterrey,TPV02-MON,Ana Salazar,ana.salazar158@correo.mx,2274,MASTERCARD,2800.61,MXN,RECHAZADA,CONTACTLESS,N
TRX0004571,2026-01-09 13:49:39,SUPER NORTENO,Supermercado,Monterrey,TPV03-MON,Carmen Vargas,carmen.vargas161@correo.mx,3446,MASTERCARD,1387.66,MXN,APROBADA,QR,N
TRX0004572,2026-03-18 11:04:04,SUPER NORTENO,SUPER,Monterrey,TPV02-MON,Sofia Rivas,sofia.rivas81@correo.mx,4001,VISA,2686.62,MXN,APROBADA,CHIP,N
TRX0004573,2026-03-09 11:05:56,Super Nortenio,supermercado,Monterrey,TPV02-MON,Miguel Gonzalez,miguel.gonzalez154@correo.mx,8784,AMEX,1652.83,MXN,REVERSADA,QR,N
TRX0004574,2026-06-05 16:07:37,BOUTIQUE IRIS,VESTIMENTA,Ciudad de Mexico,TPV01-CIU,Fernando Ramirez,fernando.ramirez126@correo.mx,7487,AMEX,4967.47,MXN,APROBADA,MANUAL,N
TRX0004575,2026-05-08 16:08:39,Super Nortenio,SUPER,Monterrey,TPV03-MON,Lucia Vargas,lucia.vargas7@correo.mx,4691,AMEX,1062.54,MXN,APROBADA,QR,N
TRX0004576,2026-03-13 17:42:07,Farmacia del Sol ,farmacia,Ciudad de Mexico,TPV01-CIU,Carmen Cortes,carmen.cortes76@correo.mx,7986,AMEX,560.16,MXN,APROBADA,MANUAL,N
TRX0004577,2026-03-10 06:09:27,Super Norteno,SUPER,Monterrey,TPV01-MON,Luis Ramirez,luis.ramirez39@correo.mx,8712,VISA,2346.7,MXN,RECHAZADA,MANUAL,N
TRX0004578,2026-06-29 11:14:26,Cafe Aurora,restaurante,Guadalajara,TPV03-GUA,Ana Rivas,ana.rivas117@correo.mx,2975,MASTERCARD,301.02,MXN,APROBADA,MANUAL,N
TRX0004579,2026-03-19 09:17:12,Farmacia del Sol ,Farmacia,Ciudad de Mexico,TPV03-CIU,Luis Gonzalez,luis.gonzalez18@correo.mx,5494,VISA,274.38,MXN,APROBADA,QR,N
TRX0004580,2026-01-26 09:16:38,FARMACIA DEL SOL,farmacia,Ciudad de Mexico,TPV01-CIU,Patricia Cortes,patricia.cortes160@correo.mx,4485,VISA,885.82,MXN,APROBADA,BANDA,N
TRX0004581,2026-06-29 12:29:33,Cafe Aurora,Restaurante,Guadalajara,TPV01-GUA,Patricia Rivas,patricia.rivas157@correo.mx,8006,VISA,397.97,MXN,APROBADA,CHIP,N
TRX0004582,2026-02-06 17:41:34,Gasolinera Km 12,Combustible,Puebla,TPV04-PUE,Fernando Herrera,fernando.herrera168@correo.mx,8810,VISA,1072.37,MXN,APROBADA,CONTACTLESS,N
TRX0004583,2026-02-10 08:42:14,Super Nortenio,supermercado,Monterrey,TPV04-MON,Ana Salazar,ana.salazar158@correo.mx,2274,MASTERCARD,2662.3,MXN,APROBADA,MANUAL,N
TRX0004584,2026-02-18 09:38:08,GASOLINERA KM 12,Combustible,Puebla,TPV03-PUE,Elena Trejo,elena.trejo73@correo.mx,9973,AMEX,461.29,MXN,APROBADA,QR,N
TRX0004585,2026-03-08 17:20:19,Farmacia del Sol,farmacia,Ciudad de Mexico,TPV03-CIU,Lucia Delgado,lucia.delgado120@correo.mx,1162,AMEX,568.69,MXN,APROBADA,QR,N
TRX0004586,2026-05-10 17:15:07,GASOLINERA KM 12,Combustible,Puebla,TPV04-PUE,Miguel Delgado,miguel.delgado42@correo.mx,7456,VISA,1744.01,MXN,APROBADA,CONTACTLESS,N
TRX0004587,2026-01-09 06:24:57,Farmacia del Sol ,Farmacia,Ciudad de Mexico,TPV04-CIU,Miguel Cortes,miguel.cortes97@correo.mx,9422,MASTERCARD,715.62,MXN,APROBADA,CONTACTLESS,N
TRX0004588,2026-04-13 14:49:37,SUPER NORTENO,Supermercado,Monterrey,TPV02-MON,Teresa Herrera,teresa.herrera35@correo.mx,4201,VISA,2582.96,MXN,APROBADA,BANDA,N
TRX0004589,2026-04-08 11:54:22,BOUTIQUE IRIS,ropa,Ciudad de Mexico,TPV02-CIU,Luis Gonzalez,luis.gonzalez18@correo.mx,5494,VISA,2286.6,MXN,RECHAZADA,BANDA,N
TRX0004590,2026-02-07 16:57:54,Super Norteno,SUPER,Monterrey,TPV04-MON,Elena Cortes,elena.cortes68@correo.mx,5599,AMEX,2184.63,MXN,APROBADA,BANDA,N
TRX0004591,2026-01-22 21:21:43,Farmacia del Sol ,farmacia,Ciudad de Mexico,TPV04-CIU,Sofia Trejo,sofia.trejo80@correo.mx,8498,MASTERCARD,770.4,MXN,APROBADA,CONTACTLESS,N
TRX0004592,2026-03-17 18:52:43,Boutique  Iris,VESTIMENTA,Ciudad de Mexico,TPV04-CIU,Ivan Gonzalez,ivan.gonzalez163@correo.mx,9280,MASTERCARD,2667.9,MXN,APROBADA,MANUAL,N
TRX0004593,2026-06-04 19:05:39,Boutique Iris,VESTIMENTA,Ciudad de Mexico,TPV04-CIU,Fernando Rivas,fernando.rivas133@correo.mx,6714,MASTERCARD,2364.01,MXN,RECHAZADA,QR,N
TRX0004594,2026-04-27 11:51:21,Gasolinera Km 12,Combustible,Puebla,TPV01-PUE,Carmen Rivas,carmen.rivas139@correo.mx,4822,AMEX,1617.73,MXN,APROBADA,CHIP,N
TRX0004595,2026-06-28 21:16:39,Farmacia del Sol ,FARM,Ciudad de Mexico,TPV01-CIU,Fernando Gonzalez,fernando.gonzalez14@correo.mx,4950,MASTERCARD,849.12,MXN,APROBADA,CONTACTLESS,N
TRX0004596,2026-02-25 16:16:23,ELECTRO MAYA,electronica,Merida,TPV04-MER,Hector Delgado,hector.delgado137@correo.mx,3321,AMEX,3926.49,MXN,REVERSADA,CONTACTLESS,N
TRX0004597,2026-04-01 11:26:20,Super Norteno,Supermercado,Monterrey,TPV02-MON,Ivan Gonzalez,ivan.gonzalez163@correo.mx,9280,MASTERCARD,2059.3,MXN,REVERSADA,CONTACTLESS,N
TRX0004598,2026-03-28 07:32:35,FARMACIA DEL SOL,FARM,Ciudad de Mexico,TPV03-CIU,Fernando Mendoza,fernando.mendoza109@correo.mx,1447,AMEX,388.98,MXN,RECHAZADA,MANUAL,N
TRX0004599,2026-02-10 16:22:36,SUPER NORTENO,SUPER,Monterrey,TPV03-MON,Teresa Mendoza,teresa.mendoza159@correo.mx,6739,VISA,1895.61,MXN,APROBADA,BANDA,N
TRX0004600,2026-02-05 06:58:08,Super Norteno,supermercado,Monterrey,TPV01-MON,Ivan Delgado,ivan.delgado162@correo.mx,2492,AMEX,2155.76,MXN,APROBADA,BANDA,N
TRX0004601,2026-03-07 16:27:37,CAFE AURORA,restaurante,Guadalajara,TPV04-GUA,Fernando Salazar,fernando.salazar63@correo.mx,5089,MASTERCARD,97.24,MXN,APROBADA,CHIP,N
TRX0004602,2026-02-19 13:14:40,Super Nortenio,supermercado,Monterrey,TPV04-MON,Patricia Herrera,patricia.herrera3@correo.mx,4061,VISA,2170.69,MXN,APROBADA,BANDA,N
TRX0004603,2026-02-08 20:08:18,Farmacia del Sol ,farmacia,Ciudad de Mexico,TPV03-CIU,Carmen Ramirez,carmen.ramirez111@correo.mx,1829,VISA,805.61,MXN,APROBADA,BANDA,N
TRX0004604,2026-06-25 10:53:05,Super Nortenio,Supermercado,Monterrey,TPV01-MON,Ana Delgado,ana.delgado171@correo.mx,1786,AMEX,1565.93,MXN,APROBADA,CONTACTLESS,N
TRX0004605,2026-02-12 09:54:06,Cafe Aurora,restaurante,Guadalajara,TPV01-GUA,Fernando Gonzalez,fernando.gonzalez14@correo.mx,4950,MASTERCARD,121.53,MXN,REVERSADA,CONTACTLESS,N
TRX0004606,2026-04-18 11:00:14,Cafe Aurora,restaurante,Guadalajara,TPV04-GUA,Teresa Herrera,teresa.herrera35@correo.mx,4201,VISA,365.3,MXN,REVERSADA,CONTACTLESS,N
TRX0004607,2026-05-13 15:24:28,Boutique Iris,Ropa,Ciudad de Mexico,TPV01-CIU,Lucia Herrera,lucia.herrera11@correo.mx,1104,VISA,2322.45,MXN,REVERSADA,QR,N
TRX0004608,2026-03-27 15:30:22,Super Nortenio,SUPER,Monterrey,TPV04-MON,Lucia Ramirez,lucia.ramirez152@correo.mx,6278,MASTERCARD,244.66,MXN,APROBADA,CONTACTLESS,N
TRX0004609,2026-03-21 13:02:20,Gasolinera Km 12,combustible,Puebla,TPV01-PUE,Lucia Delgado,lucia.delgado141@correo.mx,6423,VISA,357.84,MXN,APROBADA,MANUAL,N
TRX0004610,2026-04-05 07:43:49,Super Norteno,SUPER,Monterrey,TPV01-MON,Hector Nunez,hector.nunez38@correo.mx,3109,AMEX,565.14,MXN,REVERSADA,MANUAL,N
TRX0004611,2026-01-20 13:29:11,Super Nortenio,SUPER,Monterrey,TPV04-MON,Jorge Nunez,jorge.nunez29@correo.mx,5067,AMEX,2266.17,MXN,APROBADA,QR,N
TRX0004612,2026-02-07 15:39:14,SUPER NORTENO,Supermercado,Monterrey,TPV04-MON,Lucia Ramirez,lucia.ramirez43@correo.mx,2509,VISA,3037.46,MXN,APROBADA,MANUAL,N
TRX0004613,2026-03-15 17:50:26,Super Nortenio,Supermercado,Monterrey,TPV02-MON,Patricia Salazar,patricia.salazar69@correo.mx,4268,MASTERCARD,765.53,MXN,REVERSADA,CONTACTLESS,N
TRX0004614,2026-03-08 13:09:30,Gasolinera Km 12,Combustible,Puebla,TPV03-PUE,Lucia Vargas,lucia.vargas7@correo.mx,3320,MASTERCARD,1339.78,MXN,RECHAZADA,QR,N
TRX0004615,2026-05-01 16:26:02,Farmacia del Sol ,farmacia,Ciudad de Mexico,TPV04-CIU,Jorge Rivas,jorge.rivas128@correo.mx,7387,MASTERCARD,793.12,MXN,APROBADA,CONTACTLESS,N
TRX0004616,2026-04-11 17:34:55,CAFE AURORA,Restaurante,Guadalajara,TPV01-GUA,Raul Vargas,raul.vargas22@correo.mx,8824,AMEX,321.23,MXN,APROBADA,CONTACTLESS,N
TRX0004617,2026-06-11 12:25:50,FARMACIA DEL SOL,FARM,Ciudad de Mexico,TPV03-CIU,Ana Delgado,ana.delgado171@correo.mx,8676,MASTERCARD,529.81,MXN,APROBADA,BANDA,N
TRX0004618,2026-01-06 15:24:33,CAFE AURORA,Restaurante,Guadalajara,TPV02-GUA,Fernando Nunez,fernando.nunez145@correo.mx,5858,AMEX,99.6,MXN,APROBADA,CHIP,N
TRX0004619,2026-05-24 08:59:57,FARMACIA DEL SOL,FARM,Ciudad de Mexico,TPV03-CIU,Lucia Gonzalez,lucia.gonzalez36@correo.mx,8401,AMEX,467.78,MXN,APROBADA,QR,N
TRX0004620,2026-04-07 21:51:30,ELECTRO MAYA,Electronica,Merida,TPV02-MER,Sofia Delgado,sofia.delgado119@correo.mx,1778,AMEX,5943.48,MXN,APROBADA,QR,N
TRX0004621,2026-02-27 19:55:46,Electro Maya,Electronica,Merida,TPV01-MER,Lucia Trejo,lucia.trejo92@correo.mx,3905,MASTERCARD,10859.11,MXN,APROBADA,CHIP,N
TRX0004622,2026-02-15 10:33:44,Super Norteno,SUPER,Monterrey,TPV01-MON,Hector Mendoza,hector.mendoza71@correo.mx,6093,VISA,620.71,MXN,APROBADA,BANDA,N
TRX0004623,2026-01-11 06:02:11,VIAJES ALTAMAR,viajes,Cancun,TPV03-CAN,Raul Rivas,raul.rivas123@correo.mx,5837,MASTERCARD,28907.52,MXN,APROBADA,MANUAL,N
TRX0004624,2026-01-05 18:05:22,Super Norteno,Supermercado,Monterrey,TPV04-MON,Lucia Vargas,lucia.vargas7@correo.mx,3320,MASTERCARD,256.75,MXN,APROBADA,BANDA,N
TRX0004625,2026-02-12 06:32:04,GASOLINERA KM 12,Combustible,Puebla,TPV04-PUE,Patricia Mendoza,patricia.mendoza140@correo.mx,5378,VISA,1337.44,MXN,APROBADA,MANUAL,N
TRX0004626,2026-02-25 16:32:16,Farmacia del Sol,FARM,Ciudad de Mexico,TPV04-CIU,Patricia Delgado,patricia.delgado167@correo.mx,8972,VISA,128.67,MXN,APROBADA,BANDA,N
TRX0004627,2026-04-27 20:14:55,SUPER NORTENO,SUPER,Monterrey,TPV04-MON,Fernando Gonzalez,fernando.gonzalez14@correo.mx,4950,MASTERCARD,2664.51,MXN,REVERSADA,MANUAL,N
TRX0004628,2026-06-14 20:54:04,Farmacia del Sol,farmacia,Ciudad de Mexico,TPV01-CIU,Luis Salazar,luis.salazar77@correo.mx,1058,AMEX,754.58,MXN,APROBADA,QR,N
TRX0004629,2026-01-19 14:37:52,Super Norteno,SUPER,Monterrey,TPV03-MON,Lucia Vargas,lucia.vargas7@correo.mx,3320,MASTERCARD,2791.29,MXN,APROBADA,CONTACTLESS,N
TRX0004630,2026-06-06 15:32:45,Super Norteno,SUPER,Monterrey,TPV03-MON,Luis Ramirez,luis.ramirez39@correo.mx,8712,VISA,486.85,MXN,APROBADA,CONTACTLESS,N
TRX0004631,2026-01-24 15:09:59,SUPER NORTENO,supermercado,Monterrey,TPV02-MON,Miguel Gonzalez,miguel.gonzalez154@correo.mx,8784,AMEX,3129.02,MXN,APROBADA,CONTACTLESS,N
TRX0004632,2026-02-25 15:38:03,Super Nortenio,SUPER,Monterrey,TPV02-MON,Elena Trejo,elena.trejo113@correo.mx,8853,VISA,373.23,MXN,APROBADA,CONTACTLESS,N
TRX0004633,2026-06-06 11:06:14,BOUTIQUE IRIS,ropa,Ciudad de Mexico,TPV01-CIU,Ivan Gonzalez,ivan.gonzalez163@correo.mx,9280,MASTERCARD,2643.21,MXN,REVERSADA,MANUAL,N
TRX0004634,2026-01-16 14:53:45,Electro Maya,ELECTRO,Merida,TPV02-MER,Fernando Ramirez,fernando.ramirez126@correo.mx,7487,AMEX,1023.03,MXN,APROBADA,BANDA,N
TRX0004635,2026-03-15 18:03:22,Super Nortenio,supermercado,Monterrey,TPV04-MON,Sofia Rivas,sofia.rivas81@correo.mx,4001,VISA,1189.35,MXN,APROBADA,QR,N
TRX0004636,2026-04-23 18:17:54,Farmacia del Sol,farmacia,Ciudad de Mexico,TPV01-CIU,Raul Gonzalez,raul.gonzalez74@correo.mx,9447,VISA,505.39,MXN,APROBADA,CONTACTLESS,N
TRX0004637,2026-01-28 08:22:48,Gasolinera Km 12,Combustible,Puebla,TPV04-PUE,Jorge Vargas,jorge.vargas86@correo.mx,5040,MASTERCARD,1098.62,MXN,RECHAZADA,QR,N
TRX0004638,2026-02-04 17:55:46,Gasolinera Km 12,combustible,Puebla,TPV02-PUE,Raul Vargas,raul.vargas106@correo.mx,1214,AMEX,658.62,MXN,APROBADA,BANDA,N
TRX0004639,2026-03-23 18:49:54,Cafe Aurora,Restaurante,Guadalajara,TPV03-GUA,Ana Nunez,ana.nunez17@correo.mx,9063,VISA,237.39,MXN,REVERSADA,CONTACTLESS,N
TRX0004640,2026-04-02 20:31:18,Super Norteno,supermercado,Monterrey,TPV02-MON,Luis Rivas,luis.rivas99@correo.mx,1585,MASTERCARD,732.25,MXN,APROBADA,CHIP,N
TRX0004641,2026-02-01 10:02:57,CAFE AURORA,Restaurante,Guadalajara,TPV02-GUA,Luis Gonzalez,luis.gonzalez18@correo.mx,8351,VISA,151.98,MXN,APROBADA,QR,N
TRX0004642,2026-04-04 14:56:48,CAFE AURORA,Restaurante,Guadalajara,TPV04-GUA,Jorge Nunez,jorge.nunez29@correo.mx,5067,AMEX,278.39,MXN,APROBADA,QR,N
TRX0004643,2026-03-27 09:14:29,CAFE AURORA,restaurante,Guadalajara,TPV04-GUA,Jorge Gonzalez,jorge.gonzalez138@correo.mx,4950,AMEX,401.11,MXN,APROBADA,BANDA,N
TRX0004644,2026-06-19 13:39:28,Farmacia del Sol,Farmacia,Ciudad de Mexico,TPV02-CIU,Patricia Salazar,patricia.salazar69@correo.mx,4268,MASTERCARD,173.33,MXN,APROBADA,QR,N
TRX0004645,2026-03-25 08:24:12,Farmacia del Sol,Farmacia,Ciudad de Mexico,TPV03-CIU,Miguel Delgado,miguel.delgado42@correo.mx,7456,VISA,719.7,MXN,APROBADA,MANUAL,N
TRX0004646,2026-03-09 17:47:29,Viajes Altamar,Viajes,Cancun,TPV01-CAN,Miguel Ramirez,miguel.ramirez132@correo.mx,5849,MASTERCARD,18375.01,MXN,APROBADA,CONTACTLESS,N
TRX0004647,2026-06-09 09:37:23,FARMACIA DEL SOL,farmacia,Ciudad de Mexico,TPV03-CIU,Fernando Mendoza,fernando.mendoza109@correo.mx,1447,AMEX,236.04,MXN,APROBADA,BANDA,N
TRX0004648,2026-01-09 08:44:25,Boutique  Iris,Ropa,Ciudad de Mexico,TPV03-CIU,Jorge Gonzalez,jorge.gonzalez2@correo.mx,4837,AMEX,1272.67,MXN,APROBADA,QR,N
TRX0004649,2026-01-01 11:20:04,BOUTIQUE IRIS,Ropa,Ciudad de Mexico,TPV02-CIU,Fernando Cortes,fernando.cortes170@correo.mx,6842,AMEX,4478.91,MXN,APROBADA,CONTACTLESS,N
TRX0004650,2026-05-21 06:02:30,Super Nortenio,Supermercado,Monterrey,TPV04-MON,Sofia Cortes,sofia.cortes153@correo.mx,1495,AMEX,2822.51,MXN,APROBADA,QR,N
TRX0004651,2026-05-21 21:56:40,SUPER NORTENO,SUPER,Monterrey,TPV03-MON,Patricia Mendoza,patricia.mendoza107@correo.mx,8089,MASTERCARD,1214.74,MXN,RECHAZADA,BANDA,N
TRX0004652,2026-04-03 09:26:46,Boutique Iris,VESTIMENTA,Ciudad de Mexico,TPV04-CIU,Luis Herrera,luis.herrera5@correo.mx,3036,MASTERCARD,5474.89,MXN,APROBADA,MANUAL,N
TRX0004653,2026-04-06 19:12:04,GASOLINERA KM 12,combustible,Puebla,TPV02-PUE,Miguel Nunez,miguel.nunez82@correo.mx,8132,AMEX,957.16,MXN,APROBADA,CONTACTLESS,N
TRX0004654,2026-06-24 10:58:17,Boutique  Iris,ropa,Ciudad de Mexico,TPV03-CIU,Ivan Ramirez,ivan.ramirez45@correo.mx,8146,AMEX,3803.15,MXN,APROBADA,CHIP,N
TRX0004655,2026-04-20 12:41:08,Boutique  Iris,VESTIMENTA,Ciudad de Mexico,TPV04-CIU,Sofia Vargas,sofia.vargas19@correo.mx,1099,MASTERCARD,1773.79,MXN,APROBADA,QR,N
TRX0004656,2026-06-10 09:13:00,Farmacia del Sol,farmacia,Ciudad de Mexico,TPV03-CIU,Rocio Cortes,rocio.cortes103@correo.mx,8270,VISA,146.24,MXN,APROBADA,QR,N
TRX0004657,2026-02-08 17:12:49,Super Norteno,supermercado,Monterrey,TPV01-MON,Luis Salazar,luis.salazar77@correo.mx,1058,AMEX,209.67,MXN,APROBADA,QR,N
TRX0004658,2026-05-05 17:07:53,SUPER NORTENO,supermercado,Monterrey,TPV03-MON,Lucia Herrera,lucia.herrera155@correo.mx,9599,MASTERCARD,3045.98,MXN,APROBADA,MANUAL,N
TRX0004659,2026-01-07 07:04:24,Farmacia del Sol ,FARM,Ciudad de Mexico,TPV03-CIU,Carmen Mendoza,carmen.mendoza95@correo.mx,6566,AMEX,601.65,MXN,APROBADA,BANDA,N
TRX0004660,2026-04-26 11:41:39,Cafe Aurora,restaurante,Guadalajara,TPV02-GUA,Ana Nunez,ana.nunez17@correo.mx,9063,VISA,62.18,MXN,APROBADA,BANDA,N
TRX0004661,2026-01-06 06:19:29,Boutique  Iris,VESTIMENTA,Ciudad de Mexico,TPV02-CIU,Lucia Ramirez,lucia.ramirez43@correo.mx,2509,VISA,4648.75,MXN,APROBADA,BANDA,N
TRX0004662,2026-01-05 18:20:56,CAFE AURORA,Restaurante,Guadalajara,TPV03-GUA,Carmen Cortes,carmen.cortes76@correo.mx,7986,AMEX,128.63,MXN,APROBADA,CHIP,N
TRX0004663,2026-06-18 06:51:52,Super Norteno,supermercado,Monterrey,TPV02-MON,Lucia Zamora,lucia.zamora108@correo.mx,3262,MASTERCARD,2046.96,MXN,RECHAZADA,CHIP,N
TRX0004664,2026-05-07 08:03:46,CAFE AURORA,restaurante,Guadalajara,TPV03-GUA,Fernando Vargas,fernando.vargas65@correo.mx,7747,MASTERCARD,168.85,MXN,RECHAZADA,MANUAL,N
TRX0004665,2026-04-05 09:43:09,Gasolinera Km 12,Combustible,Puebla,TPV03-PUE,Lucia Herrera,lucia.herrera155@correo.mx,9599,MASTERCARD,1066.49,MXN,APROBADA,BANDA,N
TRX0004666,2026-03-17 12:54:52,Boutique  Iris,ropa,Ciudad de Mexico,TPV04-CIU,Ivan Nunez,ivan.nunez88@correo.mx,1309,MASTERCARD,5540.48,MXN,APROBADA,CHIP,N
TRX0004667,2026-05-12 15:11:43,Boutique Iris,Ropa,Ciudad de Mexico,TPV01-CIU,Jorge Herrera,jorge.herrera112@correo.mx,5612,MASTERCARD,5810.03,MXN,REVERSADA,MANUAL,N
TRX0004668,2026-02-08 12:37:48,Farmacia del Sol ,FARM,Ciudad de Mexico,TPV03-CIU,Elena Ramirez,elena.ramirez144@correo.mx,8187,MASTERCARD,235.53,MXN,APROBADA,MANUAL,N
TRX0004669,2026-06-24 16:41:59,Gasolinera Km 12,combustible,Puebla,TPV04-PUE,Carmen Vargas,carmen.vargas161@correo.mx,3446,MASTERCARD,1604.97,MXN,REVERSADA,CONTACTLESS,N
TRX0004670,2026-03-31 20:47:24,FARMACIA DEL SOL,Farmacia,Ciudad de Mexico,TPV02-CIU,Jorge Vargas,jorge.vargas86@correo.mx,5040,MASTERCARD,286.15,MXN,REVERSADA,BANDA,N
TRX0004671,2026-05-15 18:40:40,SUPER NORTENO,SUPER,Monterrey,TPV04-MON,Elena Rivas,elena.rivas20@correo.mx,9752,AMEX,2964.2,MXN,REVERSADA,QR,N
TRX0004672,2026-01-21 18:54:21,Super Norteno,SUPER,Monterrey,TPV01-MON,Elena Zamora,elena.zamora16@correo.mx,2698,VISA,342.95,MXN,APROBADA,MANUAL,N
TRX0004673,2026-01-02 13:35:10,CAFE AURORA,Restaurante,Guadalajara,TPV03-GUA,Sofia Nunez,sofia.nunez56@correo.mx,5954,AMEX,290.39,MXN,APROBADA,QR,N
TRX0004674,2026-04-20 07:28:37,BOUTIQUE IRIS,VESTIMENTA,Ciudad de Mexico,TPV01-CIU,Ana Salazar,ana.salazar102@correo.mx,3316,AMEX,446.33,MXN,APROBADA,CHIP,N
TRX0004675,2026-06-05 19:00:52,Viajes Altamar,Viajes,Cancun,TPV04-CAN,Hector Delgado,hector.delgado137@correo.mx,3321,AMEX,42550.07,MXN,RECHAZADA,CONTACTLESS,N
TRX0004676,2026-06-22 11:38:27,Super Nortenio,supermercado,Monterrey,TPV04-MON,Jorge Vargas,jorge.vargas86@correo.mx,5040,MASTERCARD,3142.33,MXN,APROBADA,CHIP,N
TRX0004677,2026-04-16 06:13:46,FARMACIA DEL SOL,Farmacia,Ciudad de Mexico,TPV03-CIU,Ana Ramirez,ana.ramirez100@correo.mx,7772,VISA,136.3,MXN,APROBADA,CONTACTLESS,N
TRX0004678,2026-05-22 17:03:53,Farmacia del Sol ,farmacia,Ciudad de Mexico,TPV03-CIU,Rocio Herrera,rocio.herrera165@correo.mx,6020,VISA,823.54,MXN,RECHAZADA,CONTACTLESS,N
TRX0004679,2026-03-25 06:00:47,Farmacia del Sol ,FARM,Ciudad de Mexico,TPV03-CIU,Raul Vargas,raul.vargas37@correo.mx,5573,AMEX,726.87,MXN,APROBADA,BANDA,N
TRX0004680,2026-03-15 14:01:09,CAFE AURORA,restaurante,Guadalajara,TPV04-GUA,Teresa Rivas,teresa.rivas6@correo.mx,1505,MASTERCARD,381.47,MXN,APROBADA,BANDA,N
TRX0004681,2026-04-17 08:26:40,Super Nortenio,SUPER,Monterrey,TPV01-MON,Elena Vargas,elena.vargas89@correo.mx,5689,VISA,2665.3,MXN,REVERSADA,QR,N
TRX0004682,2026-05-04 20:28:58,Gasolinera Km 12,combustible,Puebla,TPV02-PUE,Elena Ramirez,elena.ramirez144@correo.mx,3433,VISA,415.53,MXN,APROBADA,QR,N
TRX0004683,2026-04-28 07:56:19,Farmacia del Sol ,FARM,Ciudad de Mexico,TPV03-CIU,Carmen Cortes,carmen.cortes76@correo.mx,7986,AMEX,389.81,MXN,APROBADA,CHIP,N
TRX0004684,2026-05-17 18:02:36,Farmacia del Sol ,Farmacia,Ciudad de Mexico,TPV03-CIU,Lucia Gonzalez,lucia.gonzalez96@correo.mx,7074,VISA,224.43,MXN,REVERSADA,MANUAL,N
TRX0004685,2026-03-13 16:45:21,SUPER NORTENO,Supermercado,Monterrey,TPV03-MON,Hector Trejo,hector.trejo101@correo.mx,6533,MASTERCARD,2973.36,MXN,APROBADA,QR,N
TRX0004686,2026-05-18 19:54:43,Super Norteno,supermercado,Monterrey,TPV02-MON,Ana Nunez,ana.nunez17@correo.mx,9063,VISA,2002.5,MXN,APROBADA,CHIP,N
TRX0004687,2026-06-24 15:02:35,Super Norteno,Supermercado,Monterrey,TPV03-MON,Luis Rivas,luis.rivas99@correo.mx,1585,MASTERCARD,641.96,MXN,APROBADA,QR,N
TRX0004688,2026-01-01 09:23:34,CAFE AURORA,restaurante,Guadalajara,TPV04-GUA,Elena Zamora,elena.zamora16@correo.mx,2698,VISA,228.25,MXN,APROBADA,CONTACTLESS,N
TRX0004689,2026-06-18 13:57:17,Boutique  Iris,VESTIMENTA,Ciudad de Mexico,TPV02-CIU,Teresa Mendoza,teresa.mendoza159@correo.mx,6739,VISA,598.46,MXN,APROBADA,QR,N
TRX0004690,2026-03-28 09:22:28,Viajes Altamar,viajes,Cancun,TPV02-CAN,Raul Vargas,raul.vargas22@correo.mx,8824,AMEX,16155.39,MXN,APROBADA,CONTACTLESS,N
TRX0004691,2026-01-07 06:06:54,CAFE AURORA,restaurante,Guadalajara,TPV02-GUA,Ana Cortes,ana.cortes53@correo.mx,9845,MASTERCARD,232.38,MXN,APROBADA,CONTACTLESS,N
TRX0004692,2026-02-28 21:20:44,Farmacia del Sol,farmacia,Ciudad de Mexico,TPV01-CIU,Jorge Herrera,jorge.herrera46@correo.mx,2925,AMEX,848.81,MXN,APROBADA,CONTACTLESS,N
TRX0004693,2026-05-18 17:27:48,SUPER NORTENO,SUPER,Monterrey,TPV02-MON,Raul Delgado,raul.delgado142@correo.mx,4207,AMEX,1657.3,MXN,REVERSADA,CONTACTLESS,N
TRX0004694,2026-06-28 16:22:59,Electro Maya,ELECTRO,Merida,TPV03-MER,Raul Vargas,raul.vargas22@correo.mx,8824,AMEX,16671.46,MXN,APROBADA,CHIP,N
TRX0004695,2026-04-15 10:03:20,Gasolinera Km 12,combustible,Puebla,TPV01-PUE,Lucia Trejo,lucia.trejo32@correo.mx,7972,AMEX,1474.95,MXN,APROBADA,CONTACTLESS,N
TRX0004696,2026-05-14 10:12:35,SUPER NORTENO,Supermercado,Monterrey,TPV04-MON,Elena Ramirez,elena.ramirez8@correo.mx,3648,MASTERCARD,291.7,MXN,REVERSADA,QR,N
TRX0004697,2026-06-05 07:54:07,Cafe Aurora,Restaurante,Guadalajara,TPV04-GUA,Fernando Mendoza,fernando.mendoza57@correo.mx,8388,AMEX,267.59,MXN,APROBADA,QR,N
TRX0004698,2026-04-22 08:04:08,FARMACIA DEL SOL,farmacia,Ciudad de Mexico,TPV04-CIU,Patricia Gonzalez,patricia.gonzalez127@correo.mx,4793,VISA,776.07,MXN,APROBADA,BANDA,N
TRX0004699,2026-04-10 19:48:41,CAFE AURORA,restaurante,Guadalajara,TPV03-GUA,Luis Rivas,luis.rivas99@correo.mx,1585,MASTERCARD,182.12,MXN,APROBADA,QR,N
TRX0004700,2026-03-16 10:34:38,GASOLINERA KM 12,Combustible,Puebla,TPV03-PUE,Ana Trejo,ana.trejo51@correo.mx,9690,MASTERCARD,1396.51,MXN,REVERSADA,CONTACTLESS,N
TRX0004701,2026-02-19 06:28:57,Super Norteno,supermercado,Monterrey,TPV03-MON,Raul Herrera,raul.herrera110@correo.mx,7010,VISA,1005.56,MXN,APROBADA,QR,N
TRX0004702,2026-06-23 17:28:58,FARMACIA DEL SOL,FARM,Ciudad de Mexico,TPV02-CIU,Sofia Delgado,sofia.delgado119@correo.mx,1778,AMEX,784.0,MXN,APROBADA,CHIP,N
TRX0004703,2026-04-04 21:35:25,Viajes Altamar,viajes,Cancun,TPV04-CAN,Hector Rivas,hector.rivas50@correo.mx,8897,MASTERCARD,30268.77,MXN,APROBADA,QR,N
TRX0004704,2026-05-17 09:04:07,BOUTIQUE IRIS,Ropa,Ciudad de Mexico,TPV02-CIU,Patricia Nunez,patricia.nunez52@correo.mx,8415,VISA,5007.33,MXN,APROBADA,CONTACTLESS,N
TRX0004705,2026-05-20 13:43:31,Farmacia del Sol,FARM,Ciudad de Mexico,TPV01-CIU,Fernando Rivas,fernando.rivas133@correo.mx,6714,MASTERCARD,697.06,MXN,APROBADA,CHIP,N
TRX0004706,2026-05-13 14:46:47,FARMACIA DEL SOL,farmacia,Ciudad de Mexico,TPV01-CIU,Ivan Gonzalez,ivan.gonzalez163@correo.mx,9280,MASTERCARD,224.45,MXN,APROBADA,BANDA,N
TRX0004707,2026-02-10 11:52:06,SUPER NORTENO,SUPER,Monterrey,TPV04-MON,Luis Zamora,luis.zamora9@correo.mx,1462,AMEX,2457.21,MXN,APROBADA,CHIP,N
TRX0004708,2026-02-01 18:39:25,BOUTIQUE IRIS,Ropa,Ciudad de Mexico,TPV04-CIU,Luis Trejo,luis.trejo1@correo.mx,4572,AMEX,901.28,MXN,APROBADA,QR,N
TRX0004709,2026-03-21 13:16:10,Farmacia del Sol ,FARM,Ciudad de Mexico,TPV03-CIU,Hector Herrera,hector.herrera34@correo.mx,8787,VISA,172.61,MXN,RECHAZADA,CONTACTLESS,N
TRX0004710,2026-04-02 14:51:23,SUPER NORTENO,SUPER,Monterrey,TPV03-MON,Luis Delgado,luis.delgado150@correo.mx,7838,VISA,2510.98,MXN,REVERSADA,QR,N
TRX0004711,2026-02-26 07:13:23,SUPER NORTENO,Supermercado,Monterrey,TPV03-MON,Fernando Salazar,fernando.salazar63@correo.mx,5089,MASTERCARD,3143.88,MXN,APROBADA,BANDA,N
TRX0004712,2026-01-12 12:15:41,Super Nortenio,SUPER,Monterrey,TPV04-MON,Fernando Cortes,fernando.cortes170@correo.mx,6842,AMEX,3473.61,MXN,APROBADA,QR,N
TRX0004713,2026-06-22 06:39:02,Farmacia del Sol,Farmacia,Ciudad de Mexico,TPV01-CIU,Fernando Cortes,fernando.cortes170@correo.mx,6842,AMEX,514.79,MXN,APROBADA,QR,N
TRX0004714,2026-03-27 20:02:13,Gasolinera Km 12,Combustible,Puebla,TPV02-PUE,Miguel Herrera,miguel.herrera166@correo.mx,4697,AMEX,1575.56,MXN,REVERSADA,QR,N
TRX0004715,2026-01-13 10:29:29,Super Nortenio,Supermercado,Monterrey,TPV01-MON,Luis Ramirez,luis.ramirez39@correo.mx,8712,VISA,2935.47,MXN,REVERSADA,MANUAL,N
TRX0004716,2026-04-09 17:44:12,Super Norteno,Supermercado,Monterrey,TPV04-MON,Patricia Salazar,patricia.salazar69@correo.mx,4268,MASTERCARD,734.64,MXN,APROBADA,QR,N
TRX0004717,2026-03-05 11:54:10,Farmacia del Sol ,farmacia,Ciudad de Mexico,TPV01-CIU,Rocio Salazar,rocio.salazar15@correo.mx,4224,MASTERCARD,623.79,MXN,APROBADA,QR,N
TRX0004718,2026-03-28 10:50:00,FARMACIA DEL SOL,farmacia,Ciudad de Mexico,TPV01-CIU,Hector Mendoza,hector.mendoza10@correo.mx,6846,VISA,802.1,MXN,APROBADA,BANDA,N
TRX0004719,2026-02-09 08:35:33,Super Nortenio,SUPER,Monterrey,TPV04-MON,Rocio Rivas,rocio.rivas87@correo.mx,7400,AMEX,1464.72,MXN,APROBADA,CONTACTLESS,N
TRX0004720,2026-06-09 09:39:21,Cafe Aurora,Restaurante,Guadalajara,TPV01-GUA,Sofia Rivas,sofia.rivas81@correo.mx,4001,VISA,302.55,MXN,APROBADA,BANDA,N
TRX0004721,2026-06-14 17:34:05,VIAJES ALTAMAR,Viajes,Cancun,TPV01-CAN,Elena Delgado,elena.delgado149@correo.mx,9248,MASTERCARD,30519.44,MXN,APROBADA,QR,N
TRX0004722,2026-02-28 11:27:17,CAFE AURORA,restaurante,Guadalajara,TPV03-GUA,Sofia Salazar,sofia.salazar136@correo.mx,7202,AMEX,160.1,MXN,APROBADA,MANUAL,N
TRX0004723,2026-06-13 09:03:24,CAFE AURORA,restaurante,Guadalajara,TPV01-GUA,Hector Mendoza,hector.mendoza10@correo.mx,6846,VISA,444.65,MXN,APROBADA,CONTACTLESS,N
TRX0004724,2026-02-12 19:21:17,GASOLINERA KM 12,combustible,Puebla,TPV04-PUE,Miguel Gonzalez,miguel.gonzalez154@correo.mx,8784,AMEX,1736.08,MXN,APROBADA,MANUAL,N
TRX0004725,2026-02-03 19:13:02,Super Nortenio,SUPER,Monterrey,TPV04-MON,Ana Trejo,ana.trejo51@correo.mx,9690,MASTERCARD,1769.03,MXN,RECHAZADA,BANDA,N
TRX0004726,2026-05-28 12:58:15,BOUTIQUE IRIS,ropa,Ciudad de Mexico,TPV01-CIU,Raul Delgado,raul.delgado142@correo.mx,4207,AMEX,3548.15,MXN,APROBADA,BANDA,N
TRX0004727,2026-01-12 08:16:26,Super Norteno,SUPER,Monterrey,TPV02-MON,Lucia Vargas,lucia.vargas7@correo.mx,3320,MASTERCARD,206.72,MXN,REVERSADA,QR,N
TRX0004728,2026-01-19 21:56:24,Farmacia del Sol ,Farmacia,Ciudad de Mexico,TPV04-CIU,Jorge Mendoza,jorge.mendoza47@correo.mx,7512,AMEX,826.61,MXN,RECHAZADA,CHIP,N
TRX0004729,2026-01-01 21:09:10,Farmacia del Sol ,Farmacia,Ciudad de Mexico,TPV04-CIU,Raul Mendoza,raul.mendoza90@correo.mx,1177,AMEX,840.97,MXN,APROBADA,CHIP,N
TRX0004730,2026-01-02 14:41:50,Viajes Altamar,Viajes,Cancun,TPV01-CAN,Lucia Delgado,lucia.delgado120@correo.mx,1162,AMEX,32105.87,MXN,APROBADA,CHIP,N
TRX0004731,2026-06-02 21:24:52,GASOLINERA KM 12,combustible,Puebla,TPV01-PUE,Sofia Vargas,sofia.vargas19@correo.mx,1099,MASTERCARD,1716.26,MXN,APROBADA,QR,N
TRX0004732,2026-01-19 18:20:35,Farmacia del Sol ,farmacia,Ciudad de Mexico,TPV01-CIU,Fernando Zamora,fernando.zamora156@correo.mx,3541,MASTERCARD,507.3,MXN,APROBADA,BANDA,N
TRX0004733,2026-02-25 07:24:35,Farmacia del Sol ,FARM,Ciudad de Mexico,TPV01-CIU,Rocio Ramirez,rocio.ramirez12@correo.mx,2195,MASTERCARD,759.16,MXN,RECHAZADA,CONTACTLESS,N
TRX0004734,2026-03-09 11:15:21,BOUTIQUE IRIS,ropa,Ciudad de Mexico,TPV04-CIU,Elena Zamora,elena.zamora151@correo.mx,7344,AMEX,3983.1,MXN,APROBADA,MANUAL,N
TRX0004735,2026-02-10 13:23:05,CAFE AURORA,Restaurante,Guadalajara,TPV02-GUA,Rocio Salazar,rocio.salazar98@correo.mx,9662,VISA,221.22,MXN,RECHAZADA,CONTACTLESS,N
TRX0004736,2026-03-03 10:44:42,SUPER NORTENO,SUPER,Monterrey,TPV04-MON,Rocio Vargas,rocio.vargas62@correo.mx,4939,MASTERCARD,1214.07,MXN,APROBADA,BANDA,N
TRX0004737,2026-03-10 21:32:11,BOUTIQUE IRIS,ropa,Ciudad de Mexico,TPV01-CIU,Ivan Nunez,ivan.nunez88@correo.mx,1309,MASTERCARD,4842.75,MXN,REVERSADA,QR,N
TRX0004738,2026-03-24 19:26:49,GASOLINERA KM 12,combustible,Puebla,TPV01-PUE,Ana Salazar,ana.salazar102@correo.mx,3316,AMEX,1250.18,MXN,RECHAZADA,CONTACTLESS,N
TRX0004739,2026-04-15 18:10:31,Electro Maya,Electronica,Merida,TPV03-MER,Ana Salazar,ana.salazar102@correo.mx,3316,AMEX,4667.47,MXN,APROBADA,QR,N
TRX0004740,2026-04-28 21:54:55,Super Norteno,SUPER,Monterrey,TPV02-MON,Ana Salazar,ana.salazar102@correo.mx,3316,AMEX,983.43,MXN,APROBADA,CONTACTLESS,N
TRX0004741,2026-03-29 09:51:00,Farmacia del Sol,FARM,Ciudad de Mexico,TPV02-CIU,Lucia Zamora,lucia.zamora108@correo.mx,3262,MASTERCARD,663.69,MXN,RECHAZADA,CHIP,N
TRX0004742,2026-01-26 08:02:58,Super Norteno,SUPER,Monterrey,TPV03-MON,Elena Ramirez,elena.ramirez8@correo.mx,3648,MASTERCARD,1798.45,MXN,REVERSADA,MANUAL,N
TRX0004743,2026-05-13 11:15:56,Super Nortenio,SUPER,Monterrey,TPV02-MON,Elena Ramirez,elena.ramirez144@correo.mx,3433,VISA,1643.14,MXN,APROBADA,MANUAL,N
TRX0004744,2026-03-10 16:48:44,FARMACIA DEL SOL,FARM,Ciudad de Mexico,TPV04-CIU,Luis Ramirez,luis.ramirez58@correo.mx,8936,MASTERCARD,741.84,MXN,APROBADA,MANUAL,N
TRX0004745,2026-01-16 06:28:34,CAFE AURORA,Restaurante,Guadalajara,TPV04-GUA,Raul Vargas,raul.vargas22@correo.mx,8824,AMEX,400.95,MXN,APROBADA,BANDA,N
TRX0004746,2026-03-01 21:16:21,FARMACIA DEL SOL,Farmacia,Ciudad de Mexico,TPV03-CIU,Carmen Rivas,carmen.rivas139@correo.mx,4822,AMEX,592.93,MXN,APROBADA,BANDA,N
TRX0004747,2026-01-19 20:03:45,Super Norteno,supermercado,Monterrey,TPV04-MON,Sofia Vargas,sofia.vargas19@correo.mx,1099,MASTERCARD,1923.06,MXN,APROBADA,CHIP,N
TRX0004748,2026-01-18 07:23:43,Farmacia del Sol ,Farmacia,Ciudad de Mexico,TPV02-CIU,Elena Ramirez,elena.ramirez175@correo.mx,9442,MASTERCARD,630.15,MXN,APROBADA,CHIP,N
TRX0004749,2026-05-19 16:27:38,Super Norteno,supermercado,Monterrey,TPV04-MON,Lucia Ramirez,lucia.ramirez43@correo.mx,2509,VISA,955.95,MXN,RECHAZADA,BANDA,N
TRX0004750,2026-01-14 09:00:25,Boutique Iris,VESTIMENTA,Ciudad de Mexico,TPV02-CIU,Patricia Mendoza,patricia.mendoza140@correo.mx,5378,VISA,4652.96,MXN,APROBADA,BANDA,N
TRX0004751,2026-05-02 19:14:38,Cafe Aurora,restaurante,Guadalajara,TPV01-GUA,Elena Ramirez,elena.ramirez4@correo.mx,8580,VISA,185.13,MXN,REVERSADA,MANUAL,N
TRX0004752,2026-04-24 20:26:49,VIAJES ALTAMAR,Viajes,Cancun,TPV02-CAN,Hector Mendoza,hector.mendoza10@correo.mx,6846,VISA,30706.72,MXN,APROBADA,CONTACTLESS,N
TRX0004753,2026-03-24 08:16:07,Boutique  Iris,VESTIMENTA,Ciudad de Mexico,TPV01-CIU,Luis Trejo,luis.trejo1@correo.mx,7154,MASTERCARD,5598.92,MXN,APROBADA,QR,N
TRX0004754,2026-03-09 10:59:57,Boutique Iris,ropa,Ciudad de Mexico,TPV01-CIU,Miguel Ramirez,miguel.ramirez132@correo.mx,5849,MASTERCARD,4248.27,MXN,REVERSADA,CONTACTLESS,N
TRX0004755,2026-02-21 09:15:37,GASOLINERA KM 12,Combustible,Puebla,TPV01-PUE,Ana Rivas,ana.rivas117@correo.mx,2975,MASTERCARD,1451.17,MXN,APROBADA,CHIP,N
TRX0004756,2026-05-11 13:34:06,SUPER NORTENO,SUPER,Monterrey,TPV04-MON,Lucia Ramirez,lucia.ramirez48@correo.mx,2913,VISA,3324.73,MXN,APROBADA,QR,N
TRX0004757,2026-01-17 10:40:20,Super Norteno,SUPER,Monterrey,TPV04-MON,Fernando Zamora,fernando.zamora156@correo.mx,3541,MASTERCARD,2259.48,MXN,APROBADA,CHIP,N
TRX0004758,2026-03-27 11:33:48,SUPER NORTENO,SUPER,Monterrey,TPV03-MON,Sofia Trejo,sofia.trejo80@correo.mx,8498,MASTERCARD,2108.66,MXN,APROBADA,CONTACTLESS,N
TRX0004759,2026-06-27 09:25:15,Super Nortenio,supermercado,Monterrey,TPV01-MON,Sofia Vargas,sofia.vargas19@correo.mx,1099,MASTERCARD,301.86,MXN,RECHAZADA,CHIP,N
TRX0004760,2026-04-03 06:43:42,Boutique  Iris,Ropa,Ciudad de Mexico,TPV01-CIU,Ivan Delgado,ivan.delgado59@correo.mx,3851,AMEX,4629.1,MXN,APROBADA,CHIP,N
TRX0004761,2026-04-15 16:57:12,Super Nortenio,Supermercado,Monterrey,TPV01-MON,Raul Gonzalez,raul.gonzalez74@correo.mx,9447,VISA,526.02,MXN,APROBADA,CONTACTLESS,N
TRX0004762,2026-03-24 10:17:18,SUPER NORTENO,SUPER,Monterrey,TPV03-MON,Jorge Rivas,jorge.rivas78@correo.mx,8391,AMEX,2106.08,MXN,APROBADA,BANDA,N
TRX0004763,2026-04-20 21:06:30,SUPER NORTENO,SUPER,Monterrey,TPV04-MON,Ivan Delgado,ivan.delgado59@correo.mx,3851,AMEX,3391.99,MXN,APROBADA,CONTACTLESS,N
TRX0004764,2026-01-16 21:36:39,BOUTIQUE IRIS,Ropa,Ciudad de Mexico,TPV04-CIU,Fernando Nunez,fernando.nunez145@correo.mx,8489,AMEX,2762.06,MXN,APROBADA,BANDA,N
TRX0004765,2026-03-17 07:59:27,Gasolinera Km 12,combustible,Puebla,TPV03-PUE,Lucia Vargas,lucia.vargas7@correo.mx,4691,AMEX,1108.04,MXN,APROBADA,BANDA,N
TRX0004766,2026-02-11 16:05:35,CAFE AURORA,Restaurante,Guadalajara,TPV02-GUA,Lucia Ramirez,lucia.ramirez43@correo.mx,2509,VISA,400.58,MXN,APROBADA,BANDA,N
TRX0004767,2026-01-08 10:44:04,Cafe Aurora,restaurante,Guadalajara,TPV02-GUA,Hector Delgado,hector.delgado49@correo.mx,4702,VISA,270.64,MXN,REVERSADA,BANDA,N
TRX0004768,2026-01-10 21:21:43,Farmacia del Sol,farmacia,Ciudad de Mexico,TPV03-CIU,Raul Gonzalez,raul.gonzalez179@correo.mx,8333,MASTERCARD,402.03,MXN,APROBADA,BANDA,N
TRX0004769,2026-04-26 07:36:49,Farmacia del Sol,Farmacia,Ciudad de Mexico,TPV01-CIU,Patricia Delgado,patricia.delgado167@correo.mx,8972,VISA,743.03,MXN,RECHAZADA,CHIP,N
TRX0004770,2026-04-24 17:05:38,Super Norteno,SUPER,Monterrey,TPV03-MON,Teresa Gonzalez,teresa.gonzalez24@correo.mx,8230,VISA,2537.41,MXN,APROBADA,CHIP,N
TRX0004771,2026-02-21 18:18:28,Super Nortenio,Supermercado,Monterrey,TPV04-MON,Rocio Cortes,rocio.cortes103@correo.mx,8270,VISA,2864.66,MXN,APROBADA,QR,N
TRX0004772,2026-02-04 13:18:47,Super Nortenio,supermercado,Monterrey,TPV03-MON,Fernando Nunez,fernando.nunez145@correo.mx,5858,AMEX,2111.79,MXN,REVERSADA,MANUAL,N
TRX0004773,2026-06-26 19:52:41,FARMACIA DEL SOL,FARM,Ciudad de Mexico,TPV03-CIU,Jorge Delgado,jorge.delgado66@correo.mx,7754,VISA,222.3,MXN,APROBADA,QR,N
TRX0004774,2026-03-26 21:29:35,Gasolinera Km 12,Combustible,Puebla,TPV01-PUE,Elena Cortes,elena.cortes68@correo.mx,5599,AMEX,1717.08,MXN,RECHAZADA,CHIP,N
TRX0004775,2026-01-20 18:33:50,Cafe Aurora,restaurante,Guadalajara,TPV01-GUA,Fernando Herrera,fernando.herrera168@correo.mx,8810,VISA,180.32,MXN,APROBADA,CONTACTLESS,N
TRX0004776,2026-02-23 20:36:18,CAFE AURORA,Restaurante,Guadalajara,TPV03-GUA,Jorge Herrera,jorge.herrera112@correo.mx,5612,MASTERCARD,387.71,MXN,APROBADA,QR,N
TRX0004777,2026-05-17 21:51:46,Boutique Iris,VESTIMENTA,Ciudad de Mexico,TPV01-CIU,Ivan Gonzalez,ivan.gonzalez41@correo.mx,2888,AMEX,1241.86,MXN,REVERSADA,QR,N
TRX0004778,2026-06-25 11:41:43,Boutique Iris,Ropa,Ciudad de Mexico,TPV01-CIU,Raul Gonzalez,raul.gonzalez179@correo.mx,8333,MASTERCARD,5412.7,MXN,APROBADA,MANUAL,N
TRX0004779,2026-03-10 11:02:26,Boutique Iris,VESTIMENTA,Ciudad de Mexico,TPV04-CIU,Elena Trejo,elena.trejo73@correo.mx,9973,AMEX,3728.16,MXN,APROBADA,QR,N
TRX0004780,2026-04-27 10:51:18,Electro Maya,Electronica,Merida,TPV02-MER,Miguel Gonzalez,miguel.gonzalez28@correo.mx,8632,VISA,10241.65,MXN,APROBADA,QR,N
TRX0004781,2026-03-19 07:03:42,Farmacia del Sol,Farmacia,Ciudad de Mexico,TPV02-CIU,Teresa Gonzalez,teresa.gonzalez24@correo.mx,8230,VISA,181.84,MXN,RECHAZADA,CHIP,N
TRX0004782,2026-05-30 21:44:52,Boutique Iris,ropa,Ciudad de Mexico,TPV01-CIU,Elena Zamora,elena.zamora178@correo.mx,7623,AMEX,5747.25,MXN,RECHAZADA,BANDA,N
TRX0004783,2026-02-25 12:53:01,Cafe Aurora,restaurante,Guadalajara,TPV01-GUA,Raul Delgado,raul.delgado122@correo.mx,1413,VISA,400.71,MXN,RECHAZADA,CHIP,N
TRX0004784,2026-05-13 16:00:08,SUPER NORTENO,supermercado,Monterrey,TPV03-MON,Fernando Cortes,fernando.cortes170@correo.mx,6842,AMEX,1206.31,MXN,RECHAZADA,CONTACTLESS,N
TRX0004785,2026-01-30 20:29:32,Super Norteno,SUPER,Monterrey,TPV01-MON,Ivan Delgado,ivan.delgado162@correo.mx,2492,AMEX,334.28,MXN,APROBADA,CONTACTLESS,N
TRX0004786,2026-01-07 08:15:48,Farmacia del Sol ,FARM,Ciudad de Mexico,TPV03-CIU,Fernando Zamora,fernando.zamora156@correo.mx,3541,MASTERCARD,346.71,MXN,REVERSADA,BANDA,N
TRX0004787,2026-05-23 15:44:42,Cafe Aurora,restaurante,Guadalajara,TPV03-GUA,Elena Gonzalez,elena.gonzalez143@correo.mx,1660,MASTERCARD,193.2,MXN,REVERSADA,BANDA,N
TRX0004788,2026-03-31 18:16:23,GASOLINERA KM 12,Combustible,Puebla,TPV03-PUE,Ana Delgado,ana.delgado171@correo.mx,1786,AMEX,1402.02,MXN,APROBADA,BANDA,N
TRX0004789,2026-05-03 06:13:22,CAFE AURORA,Restaurante,Guadalajara,TPV02-GUA,Ana Trejo,ana.trejo51@correo.mx,9690,MASTERCARD,178.52,MXN,APROBADA,CONTACTLESS,N
TRX0004790,2026-04-16 13:22:28,Cafe Aurora,restaurante,Guadalajara,TPV01-GUA,Elena Ramirez,elena.ramirez175@correo.mx,9442,MASTERCARD,153.21,MXN,APROBADA,QR,N
TRX0004791,2026-04-18 20:35:52,FARMACIA DEL SOL,FARM,Ciudad de Mexico,TPV01-CIU,Ivan Nunez,ivan.nunez88@correo.mx,1309,MASTERCARD,228.44,MXN,APROBADA,QR,N
TRX0004792,2026-02-23 21:27:53,Gasolinera Km 12,combustible,Puebla,TPV02-PUE,Lucia Herrera,lucia.herrera11@correo.mx,1104,VISA,704.25,MXN,APROBADA,BANDA,N
TRX0004793,2026-02-04 20:07:01,Farmacia del Sol,farmacia,Ciudad de Mexico,TPV02-CIU,Raul Gonzalez,raul.gonzalez179@correo.mx,8333,MASTERCARD,439.11,MXN,APROBADA,CONTACTLESS,N
TRX0004794,2026-02-03 14:13:48,Super Norteno,supermercado,Monterrey,TPV04-MON,Luis Trejo,luis.trejo1@correo.mx,4572,AMEX,3439.6,MXN,APROBADA,CONTACTLESS,N
TRX0004795,2026-06-14 14:38:58,SUPER NORTENO,supermercado,Monterrey,TPV04-MON,Lucia Delgado,lucia.delgado141@correo.mx,6423,VISA,3244.82,MXN,APROBADA,CONTACTLESS,N
TRX0004796,2026-06-19 16:10:49,Cafe Aurora,restaurante,Guadalajara,TPV03-GUA,Sofia Nunez,sofia.nunez134@correo.mx,8835,VISA,142.44,MXN,APROBADA,CHIP,N
TRX0004797,2026-03-29 19:44:41,Super Nortenio,Supermercado,Monterrey,TPV03-MON,Patricia Mendoza,patricia.mendoza107@correo.mx,8089,MASTERCARD,757.49,MXN,APROBADA,CONTACTLESS,N
TRX0004798,2026-01-14 16:33:53,Super Norteno,supermercado,Monterrey,TPV03-MON,Teresa Rivas,teresa.rivas25@correo.mx,6114,AMEX,3469.84,MXN,APROBADA,MANUAL,N
TRX0004799,2026-03-27 14:10:39,Gasolinera Km 12,Combustible,Puebla,TPV03-PUE,Jorge Herrera,jorge.herrera46@correo.mx,2925,AMEX,1066.03,MXN,APROBADA,MANUAL,N
TRX0004800,2026-06-23 06:50:35,Cafe Aurora,restaurante,Guadalajara,TPV02-GUA,Raul Delgado,raul.delgado105@correo.mx,8772,MASTERCARD,377.74,MXN,RECHAZADA,QR,N
TRX0004801,2026-02-19 21:06:10,Super Norteno,Supermercado,Monterrey,TPV04-MON,Patricia Gonzalez,patricia.gonzalez33@correo.mx,5295,AMEX,2825.77,MXN,APROBADA,BANDA,N
TRX0004802,2026-06-23 12:50:44,Farmacia del Sol ,FARM,Ciudad de Mexico,TPV02-CIU,Teresa Salazar,teresa.salazar118@correo.mx,4699,VISA,721.74,MXN,APROBADA,BANDA,N
TRX0004803,2026-03-17 07:29:09,Viajes Altamar,viajes,Cancun,TPV01-CAN,Jorge Gonzalez,jorge.gonzalez2@correo.mx,4837,AMEX,25979.01,MXN,APROBADA,MANUAL,N
TRX0004804,2026-02-03 09:35:38,Gasolinera Km 12,combustible,Puebla,TPV03-PUE,Fernando Herrera,fernando.herrera168@correo.mx,8810,VISA,313.09,MXN,APROBADA,CONTACTLESS,N
TRX0004805,2026-02-16 16:03:10,Electro Maya,Electronica,Merida,TPV04-MER,Sofia Nunez,sofia.nunez134@correo.mx,8835,VISA,18322.91,MXN,RECHAZADA,MANUAL,N
TRX0004806,2026-06-01 10:46:57,Super Nortenio,SUPER,Monterrey,TPV01-MON,Jorge Nunez,jorge.nunez121@correo.mx,1683,AMEX,2481.11,MXN,APROBADA,QR,N
TRX0004807,2026-03-08 16:28:14,Farmacia del Sol ,farmacia,Ciudad de Mexico,TPV01-CIU,Teresa Herrera,teresa.herrera35@correo.mx,4201,VISA,254.74,MXN,REVERSADA,QR,N
TRX0004808,2026-03-29 09:41:00,Super Nortenio,supermercado,Monterrey,TPV04-MON,Miguel Nunez,miguel.nunez174@correo.mx,2390,MASTERCARD,884.64,MXN,REVERSADA,CHIP,N
TRX0004809,2026-01-09 11:11:26,SUPER NORTENO,SUPER,Monterrey,TPV02-MON,Raul Mendoza,raul.mendoza90@correo.mx,1177,AMEX,382.77,MXN,APROBADA,CHIP,N
TRX0004810,2026-02-05 15:19:18,GASOLINERA KM 12,Combustible,Puebla,TPV03-PUE,Sofia Salazar,sofia.salazar146@correo.mx,4742,VISA,948.77,MXN,APROBADA,BANDA,N
TRX0004811,2026-05-05 09:52:40,Cafe Aurora,Restaurante,Guadalajara,TPV04-GUA,Patricia Herrera,patricia.herrera13@correo.mx,1324,VISA,326.16,MXN,APROBADA,CONTACTLESS,N
TRX0004812,2026-06-08 09:20:53,GASOLINERA KM 12,Combustible,Puebla,TPV03-PUE,Carmen Ramirez,carmen.ramirez111@correo.mx,1829,VISA,1229.68,MXN,REVERSADA,BANDA,N
TRX0004813,2026-02-23 16:28:23,Super Nortenio,SUPER,Monterrey,TPV02-MON,Raul Zamora,raul.zamora124@correo.mx,6787,AMEX,2150.26,MXN,RECHAZADA,CONTACTLESS,N
TRX0004814,2026-03-22 06:49:16,SUPER NORTENO,Supermercado,Monterrey,TPV03-MON,Patricia Gonzalez,patricia.gonzalez127@correo.mx,4793,VISA,2635.83,MXN,REVERSADA,CONTACTLESS,N
TRX0004815,2026-02-19 17:12:13,Farmacia del Sol,FARM,Ciudad de Mexico,TPV01-CIU,Elena Rivas,elena.rivas20@correo.mx,9752,AMEX,193.74,MXN,APROBADA,CONTACTLESS,N
TRX0004816,2026-03-12 17:56:18,Farmacia del Sol ,FARM,Ciudad de Mexico,TPV02-CIU,Miguel Delgado,miguel.delgado42@correo.mx,7456,VISA,429.04,MXN,APROBADA,QR,N
TRX0004817,2026-01-13 16:51:53,CAFE AURORA,Restaurante,Guadalajara,TPV02-GUA,Sofia Rivas,sofia.rivas81@correo.mx,4001,VISA,147.57,MXN,APROBADA,MANUAL,N
TRX0004818,2026-06-11 06:38:00,SUPER NORTENO,supermercado,Monterrey,TPV01-MON,Raul Rivas,raul.rivas123@correo.mx,5837,MASTERCARD,1175.59,MXN,RECHAZADA,MANUAL,N
TRX0004819,2026-04-13 10:07:31,SUPER NORTENO,supermercado,Monterrey,TPV03-MON,Elena Vargas,elena.vargas148@correo.mx,9840,AMEX,510.73,MXN,APROBADA,MANUAL,N
TRX0004820,2026-01-19 11:45:23,FARMACIA DEL SOL,farmacia,Ciudad de Mexico,TPV03-CIU,Raul Delgado,raul.delgado142@correo.mx,4207,AMEX,563.63,MXN,APROBADA,QR,N
TRX0004821,2026-02-10 17:42:54,Super Norteno,SUPER,Monterrey,TPV03-MON,Patricia Delgado,patricia.delgado67@correo.mx,2557,MASTERCARD,756.58,MXN,APROBADA,BANDA,N
TRX0004822,2026-02-26 18:02:41,Boutique Iris,ropa,Ciudad de Mexico,TPV02-CIU,Elena Ramirez,elena.ramirez175@correo.mx,9442,MASTERCARD,5415.79,MXN,APROBADA,CHIP,N
TRX0004823,2026-03-09 21:16:12,Super Nortenio,Supermercado,Monterrey,TPV04-MON,Patricia Mendoza,patricia.mendoza107@correo.mx,8089,MASTERCARD,2511.84,MXN,APROBADA,MANUAL,N
TRX0004824,2026-05-31 20:14:54,FARMACIA DEL SOL,FARM,Ciudad de Mexico,TPV04-CIU,Lucia Delgado,lucia.delgado120@correo.mx,1162,AMEX,460.65,MXN,REVERSADA,MANUAL,N
TRX0004825,2026-05-24 14:34:38,Super Nortenio,SUPER,Monterrey,TPV03-MON,Fernando Herrera,fernando.herrera168@correo.mx,8810,VISA,2152.09,MXN,APROBADA,CHIP,N
TRX0004826,2026-02-26 11:10:28,Farmacia del Sol ,FARM,Ciudad de Mexico,TPV02-CIU,Carmen Nunez,carmen.nunez31@correo.mx,2556,AMEX,882.96,MXN,APROBADA,QR,N
TRX0004827,2026-01-30 11:56:47,FARMACIA DEL SOL,FARM,Ciudad de Mexico,TPV03-CIU,Luis Delgado,luis.delgado150@correo.mx,7838,VISA,682.96,MXN,APROBADA,MANUAL,N
TRX0004828,2026-04-04 10:32:45,SUPER NORTENO,supermercado,Monterrey,TPV04-MON,Elena Vargas,elena.vargas148@correo.mx,7654,MASTERCARD,2869.11,MXN,APROBADA,CONTACTLESS,N
TRX0004829,2026-05-23 06:23:23,Gasolinera Km 12,combustible,Puebla,TPV02-PUE,Ana Delgado,ana.delgado171@correo.mx,1786,AMEX,1000.94,MXN,REVERSADA,CHIP,N
TRX0004830,2026-04-12 17:23:00,Cafe Aurora,Restaurante,Guadalajara,TPV01-GUA,Patricia Nunez,patricia.nunez52@correo.mx,8415,VISA,437.06,MXN,APROBADA,CONTACTLESS,N
TRX0004831,2026-06-09 21:53:21,ELECTRO MAYA,Electronica,Merida,TPV04-MER,Lucia Vargas,lucia.vargas64@correo.mx,5333,VISA,7199.91,MXN,APROBADA,CONTACTLESS,N
TRX0004832,2026-06-02 08:48:29,CAFE AURORA,restaurante,Guadalajara,TPV04-GUA,Jorge Nunez,jorge.nunez121@correo.mx,3221,AMEX,110.33,MXN,RECHAZADA,CONTACTLESS,N
TRX0004833,2026-01-07 12:46:30,Gasolinera Km 12,Combustible,Puebla,TPV02-PUE,Lucia Herrera,lucia.herrera155@correo.mx,9599,MASTERCARD,1187.83,MXN,APROBADA,MANUAL,N
TRX0004834,2026-06-29 10:28:08,Gasolinera Km 12,combustible,Puebla,TPV03-PUE,Ivan Ramirez,ivan.ramirez45@correo.mx,8146,AMEX,841.33,MXN,APROBADA,MANUAL,N
TRX0004835,2026-01-16 06:17:30,Super Nortenio,Supermercado,Monterrey,TPV02-MON,Sofia Rivas,sofia.rivas81@correo.mx,4001,VISA,1019.65,MXN,RECHAZADA,MANUAL,N
TRX0004836,2026-06-13 12:44:06,Super Norteno,supermercado,Monterrey,TPV04-MON,Patricia Nunez,patricia.nunez52@correo.mx,8415,VISA,2666.67,MXN,APROBADA,BANDA,N
TRX0004837,2026-03-17 16:20:10,VIAJES ALTAMAR,Viajes,Cancun,TPV02-CAN,Miguel Herrera,miguel.herrera166@correo.mx,4697,AMEX,41249.68,MXN,APROBADA,BANDA,N
TRX0004838,2026-05-09 18:12:11,Super Norteno,Supermercado,Monterrey,TPV04-MON,Sofia Vargas,sofia.vargas19@correo.mx,1099,MASTERCARD,885.65,MXN,APROBADA,CONTACTLESS,N
TRX0004839,2026-02-01 07:00:02,SUPER NORTENO,SUPER,Monterrey,TPV02-MON,Ana Rivas,ana.rivas117@correo.mx,2975,MASTERCARD,461.52,MXN,APROBADA,QR,N
TRX0004840,2026-02-26 11:13:17,Super Nortenio,supermercado,Monterrey,TPV01-MON,Raul Gonzalez,raul.gonzalez179@correo.mx,8333,MASTERCARD,2085.74,MXN,APROBADA,CHIP,N
TRX0004841,2026-01-08 11:14:08,Boutique Iris,VESTIMENTA,Ciudad de Mexico,TPV04-CIU,Patricia Cortes,patricia.cortes160@correo.mx,4485,VISA,5377.31,MXN,RECHAZADA,CHIP,N
TRX0004842,2026-06-02 21:30:29,Boutique Iris,VESTIMENTA,Ciudad de Mexico,TPV02-CIU,Carmen Cortes,carmen.cortes76@correo.mx,7986,AMEX,5895.2,MXN,RECHAZADA,CONTACTLESS,N
TRX0004843,2026-03-11 16:31:33,Gasolinera Km 12,Combustible,Puebla,TPV04-PUE,Lucia Vargas,lucia.vargas64@correo.mx,5333,VISA,1760.4,MXN,RECHAZADA,CHIP,N
TRX0004844,2026-05-19 17:52:32,Super Norteno,Supermercado,Monterrey,TPV04-MON,Lucia Ramirez,lucia.ramirez48@correo.mx,2913,VISA,500.69,MXN,APROBADA,QR,N
TRX0004845,2026-04-18 20:11:29,VIAJES ALTAMAR,Viajes,Cancun,TPV04-CAN,Raul Cortes,raul.cortes116@correo.mx,1792,MASTERCARD,9609.87,MXN,APROBADA,CHIP,N
TRX0004846,2026-03-25 13:11:06,Farmacia del Sol,FARM,Ciudad de Mexico,TPV02-CIU,Ivan Nunez,ivan.nunez88@correo.mx,1309,MASTERCARD,157.09,MXN,APROBADA,CHIP,N
TRX0004847,2026-05-04 18:27:27,SUPER NORTENO,Supermercado,Monterrey,TPV01-MON,Sofia Delgado,sofia.delgado119@correo.mx,1778,AMEX,1266.34,MXN,APROBADA,CHIP,N
TRX0004848,2026-02-04 13:07:52,Cafe Aurora,Restaurante,Guadalajara,TPV04-GUA,Jorge Vargas,jorge.vargas86@correo.mx,5040,MASTERCARD,348.4,MXN,APROBADA,MANUAL,N
TRX0004849,2026-04-08 21:33:51,FARMACIA DEL SOL,farmacia,Ciudad de Mexico,TPV04-CIU,Ana Cortes,ana.cortes91@correo.mx,8806,AMEX,785.21,MXN,APROBADA,QR,N
TRX0004850,2026-06-25 16:06:21,Super Norteno,Supermercado,Monterrey,TPV03-MON,Lucia Delgado,lucia.delgado141@correo.mx,6423,VISA,379.65,MXN,APROBADA,CHIP,N
TRX0004851,2026-04-05 17:19:22,Super Norteno,supermercado,Monterrey,TPV01-MON,Elena Trejo,elena.trejo113@correo.mx,8853,VISA,407.37,MXN,REVERSADA,MANUAL,N
TRX0004852,2026-04-11 10:47:52,Gasolinera Km 12,combustible,Puebla,TPV02-PUE,Sofia Ramirez,sofia.ramirez84@correo.mx,8467,MASTERCARD,419.73,MXN,APROBADA,CHIP,N
TRX0004853,2026-04-28 10:59:03,CAFE AURORA,Restaurante,Guadalajara,TPV01-GUA,Jorge Mendoza,jorge.mendoza47@correo.mx,7512,AMEX,469.2,MXN,APROBADA,QR,N
TRX0004854,2026-02-06 08:40:06,Farmacia del Sol ,FARM,Ciudad de Mexico,TPV04-CIU,Jorge Nunez,jorge.nunez121@correo.mx,3221,AMEX,573.55,MXN,APROBADA,CONTACTLESS,N
TRX0004855,2026-04-30 09:02:56,FARMACIA DEL SOL,Farmacia,Ciudad de Mexico,TPV02-CIU,Raul Delgado,raul.delgado122@correo.mx,1413,VISA,791.07,MXN,APROBADA,CHIP,N
TRX0004856,2026-06-20 14:43:14,Super Nortenio,supermercado,Monterrey,TPV02-MON,Sofia Delgado,sofia.delgado119@correo.mx,1778,AMEX,2620.74,MXN,APROBADA,CHIP,N
TRX0004857,2026-01-25 18:08:51,Cafe Aurora,Restaurante,Guadalajara,TPV03-GUA,Miguel Gonzalez,miguel.gonzalez28@correo.mx,8632,VISA,357.43,MXN,APROBADA,BANDA,N
TRX0004858,2026-02-25 09:25:12,FARMACIA DEL SOL,farmacia,Ciudad de Mexico,TPV04-CIU,Miguel Delgado,miguel.delgado23@correo.mx,3807,VISA,790.24,MXN,APROBADA,BANDA,N
TRX0004859,2026-06-06 12:24:17,ELECTRO MAYA,ELECTRO,Merida,TPV03-MER,Miguel Gonzalez,miguel.gonzalez154@correo.mx,8784,AMEX,9095.71,MXN,APROBADA,QR,N
TRX0004860,2026-02-23 12:02:10,FARMACIA DEL SOL,Farmacia,Ciudad de Mexico,TPV03-CIU,Ivan Delgado,ivan.delgado59@correo.mx,3851,AMEX,514.7,MXN,REVERSADA,MANUAL,N
TRX0004861,2026-02-05 21:42:49,SUPER NORTENO,supermercado,Monterrey,TPV04-MON,Miguel Delgado,miguel.delgado42@correo.mx,7456,VISA,3363.89,MXN,RECHAZADA,MANUAL,N
TRX0004862,2026-01-10 09:54:38,Super Norteno,Supermercado,Monterrey,TPV03-MON,Luis Salazar,luis.salazar75@correo.mx,4376,MASTERCARD,3205.37,MXN,APROBADA,MANUAL,N
TRX0004863,2026-02-20 14:31:43,SUPER NORTENO,SUPER,Monterrey,TPV02-MON,Lucia Herrera,lucia.herrera11@correo.mx,1104,VISA,1665.69,MXN,APROBADA,BANDA,N
TRX0004864,2026-01-01 20:42:20,BOUTIQUE IRIS,Ropa,Ciudad de Mexico,TPV02-CIU,Miguel Nunez,miguel.nunez174@correo.mx,2390,MASTERCARD,2418.17,MXN,REVERSADA,CHIP,N
TRX0004865,2026-03-06 19:11:26,Cafe Aurora,Restaurante,Guadalajara,TPV03-GUA,Ana Vargas,ana.vargas44@correo.mx,1097,AMEX,325.95,MXN,APROBADA,QR,N
TRX0004866,2026-03-19 07:32:58,Super Norteno,SUPER,Monterrey,TPV02-MON,Luis Ramirez,luis.ramirez39@correo.mx,8712,VISA,3390.96,MXN,APROBADA,BANDA,N
TRX0004867,2026-01-30 13:32:58,CAFE AURORA,restaurante,Guadalajara,TPV04-GUA,Raul Delgado,raul.delgado122@correo.mx,1413,VISA,450.3,MXN,APROBADA,CONTACTLESS,S
TRX0004868,2026-03-01 06:11:01,Gasolinera Km 12,Combustible,Puebla,TPV03-PUE,Patricia Gonzalez,patricia.gonzalez127@correo.mx,8628,VISA,1568.02,MXN,APROBADA,MANUAL,N
TRX0004869,2026-05-27 16:45:13,CAFE AURORA,Restaurante,Guadalajara,TPV01-GUA,Sofia Delgado,sofia.delgado119@correo.mx,1778,AMEX,227.47,MXN,APROBADA,BANDA,N
TRX0004870,2026-02-20 12:11:02,Viajes Altamar,Viajes,Cancun,TPV03-CAN,Miguel Nunez,miguel.nunez82@correo.mx,8132,AMEX,23712.81,MXN,APROBADA,CHIP,N
TRX0004871,2026-06-03 20:04:32,SUPER NORTENO,SUPER,Monterrey,TPV04-MON,Lucia Gonzalez,lucia.gonzalez54@correo.mx,2892,AMEX,2454.86,MXN,APROBADA,CONTACTLESS,N
TRX0004872,2026-02-10 09:18:28,Farmacia del Sol ,Farmacia,Ciudad de Mexico,TPV01-CIU,Lucia Delgado,lucia.delgado141@correo.mx,6423,VISA,208.8,MXN,APROBADA,BANDA,N
TRX0004873,2026-06-16 06:29:23,Boutique Iris,Ropa,Ciudad de Mexico,TPV02-CIU,Fernando Rivas,fernando.rivas133@correo.mx,1834,VISA,5778.02,MXN,APROBADA,CONTACTLESS,N
TRX0004874,2026-02-18 17:48:03,Super Norteno,supermercado,Monterrey,TPV04-MON,Elena Trejo,elena.trejo113@correo.mx,8853,VISA,813.87,MXN,APROBADA,CHIP,N
TRX0004875,2026-03-22 09:51:23,Boutique  Iris,VESTIMENTA,Ciudad de Mexico,TPV02-CIU,Luis Ramirez,luis.ramirez39@correo.mx,8712,VISA,5079.63,MXN,APROBADA,CHIP,N
TRX0004876,2026-02-05 16:37:29,Farmacia del Sol,farmacia,Ciudad de Mexico,TPV03-CIU,Fernando Mendoza,fernando.mendoza57@correo.mx,8388,AMEX,544.34,MXN,APROBADA,CONTACTLESS,N
TRX0004877,2026-04-02 11:32:01,Super Norteno,Supermercado,Monterrey,TPV02-MON,Lucia Vargas,lucia.vargas7@correo.mx,4691,AMEX,2409.43,MXN,APROBADA,QR,N
TRX0004878,2026-05-11 11:20:10,Cafe Aurora,restaurante,Guadalajara,TPV03-GUA,Luis Gonzalez,luis.gonzalez18@correo.mx,8351,VISA,375.95,MXN,APROBADA,CHIP,N
TRX0004879,2026-04-12 14:14:33,Super Nortenio,SUPER,Monterrey,TPV01-MON,Jorge Herrera,jorge.herrera46@correo.mx,2925,AMEX,2906.55,MXN,APROBADA,CONTACTLESS,N
TRX0004880,2026-06-17 08:05:14,Gasolinera Km 12,combustible,Puebla,TPV04-PUE,Rocio Zamora,rocio.zamora85@correo.mx,2544,AMEX,1359.69,MXN,APROBADA,CHIP,N
TRX0004881,2026-03-08 10:42:02,Super Nortenio,SUPER,Monterrey,TPV04-MON,Ana Zamora,ana.zamora72@correo.mx,8476,VISA,330.01,MXN,APROBADA,CHIP,N
TRX0004882,2026-04-22 15:08:40,VIAJES ALTAMAR,viajes,Cancun,TPV03-CAN,Jorge Gonzalez,jorge.gonzalez138@correo.mx,4950,AMEX,28881.82,MXN,APROBADA,CHIP,N
TRX0004883,2026-05-27 14:05:33,Farmacia del Sol,Farmacia,Ciudad de Mexico,TPV01-CIU,Fernando Herrera,fernando.herrera177@correo.mx,7418,VISA,235.15,MXN,RECHAZADA,QR,N
TRX0004884,2026-06-17 15:55:08,Viajes Altamar,viajes,Cancun,TPV04-CAN,Hector Delgado,hector.delgado137@correo.mx,3321,AMEX,36993.32,MXN,REVERSADA,BANDA,N
TRX0004885,2026-04-29 09:32:21,Super Nortenio,SUPER,Monterrey,TPV03-MON,Rocio Cortes,rocio.cortes103@correo.mx,8270,VISA,1180.39,MXN,REVERSADA,QR,N
TRX0004886,2026-04-09 06:28:26,VIAJES ALTAMAR,viajes,Cancun,TPV04-CAN,Fernando Salazar,fernando.salazar63@correo.mx,5089,MASTERCARD,27944.77,MXN,APROBADA,MANUAL,N
TRX0004887,2026-04-28 21:46:44,SUPER NORTENO,Supermercado,Monterrey,TPV01-MON,Patricia Ramirez,patricia.ramirez130@correo.mx,8241,AMEX,931.65,MXN,APROBADA,MANUAL,N
TRX0004888,2026-05-05 10:53:28,BOUTIQUE IRIS,Ropa,Ciudad de Mexico,TPV03-CIU,Elena Trejo,elena.trejo113@correo.mx,8853,VISA,4495.64,MXN,APROBADA,MANUAL,N
TRX0004889,2026-03-02 06:26:31,BOUTIQUE IRIS,VESTIMENTA,Ciudad de Mexico,TPV03-CIU,Jorge Delgado,jorge.delgado66@correo.mx,7754,VISA,4593.16,MXN,APROBADA,MANUAL,N
TRX0004890,2026-01-23 15:01:25,Super Nortenio,supermercado,Monterrey,TPV04-MON,Ivan Gonzalez,ivan.gonzalez41@correo.mx,2888,AMEX,2076.27,MXN,REVERSADA,CHIP,N
TRX0004891,2026-04-13 13:02:05,Gasolinera Km 12,Combustible,Puebla,TPV02-PUE,Hector Nunez,hector.nunez38@correo.mx,3109,AMEX,1310.21,MXN,APROBADA,MANUAL,N
TRX0004892,2026-03-10 17:01:06,BOUTIQUE IRIS,ropa,Ciudad de Mexico,TPV01-CIU,Jorge Herrera,jorge.herrera46@correo.mx,2925,AMEX,3761.81,MXN,APROBADA,CONTACTLESS,S
TRX0004893,2026-04-21 11:17:16,Farmacia del Sol ,Farmacia,Ciudad de Mexico,TPV04-CIU,Patricia Herrera,patricia.herrera3@correo.mx,4061,VISA,274.26,MXN,APROBADA,CONTACTLESS,N
TRX0004894,2026-02-04 16:02:36,CAFE AURORA,restaurante,Guadalajara,TPV04-GUA,Patricia Cortes,patricia.cortes160@correo.mx,4485,VISA,411.96,MXN,APROBADA,BANDA,N
TRX0004895,2026-04-06 20:17:40,Farmacia del Sol,FARM,Ciudad de Mexico,TPV01-CIU,Lucia Gonzalez,lucia.gonzalez54@correo.mx,2892,AMEX,233.59,MXN,APROBADA,BANDA,N
TRX0004896,2026-06-25 10:00:39,Boutique Iris,ropa,Ciudad de Mexico,TPV04-CIU,Hector Nunez,hector.nunez38@correo.mx,3109,AMEX,689.93,MXN,APROBADA,BANDA,N
TRX0004897,2026-01-17 11:19:38,Super Nortenio,SUPER,Monterrey,TPV03-MON,Miguel Delgado,miguel.delgado23@correo.mx,3807,VISA,802.81,MXN,APROBADA,CHIP,N
TRX0004898,2026-04-27 12:46:06,ELECTRO MAYA,ELECTRO,Merida,TPV01-MER,Rocio Nunez,rocio.nunez173@correo.mx,4285,MASTERCARD,4841.3,MXN,REVERSADA,QR,N
TRX0004899,2026-06-15 16:43:47,BOUTIQUE IRIS,ropa,Ciudad de Mexico,TPV03-CIU,Raul Zamora,raul.zamora124@correo.mx,6787,AMEX,5553.36,MXN,APROBADA,QR,N
TRX0004900,2026-05-04 13:40:37,Electro Maya,ELECTRO,Merida,TPV01-MER,Raul Gonzalez,raul.gonzalez179@correo.mx,8333,MASTERCARD,22947.43,MXN,APROBADA,BANDA,N
TRX0004901,2026-01-25 08:52:33,Super Norteno,supermercado,Monterrey,TPV03-MON,Patricia Salazar,patricia.salazar69@correo.mx,4268,MASTERCARD,1828.49,MXN,APROBADA,MANUAL,N
TRX0004902,2026-02-10 20:50:52,ELECTRO MAYA,electronica,Merida,TPV01-MER,Miguel Nunez,miguel.nunez82@correo.mx,8132,AMEX,2368.02,MXN,RECHAZADA,CHIP,N
TRX0004903,2026-05-25 19:48:41,Farmacia del Sol ,FARM,Ciudad de Mexico,TPV03-CIU,Ivan Delgado,ivan.delgado59@correo.mx,3851,AMEX,384.57,MXN,APROBADA,BANDA,N
TRX0004904,2026-02-02 07:40:30,Boutique Iris,Ropa,Ciudad de Mexico,TPV01-CIU,Elena Cortes,elena.cortes68@correo.mx,5599,AMEX,1247.84,MXN,APROBADA,MANUAL,N
TRX0004905,2026-04-05 12:29:32,SUPER NORTENO,Supermercado,Monterrey,TPV03-MON,Hector Herrera,hector.herrera79@correo.mx,6221,MASTERCARD,1084.47,MXN,APROBADA,MANUAL,N
TRX0004906,2026-02-07 17:09:38,BOUTIQUE IRIS,ropa,Ciudad de Mexico,TPV02-CIU,Carmen Cortes,carmen.cortes76@correo.mx,7986,AMEX,4299.79,MXN,REVERSADA,BANDA,N
TRX0004907,2026-06-16 13:15:36,SUPER NORTENO,Supermercado,Monterrey,TPV03-MON,Patricia Delgado,patricia.delgado167@correo.mx,8972,VISA,3446.29,MXN,APROBADA,MANUAL,N
TRX0004908,2026-04-29 09:40:40,SUPER NORTENO,supermercado,Monterrey,TPV02-MON,Raul Vargas,raul.vargas135@correo.mx,8290,AMEX,337.82,MXN,APROBADA,CONTACTLESS,N
TRX0004909,2026-03-26 14:06:43,SUPER NORTENO,SUPER,Monterrey,TPV04-MON,Hector Delgado,hector.delgado49@correo.mx,4702,VISA,1460.12,MXN,APROBADA,CONTACTLESS,N
TRX0004910,2026-06-25 08:33:40,Farmacia del Sol ,Farmacia,Ciudad de Mexico,TPV03-CIU,Hector Trejo,hector.trejo101@correo.mx,6533,MASTERCARD,650.62,MXN,APROBADA,BANDA,N
TRX0004911,2026-04-20 20:59:00,SUPER NORTENO,supermercado,Monterrey,TPV02-MON,Patricia Rivas,patricia.rivas157@correo.mx,8006,VISA,1246.48,MXN,APROBADA,MANUAL,N
TRX0004912,2026-02-06 06:26:41,ELECTRO MAYA,Electronica,Merida,TPV03-MER,Lucia Delgado,lucia.delgado141@correo.mx,6423,VISA,11875.65,MXN,RECHAZADA,QR,N
TRX0004913,2026-05-03 17:59:35,Cafe Aurora,Restaurante,Guadalajara,TPV02-GUA,Elena Vargas,elena.vargas89@correo.mx,5689,VISA,437.58,MXN,APROBADA,QR,N
TRX0004914,2026-01-07 19:01:10,Viajes Altamar,viajes,Cancun,TPV04-CAN,Elena Ramirez,elena.ramirez144@correo.mx,3433,VISA,42077.63,MXN,APROBADA,QR,N
TRX0004915,2026-04-19 09:00:48,FARMACIA DEL SOL,Farmacia,Ciudad de Mexico,TPV04-CIU,Elena Ramirez,elena.ramirez8@correo.mx,3648,MASTERCARD,386.6,MXN,APROBADA,MANUAL,N
TRX0004916,2026-02-25 19:58:33,BOUTIQUE IRIS,VESTIMENTA,Ciudad de Mexico,TPV04-CIU,Lucia Delgado,lucia.delgado141@correo.mx,6423,VISA,1658.77,MXN,APROBADA,BANDA,N
TRX0004917,2026-03-12 11:59:13,FARMACIA DEL SOL,Farmacia,Ciudad de Mexico,TPV02-CIU,Lucia Vargas,lucia.vargas7@correo.mx,4691,AMEX,718.65,MXN,APROBADA,CONTACTLESS,N
TRX0004918,2026-03-31 11:43:51,Farmacia del Sol ,Farmacia,Ciudad de Mexico,TPV04-CIU,Lucia Ramirez,lucia.ramirez48@correo.mx,2913,VISA,856.63,MXN,RECHAZADA,BANDA,N
TRX0004919,2026-02-04 13:18:01,SUPER NORTENO,supermercado,Monterrey,TPV04-MON,Ana Vargas,ana.vargas44@correo.mx,1097,AMEX,1506.82,MXN,APROBADA,QR,N
TRX0004920,2026-05-23 20:33:49,Super Norteno,SUPER,Monterrey,TPV04-MON,Jorge Nunez,jorge.nunez121@correo.mx,3221,AMEX,2663.44,MXN,RECHAZADA,MANUAL,N
TRX0004921,2026-03-19 16:05:14,Farmacia del Sol ,farmacia,Ciudad de Mexico,TPV02-CIU,Patricia Herrera,patricia.herrera3@correo.mx,4061,VISA,692.36,MXN,APROBADA,CHIP,N
TRX0004922,2026-06-19 10:17:35,Boutique Iris,ropa,Ciudad de Mexico,TPV04-CIU,Fernando Mendoza,fernando.mendoza109@correo.mx,1447,AMEX,1399.45,MXN,APROBADA,CONTACTLESS,N
TRX0004923,2026-06-27 13:37:40,Super Nortenio,Supermercado,Monterrey,TPV04-MON,Ivan Trejo,ivan.trejo180@correo.mx,8045,MASTERCARD,975.77,MXN,APROBADA,BANDA,N
TRX0004924,2026-01-30 19:50:06,CAFE AURORA,Restaurante,Guadalajara,TPV01-GUA,Ana Salazar,ana.salazar102@correo.mx,3316,AMEX,478.72,MXN,APROBADA,CHIP,N
TRX0004925,2026-01-14 11:09:48,BOUTIQUE IRIS,VESTIMENTA,Ciudad de Mexico,TPV03-CIU,Miguel Delgado,miguel.delgado23@correo.mx,3807,VISA,4212.7,MXN,APROBADA,CONTACTLESS,N
TRX0004926,2026-04-23 18:14:41,Cafe Aurora,restaurante,Guadalajara,TPV01-GUA,Elena Ramirez,elena.ramirez8@correo.mx,3648,MASTERCARD,362.7,MXN,APROBADA,MANUAL,N
TRX0004927,2026-05-16 14:33:54,Super Norteno,supermercado,Monterrey,TPV02-MON,Ana Vargas,ana.vargas44@correo.mx,1097,AMEX,1150.37,MXN,APROBADA,CHIP,N
TRX0004928,2026-02-05 10:50:51,Super Norteno,SUPER,Monterrey,TPV04-MON,Jorge Herrera,jorge.herrera112@correo.mx,5612,MASTERCARD,1261.29,MXN,APROBADA,MANUAL,N
TRX0004929,2026-03-01 18:49:02,CAFE AURORA,restaurante,Guadalajara,TPV02-GUA,Lucia Zamora,lucia.zamora108@correo.mx,3262,MASTERCARD,319.26,MXN,APROBADA,MANUAL,N
TRX0004930,2026-05-18 08:24:48,Boutique Iris,Ropa,Ciudad de Mexico,TPV03-CIU,Patricia Salazar,patricia.salazar69@correo.mx,4268,MASTERCARD,2388.79,MXN,APROBADA,BANDA,N
TRX0004931,2026-03-11 14:19:36,Boutique  Iris,ropa,Ciudad de Mexico,TPV04-CIU,Raul Vargas,raul.vargas135@correo.mx,8290,AMEX,3958.73,MXN,APROBADA,CONTACTLESS,N
TRX0004932,2026-02-17 20:57:20,FARMACIA DEL SOL,farmacia,Ciudad de Mexico,TPV01-CIU,Elena Ramirez,elena.ramirez8@correo.mx,3648,MASTERCARD,233.7,MXN,APROBADA,MANUAL,N
TRX0004933,2026-04-22 11:06:12,Cafe Aurora,Restaurante,Guadalajara,TPV02-GUA,Elena Ramirez,elena.ramirez61@correo.mx,8246,AMEX,283.68,MXN,APROBADA,CHIP,N
TRX0004934,2026-02-01 09:45:19,Super Norteno,supermercado,Monterrey,TPV04-MON,Ana Rivas,ana.rivas117@correo.mx,2975,MASTERCARD,2839.66,MXN,RECHAZADA,CONTACTLESS,N
TRX0004935,2026-03-08 09:47:22,FARMACIA DEL SOL,FARM,Ciudad de Mexico,TPV03-CIU,Carmen Ramirez,carmen.ramirez111@correo.mx,1829,VISA,192.72,MXN,APROBADA,QR,N
TRX0004936,2026-06-23 17:06:25,Farmacia del Sol ,farmacia,Ciudad de Mexico,TPV01-CIU,Fernando Mendoza,fernando.mendoza109@correo.mx,1447,AMEX,898.36,MXN,APROBADA,MANUAL,N
TRX0004937,2026-03-31 09:41:28,Gasolinera Km 12,Combustible,Puebla,TPV02-PUE,Patricia Rivas,patricia.rivas157@correo.mx,8006,VISA,1629.66,MXN,APROBADA,MANUAL,N
TRX0004938,2026-06-20 20:45:21,Farmacia del Sol ,farmacia,Ciudad de Mexico,TPV04-CIU,Hector Delgado,hector.delgado49@correo.mx,4702,VISA,395.57,MXN,APROBADA,BANDA,N
TRX0004939,2026-03-12 15:05:46,Super Nortenio,supermercado,Monterrey,TPV04-MON,Fernando Vargas,fernando.vargas65@correo.mx,7747,MASTERCARD,2969.27,MXN,APROBADA,CHIP,N
TRX0004940,2026-05-30 13:58:38,GASOLINERA KM 12,Combustible,Puebla,TPV04-PUE,Hector Nunez,hector.nunez38@correo.mx,3109,AMEX,1239.81,MXN,APROBADA,CHIP,N
TRX0004941,2026-03-02 10:15:34,Super Nortenio,SUPER,Monterrey,TPV04-MON,Lucia Trejo,lucia.trejo32@correo.mx,8092,VISA,2078.09,MXN,APROBADA,MANUAL,N
TRX0004942,2026-01-28 11:11:18,VIAJES ALTAMAR,viajes,Cancun,TPV01-CAN,Miguel Gonzalez,miguel.gonzalez172@correo.mx,9785,AMEX,10442.86,MXN,APROBADA,CHIP,N
TRX0004943,2026-03-19 17:03:21,Farmacia del Sol,FARM,Ciudad de Mexico,TPV04-CIU,Rocio Nunez,rocio.nunez173@correo.mx,4285,MASTERCARD,358.08,MXN,APROBADA,MANUAL,N
TRX0004944,2026-04-08 08:30:17,Farmacia del Sol ,Farmacia,Ciudad de Mexico,TPV01-CIU,Rocio Herrera,rocio.herrera165@correo.mx,6020,VISA,140.84,MXN,APROBADA,QR,N
TRX0004945,2026-02-26 16:38:23,Super Nortenio,supermercado,Monterrey,TPV02-MON,Teresa Mendoza,teresa.mendoza159@correo.mx,6739,VISA,3218.19,MXN,APROBADA,CHIP,N
TRX0004946,2026-05-17 12:58:23,Farmacia del Sol ,farmacia,Ciudad de Mexico,TPV04-CIU,Miguel Gonzalez,miguel.gonzalez172@correo.mx,9785,AMEX,660.65,MXN,APROBADA,MANUAL,N
TRX0004947,2026-03-18 10:22:48,CAFE AURORA,Restaurante,Guadalajara,TPV03-GUA,Miguel Nunez,miguel.nunez174@correo.mx,2390,MASTERCARD,190.13,MXN,APROBADA,CONTACTLESS,N
TRX0004948,2026-06-22 11:16:34,Electro Maya,Electronica,Merida,TPV04-MER,Fernando Mendoza,fernando.mendoza109@correo.mx,1447,AMEX,18375.8,MXN,APROBADA,MANUAL,S
TRX0004949,2026-06-28 12:27:07,Cafe Aurora,Restaurante,Guadalajara,TPV04-GUA,Carmen Mendoza,carmen.mendoza95@correo.mx,6566,AMEX,328.44,MXN,APROBADA,CONTACTLESS,N
TRX0004950,2026-04-20 17:39:29,Boutique Iris,VESTIMENTA,Ciudad de Mexico,TPV02-CIU,Ana Salazar,ana.salazar158@correo.mx,2274,MASTERCARD,684.71,MXN,APROBADA,BANDA,N
TRX0004951,2026-01-06 16:13:35,Farmacia del Sol,Farmacia,Ciudad de Mexico,TPV03-CIU,Elena Zamora,elena.zamora151@correo.mx,7344,AMEX,281.88,MXN,REVERSADA,CHIP,N
TRX0004952,2026-05-30 11:36:48,Cafe Aurora,Restaurante,Guadalajara,TPV02-GUA,Patricia Gonzalez,patricia.gonzalez127@correo.mx,8628,VISA,465.46,MXN,APROBADA,CONTACTLESS,N
TRX0004953,2026-01-18 18:09:31,Cafe Aurora,Restaurante,Guadalajara,TPV01-GUA,Elena Ramirez,elena.ramirez144@correo.mx,8187,MASTERCARD,365.71,MXN,APROBADA,BANDA,N
TRX0004954,2026-06-11 21:27:02,FARMACIA DEL SOL,farmacia,Ciudad de Mexico,TPV03-CIU,Lucia Ramirez,lucia.ramirez152@correo.mx,6278,MASTERCARD,818.41,MXN,APROBADA,CHIP,N
TRX0004955,2026-01-22 16:35:41,Farmacia del Sol ,Farmacia,Ciudad de Mexico,TPV04-CIU,Elena Ramirez,elena.ramirez8@correo.mx,3648,MASTERCARD,236.81,MXN,APROBADA,QR,N
TRX0004956,2026-02-27 08:36:26,Cafe Aurora,Restaurante,Guadalajara,TPV04-GUA,Fernando Rivas,fernando.rivas133@correo.mx,6714,MASTERCARD,93.73,MXN,APROBADA,CHIP,N
TRX0004957,2026-05-14 15:33:16,Cafe Aurora,Restaurante,Guadalajara,TPV01-GUA,Jorge Mendoza,jorge.mendoza47@correo.mx,6756,AMEX,169.26,MXN,APROBADA,BANDA,N
TRX0004958,2026-04-18 10:52:06,Super Nortenio,supermercado,Monterrey,TPV01-MON,Teresa Herrera,teresa.herrera35@correo.mx,4201,VISA,3086.87,MXN,APROBADA,CONTACTLESS,N
TRX0004959,2026-03-09 19:06:58,CAFE AURORA,restaurante,Guadalajara,TPV02-GUA,Carmen Gonzalez,carmen.gonzalez129@correo.mx,1346,MASTERCARD,364.24,MXN,APROBADA,CONTACTLESS,N
TRX0004960,2026-05-31 21:14:37,Super Norteno,Supermercado,Monterrey,TPV03-MON,Ana Zamora,ana.zamora72@correo.mx,8476,VISA,2790.18,MXN,RECHAZADA,MANUAL,N
TRX0004961,2026-06-07 20:52:31,Cafe Aurora,restaurante,Guadalajara,TPV03-GUA,Lucia Vargas,lucia.vargas7@correo.mx,4691,AMEX,235.84,MXN,APROBADA,QR,N
TRX0004962,2026-01-05 15:29:35,CAFE AURORA,Restaurante,Guadalajara,TPV01-GUA,Raul Vargas,raul.vargas37@correo.mx,5573,AMEX,337.01,MXN,APROBADA,CHIP,N
TRX0004963,2026-03-17 12:37:30,Super Norteno,supermercado,Monterrey,TPV04-MON,Ivan Nunez,ivan.nunez88@correo.mx,1309,MASTERCARD,523.68,MXN,RECHAZADA,CHIP,N
TRX0004964,2026-01-31 09:59:29,GASOLINERA KM 12,Combustible,Puebla,TPV01-PUE,Ivan Gonzalez,ivan.gonzalez163@correo.mx,9280,MASTERCARD,1177.17,MXN,APROBADA,BANDA,N
TRX0004965,2026-02-25 12:35:16,Gasolinera Km 12,Combustible,Puebla,TPV04-PUE,Raul Delgado,raul.delgado142@correo.mx,4207,AMEX,1246.65,MXN,APROBADA,CONTACTLESS,N
TRX0004966,2026-04-27 17:55:09,CAFE AURORA,restaurante,Guadalajara,TPV01-GUA,Elena Vargas,elena.vargas89@correo.mx,5689,VISA,462.52,MXN,APROBADA,MANUAL,N
TRX0004967,2026-01-15 10:47:19,SUPER NORTENO,supermercado,Monterrey,TPV03-MON,Luis Delgado,luis.delgado150@correo.mx,7838,VISA,3029.7,MXN,APROBADA,QR,N
TRX0004968,2026-03-03 18:30:40,GASOLINERA KM 12,combustible,Puebla,TPV04-PUE,Hector Nunez,hector.nunez38@correo.mx,3109,AMEX,1363.38,MXN,APROBADA,BANDA,N
TRX0004969,2026-03-08 11:53:57,BOUTIQUE IRIS,Ropa,Ciudad de Mexico,TPV04-CIU,Ivan Gonzalez,ivan.gonzalez41@correo.mx,2888,AMEX,2592.51,MXN,APROBADA,BANDA,N
TRX0004970,2026-05-26 16:30:44,Farmacia del Sol,Farmacia,Ciudad de Mexico,TPV03-CIU,Patricia Vargas,patricia.vargas26@correo.mx,4933,VISA,198.34,MXN,REVERSADA,BANDA,N
TRX0004971,2026-02-27 09:12:52,Super Norteno,Supermercado,Monterrey,TPV02-MON,Lucia Zamora,lucia.zamora108@correo.mx,3262,MASTERCARD,2901.78,MXN,APROBADA,MANUAL,N
TRX0004972,2026-03-31 16:51:46,BOUTIQUE IRIS,Ropa,Ciudad de Mexico,TPV01-CIU,Luis Zamora,luis.zamora9@correo.mx,1462,AMEX,3909.13,MXN,APROBADA,QR,N
TRX0004973,2026-01-01 19:18:09,Electro Maya,Electronica,Merida,TPV01-MER,Hector Mendoza,hector.mendoza71@correo.mx,6093,VISA,11944.56,MXN,APROBADA,CONTACTLESS,N
TRX0004974,2026-05-22 13:23:27,Farmacia del Sol ,FARM,Ciudad de Mexico,TPV04-CIU,Rocio Zamora,rocio.zamora104@correo.mx,6783,MASTERCARD,783.72,MXN,APROBADA,CHIP,N
TRX0004975,2026-01-05 06:39:59,GASOLINERA KM 12,Combustible,Puebla,TPV02-PUE,Rocio Nunez,rocio.nunez173@correo.mx,4285,MASTERCARD,1454.46,MXN,APROBADA,BANDA,N
TRX0004976,2026-01-14 20:44:24,Electro Maya,electronica,Merida,TPV04-MER,Patricia Delgado,patricia.delgado67@correo.mx,9262,AMEX,2481.68,MXN,REVERSADA,CHIP,N
TRX0004977,2026-02-16 21:07:31,FARMACIA DEL SOL,farmacia,Ciudad de Mexico,TPV02-CIU,Jorge Nunez,jorge.nunez29@correo.mx,5067,AMEX,419.96,MXN,APROBADA,QR,N
TRX0004978,2026-05-10 07:48:16,CAFE AURORA,Restaurante,Guadalajara,TPV01-GUA,Miguel Nunez,miguel.nunez174@correo.mx,2390,MASTERCARD,132.99,MXN,RECHAZADA,CHIP,N
TRX0004979,2026-01-18 08:02:28,CAFE AURORA,restaurante,Guadalajara,TPV01-GUA,Patricia Herrera,patricia.herrera3@correo.mx,4061,VISA,237.45,MXN,APROBADA,CHIP,N
TRX0004980,2026-02-06 09:47:45,Farmacia del Sol,Farmacia,Ciudad de Mexico,TPV02-CIU,Jorge Nunez,jorge.nunez121@correo.mx,1683,AMEX,736.84,MXN,APROBADA,CONTACTLESS,N
TRX0004981,2026-06-01 19:55:41,ELECTRO MAYA,electronica,Merida,TPV03-MER,Lucia Herrera,lucia.herrera11@correo.mx,1104,VISA,6779.91,MXN,APROBADA,CONTACTLESS,N
TRX0004982,2026-03-10 09:35:36,Boutique Iris,ropa,Ciudad de Mexico,TPV04-CIU,Raul Rivas,raul.rivas123@correo.mx,5837,MASTERCARD,2606.21,MXN,APROBADA,BANDA,N
TRX0004983,2026-01-25 09:44:53,BOUTIQUE IRIS,ropa,Ciudad de Mexico,TPV01-CIU,Rocio Rivas,rocio.rivas87@correo.mx,7957,VISA,4949.26,MXN,APROBADA,CHIP,N
TRX0004984,2026-01-24 08:59:51,GASOLINERA KM 12,Combustible,Puebla,TPV04-PUE,Carmen Gonzalez,carmen.gonzalez129@correo.mx,1346,MASTERCARD,1155.44,MXN,APROBADA,BANDA,N
TRX0004985,2026-03-31 15:21:56,Super Nortenio,SUPER,Monterrey,TPV04-MON,Lucia Vargas,lucia.vargas7@correo.mx,3320,MASTERCARD,732.14,MXN,APROBADA,MANUAL,N
TRX0004986,2026-01-12 21:36:15,Boutique  Iris,VESTIMENTA,Ciudad de Mexico,TPV02-CIU,Lucia Delgado,lucia.delgado141@correo.mx,6423,VISA,1244.31,MXN,APROBADA,BANDA,N
TRX0004987,2026-03-11 21:43:44,Farmacia del Sol,Farmacia,Ciudad de Mexico,TPV04-CIU,Elena Trejo,elena.trejo113@correo.mx,4568,MASTERCARD,255.66,MXN,APROBADA,CONTACTLESS,N
TRX0004988,2026-04-18 09:44:30,Cafe Aurora,Restaurante,Guadalajara,TPV02-GUA,Lucia Delgado,lucia.delgado120@correo.mx,1162,AMEX,451.78,MXN,APROBADA,CHIP,N
TRX0004989,2026-02-18 18:23:43,SUPER NORTENO,SUPER,Monterrey,TPV02-MON,Jorge Vargas,jorge.vargas86@correo.mx,5040,MASTERCARD,2359.24,MXN,APROBADA,MANUAL,N
TRX0004990,2026-02-19 09:18:25,CAFE AURORA,Restaurante,Guadalajara,TPV01-GUA,Rocio Salazar,rocio.salazar15@correo.mx,4224,MASTERCARD,263.03,MXN,APROBADA,QR,N
TRX0004991,2026-04-25 15:53:51,SUPER NORTENO,SUPER,Monterrey,TPV04-MON,Jorge Rivas,jorge.rivas128@correo.mx,7387,MASTERCARD,2215.12,MXN,APROBADA,CONTACTLESS,N
TRX0004992,2026-01-15 08:45:27,Boutique  Iris,Ropa,Ciudad de Mexico,TPV01-CIU,Rocio Zamora,rocio.zamora85@correo.mx,2544,AMEX,1393.42,MXN,APROBADA,BANDA,N
TRX0004993,2026-04-15 06:33:46,GASOLINERA KM 12,Combustible,Puebla,TPV03-PUE,Elena Ramirez,elena.ramirez4@correo.mx,8580,VISA,374.07,MXN,RECHAZADA,CONTACTLESS,N
TRX0004994,2026-05-18 15:47:42,Farmacia del Sol,Farmacia,Ciudad de Mexico,TPV01-CIU,Ana Nunez,ana.nunez17@correo.mx,9063,VISA,413.54,MXN,APROBADA,CONTACTLESS,N
TRX0004995,2026-01-25 09:02:13,Cafe Aurora,restaurante,Guadalajara,TPV04-GUA,Luis Zamora,luis.zamora9@correo.mx,1462,AMEX,248.84,MXN,RECHAZADA,BANDA,N
TRX0004996,2026-06-02 13:44:11,Farmacia del Sol,farmacia,Ciudad de Mexico,TPV04-CIU,Fernando Cortes,fernando.cortes170@correo.mx,6842,AMEX,475.25,MXN,APROBADA,QR,N
TRX0004997,2026-02-04 17:19:47,Farmacia del Sol ,Farmacia,Ciudad de Mexico,TPV01-CIU,Luis Gonzalez,luis.gonzalez18@correo.mx,5494,VISA,698.48,MXN,APROBADA,CHIP,N
TRX0004998,2026-01-13 17:34:05,FARMACIA DEL SOL,Farmacia,Ciudad de Mexico,TPV01-CIU,Rocio Herrera,rocio.herrera165@correo.mx,6020,VISA,431.04,MXN,APROBADA,QR,N
TRX0004999,2026-03-01 07:55:57,Cafe Aurora,restaurante,Guadalajara,TPV04-GUA,Hector Mendoza,hector.mendoza71@correo.mx,6093,VISA,430.29,MXN,RECHAZADA,BANDA,N
TRX0005000,2026-04-22 18:39:40,Super Norteno,Supermercado,Monterrey,TPV02-MON,Lucia Gonzalez,lucia.gonzalez54@correo.mx,2892,AMEX,1435.84,MXN,APROBADA,BANDA,N
